-- phpMyAdmin SQL Dump
-- version 5.2.1
-- https://www.phpmyadmin.net/
--
-- Servidor: 127.0.0.1
-- Tiempo de generación: 10-11-2024 a las 14:53:37
-- Versión del servidor: 10.4.32-MariaDB
-- Versión de PHP: 8.1.25

SET SQL_MODE = "NO_AUTO_VALUE_ON_ZERO";
START TRANSACTION;
SET time_zone = "+00:00";


/*!40101 SET @OLD_CHARACTER_SET_CLIENT=@@CHARACTER_SET_CLIENT */;
/*!40101 SET @OLD_CHARACTER_SET_RESULTS=@@CHARACTER_SET_RESULTS */;
/*!40101 SET @OLD_COLLATION_CONNECTION=@@COLLATION_CONNECTION */;
/*!40101 SET NAMES utf8mb4 */;

--
-- Base de datos: `colegion_1`
--

DELIMITER $$
--
-- Procedimientos
--
CREATE DEFINER=`root`@`localhost` PROCEDURE `sp_calcular_promedio_anual` (IN `IdPeriodoLectivo` INT, IN `IdAsignatura` INT, IN `IdParalelo` INT)   BEGIN
    DECLARE done INT DEFAULT 0;
    DECLARE promedio_anual FLOAT;
    DECLARE IdEstudiante INT;
    
    DECLARE cEstudiantes CURSOR FOR
    SELECT id_estudiante
      FROM sw_estudiante_periodo_lectivo
     WHERE id_paralelo = IdParalelo
       AND activo = 1;
    
    DECLARE CONTINUE HANDLER FOR SQLSTATE '02000' SET done = 1;
    
    OPEN cEstudiantes;
    
    Lazo: LOOP
    	FETCH cEstudiantes INTO IdEstudiante;
        IF done THEN
        	CLOSE cEstudiantes;
            LEAVE Lazo;
        END IF;
        
        SET promedio_anual = (SELECT calcular_promedio_anual(
            				  IdPeriodoLectivo, IdEstudiante,
            				  IdParalelo, IdAsignatura));
                                
        IF (EXISTS (SELECT * FROM sw_promedio_anual
                    WHERE id_paralelo = IdParalelo
                    AND id_asignatura = IdAsignatura 
                    AND id_estudiante = IdEstudiante
                    AND id_periodo_lectivo = IdPeriodoLectivo)) 
                    THEN
        	UPDATE sw_promedios_anualues
            SET promedio_anual = promedio_anual
            WHERE id_paralelo = IdParalelo
            AND id_asignatura = IdAsignatura 
            AND id_estudiante = IdEstudiante
            AND id_periodo_lectivo = IdPeriodoLectivo;
        ELSE
        	INSERT INTO sw_promedio_anual
            SET id_paralelo = IdParalelo,
            	id_estudiante = IdEstudiante,
            	id_asignatura = IdAsignatura,
                id_periodo_lectivo = IdPeriodoLectivo,
                promedio_anual = promedio_anual;
        END IF;
    END LOOP Lazo;
END$$

CREATE DEFINER=`root`@`localhost` PROCEDURE `sp_crear_periodos_evaluacion_cursos` (IN `IdPeriodoLectivo` INT)   BEGIN
  DECLARE cursos_done INT DEFAULT 0; 
  DECLARE IdCurso INT;
  DECLARE IdPeriodoEvaluacion INT;
  DECLARE Ponderacion FLOAT;

  DECLARE cCursos CURSOR FOR
   SELECT id_curso
     FROM sw_curso c, 
          sw_especialidad e, 
          sw_tipo_educacion t
    WHERE c.id_especialidad = e.id_especialidad 
      AND e.id_tipo_educacion = t.id_tipo_educacion  
      AND t.id_periodo_lectivo = IdPeriodoLectivo;

  DECLARE CONTINUE HANDLER FOR SQLSTATE '02000' SET cursos_done = 1;
  OPEN cCursos;

  outer_loop: LOOP
    
    FETCH FROM cCursos INTO IdCurso;

    IF cursos_done THEN
        CLOSE cCursos;
        LEAVE outer_loop;
    END IF;

    INNER_BLOCK: BEGIN
      DECLARE periodos_done INT DEFAULT 0;
      DECLARE cPeriodosEvaluacion CURSOR FOR
       SELECT p.id_periodo_evaluacion
         FROM sw_periodo_evaluacion p,
              sw_periodo_lectivo pl
        WHERE p.id_periodo_lectivo = pl.id_periodo_lectivo
          AND p.id_periodo_lectivo = IdPeriodoLectivo;

      DECLARE CONTINUE HANDLER FOR SQLSTATE '02000' SET periodos_done = 1;
      OPEN cPeriodosEvaluacion;

      inner_loop: LOOP
        FETCH FROM cPeriodosEvaluacion INTO IdPeriodoEvaluacion;

		    IF periodos_done THEN
		      CLOSE cPeriodosEvaluacion;			
		      LEAVE inner_loop;
		    END IF;

		    SET Ponderacion = (
		    SELECT pe_ponderacion
		      FROM sw_periodo_evaluacion
		     WHERE id_periodo_evaluacion = IdPeriodoEvaluacion);

		    IF (NOT EXISTS (SELECT * FROM sw_periodo_evaluacion_curso WHERE id_curso = IdCurso AND id_periodo_evaluacion = IdPeriodoEvaluacion)) THEN
          INSERT INTO sw_periodo_evaluacion_curso(id_periodo_lectivo, id_periodo_evaluacion, id_curso, pe_ponderacion)
          values(IdPeriodoLectivo, IdPeriodoEvaluacion, IdCurso, Ponderacion); 
        END IF;
            
      END LOOP inner_loop;

    END INNER_BLOCK;

  END LOOP outer_loop;

END$$

CREATE DEFINER=`root`@`localhost` PROCEDURE `sp_crear_rangos_supletorios` (IN `IdPeriodoLectivo` INT)  NO SQL BEGIN
    DECLARE done INT DEFAULT 0;
    DECLARE IdPeriodoEvaluacion INT;
    DECLARE IdTipoPeriodoEvaluacion INT;
    
    DECLARE cPeriodosEvaluacion CURSOR FOR
    SELECT id_periodo_evaluacion, 
           id_tipo_periodo 
      FROM sw_periodo_evaluacion 
     WHERE id_periodo_lectivo = IdPeriodoLectivo 
       AND id_tipo_periodo > 1
     ORDER BY id_periodo_evaluacion ASC;
    
    DECLARE CONTINUE HANDLER FOR SQLSTATE '02000' SET done = 1;
    
    OPEN cPeriodosEvaluacion;
    
    Lazo: LOOP
    	FETCH cPeriodosEvaluacion INTO IdPeriodoEvaluacion, IdTipoPeriodoEvaluacion;
        IF done THEN
        	CLOSE cPeriodosEvaluacion;
            LEAVE Lazo;
        END IF;
        
        IF (NOT EXISTS (SELECT * FROM sw_config_rangos_supletorios
                         WHERE id_periodo_lectivo = IdPeriodoLectivo
                           AND id_periodo_evaluacion = IdPeriodoEvaluacion)) 
                    THEN 
		IF IdTipoPeriodoEvaluacion = 2 THEN
        		INSERT INTO sw_config_rangos_supletorios
            	SET id_periodo_lectivo = IdPeriodoLectivo,
            	id_periodo_evaluacion = IdPeriodoEvaluacion, 
                  nota_desde = 5, 
                  nota_hasta = 6.99, 
                  nota_aprobacion = 7;
		END IF;

		IF IdTipoPeriodoEvaluacion = 3 THEN
        		INSERT INTO sw_config_rangos_supletorios
            	SET id_periodo_lectivo = IdPeriodoLectivo,
            	id_periodo_evaluacion = IdPeriodoEvaluacion, 
                  nota_desde = 0.01, 
                  nota_hasta = 4.99, 
                  nota_aprobacion = 7;
		END IF;

        END IF;
    END LOOP Lazo;
END$$

--
-- Funciones
--
CREATE DEFINER=`root`@`localhost` FUNCTION `aprueba_todas_asignaturas` (`IdPeriodoLectivo` INT, `IdEstudiante` INT, `IdParalelo` INT) RETURNS TINYINT(1) NO SQL BEGIN
	DECLARE IdAsignatura INT;
	DECLARE aprueba BOOL DEFAULT TRUE; 	
  DECLARE done INT DEFAULT 0;
	DECLARE promedio FLOAT DEFAULT 0;

		DECLARE cAsignaturas CURSOR FOR
		SELECT a.id_asignatura
          FROM sw_asignatura a, 
               sw_asignatura_curso ac, 
               sw_paralelo p 
         WHERE a.id_asignatura = ac.id_asignatura 
           AND p.id_curso = ac.id_curso 
           AND a.id_tipo_asignatura = 1
           AND p.id_paralelo = IdParalelo;
	
	DECLARE CONTINUE HANDLER FOR SQLSTATE '02000' SET done = 1;

	OPEN cAsignaturas;

	Lazo: LOOP
		FETCH cAsignaturas INTO IdAsignatura;
		IF done THEN
			CLOSE cAsignaturas;
			LEAVE Lazo;
		END IF;
		SET promedio = (SELECT calcular_promedio_periodo_lectivo(IdPeriodoLectivo,IdEstudiante,IdParalelo,IdAsignatura));
		IF promedio < 7 THEN
			SET done = 1;
			SET aprueba = FALSE;
		END IF;
	END LOOP Lazo;

	RETURN aprueba;
	
END$$

CREATE DEFINER=`root`@`localhost` FUNCTION `calcular_comp_asignatura` (`IdPeriodoEvaluacion` INT, `IdEstudiante` INT, `IdParalelo` INT, `IdAsignatura` INT) RETURNS FLOAT NO SQL BEGIN
	DECLARE done INT DEFAULT 0;     
	DECLARE promedio_aporte FLOAT;
	DECLARE IdAporteEvaluacion INT;
	DECLARE Calificacion FLOAT;
	DECLARE Suma FLOAT DEFAULT 0;
	DECLARE Contador INT DEFAULT 0;
	DECLARE Promedio FLOAT DEFAULT 0;
	
	DECLARE cAportesEvaluacion CURSOR FOR
	SELECT id_aporte_evaluacion
	  FROM sw_aporte_evaluacion
	 WHERE id_periodo_evaluacion = IdPeriodoEvaluacion
       AND id_tipo_aporte = 1;

	DECLARE CONTINUE HANDLER FOR SQLSTATE '02000' SET done = 1;

	OPEN cAportesEvaluacion;

	Lazo1: LOOP
		FETCH cAportesEvaluacion INTO IdAporteEvaluacion;
		IF done THEN
			CLOSE cAportesEvaluacion;
			LEAVE Lazo1;
		END IF;
		
		SET Calificacion = (
		SELECT co_calificacion
		  FROM sw_calificacion_comportamiento
		 WHERE id_estudiante = IdEstudiante
		   AND id_paralelo = IdParalelo
		   AND id_asignatura = IdAsignatura
		   AND id_aporte_evaluacion = IdAporteEvaluacion);
           
        SET Calificacion = IFNULL(Calificacion, 0);

		SET Suma = Suma + Calificacion;
		SET Contador = Contador + 1;
	END LOOP Lazo1;

	SET Promedio = Suma / Contador;

	RETURN Promedio;
END$$

CREATE DEFINER=`root`@`localhost` FUNCTION `calcular_comp_sub_periodo` (`IdPeriodoEvaluacion` INT, `IdEstudiante` INT, `IdParalelo` INT) RETURNS FLOAT NO SQL BEGIN
	DECLARE done INT DEFAULT 0;
	DECLARE IdAsignatura INT;
	DECLARE Calificacion INT;
	DECLARE Suma INT DEFAULT 0;
	DECLARE Contador INT DEFAULT 0;
	DECLARE Promedio INT DEFAULT 0;
	
	DECLARE cAsignaturas CURSOR FOR
	SELECT a.id_asignatura
      FROM sw_asignatura_curso ac, 
           sw_paralelo p, 
           sw_asignatura a 
     WHERE ac.id_curso = p.id_curso 
       AND ac.id_asignatura = a.id_asignatura 
       AND id_paralelo = IdParalelo 
       AND id_tipo_asignatura = 1
     ORDER BY ac_orden;

	DECLARE CONTINUE HANDLER FOR SQLSTATE '02000' SET done = 1;

	OPEN cAsignaturas;

	Lazo: LOOP
		FETCH cAsignaturas INTO IdAsignatura;
		IF done THEN
			CLOSE cAsignaturas;
			LEAVE Lazo;
		END IF;
		
		SET Calificacion = (
		SELECT calcular_comp_asignatura(IdPeriodoEvaluacion, IdEstudiante, IdParalelo, IdAsignatura));
           
        SET Calificacion = IFNULL(Calificacion, 0);

		SET Suma = Suma + Calificacion;
		SET Contador = Contador + 1;
	END LOOP Lazo;

	SELECT Suma / Contador INTO Promedio;

    RETURN Promedio;
END$$

CREATE DEFINER=`root`@`localhost` FUNCTION `calcular_examen_supletorio` (`IdPeriodoLectivo` INT, `IdEstudiante` INT, `IdParalelo` INT, `IdAsignatura` INT, `PePrincipal` INT) RETURNS FLOAT NO SQL BEGIN
	DECLARE IdRubricaEvaluacion INT DEFAULT 0;
	DECLARE examen_supletorio FLOAT DEFAULT 0; -- variable de salida de la funcion

	-- Aqui obtengo el valor del examen supletorio, si existe
	SET IdRubricaEvaluacion = (SELECT id_rubrica_evaluacion 
								   FROM sw_rubrica_evaluacion r, 
									    sw_aporte_evaluacion a, 
										sw_periodo_evaluacion p 
								  WHERE r.id_aporte_evaluacion = a.id_aporte_evaluacion 
									AND a.id_periodo_evaluacion = p.id_periodo_evaluacion 
									AND p.id_tipo_periodo = PePrincipal AND p.id_periodo_lectivo = IdPeriodoLectivo);

	SET examen_supletorio = (SELECT re_calificacion
							   FROM sw_rubrica_estudiante 
							  WHERE id_estudiante = IdEstudiante 
								AND id_paralelo = IdParalelo 
								AND id_asignatura = IdAsignatura 
								AND id_rubrica_personalizada = IdRubricaEvaluacion);
	
	RETURN IFNULL(examen_supletorio, 0);
END$$

CREATE DEFINER=`root`@`localhost` FUNCTION `calcular_promedio_final` (`IdPeriodoLectivo` INT, `IdEstudiante` INT, `IdParalelo` INT, `IdAsignatura` INT) RETURNS FLOAT NO SQL BEGIN
	DECLARE promedio_final FLOAT DEFAULT 0;
    DECLARE examen_supletorio FLOAT DEFAULT 0;
    DECLARE nota_aprobacion FLOAT DEFAULT 0;
	DECLARE examen_remedial FLOAT DEFAULT 0;
	DECLARE examen_de_gracia FLOAT DEFAULT 0;
	DECLARE anio_inicial INT DEFAULT 0;

    SET nota_aprobacion = (SELECT pe_nota_aprobacion FROM sw_periodo_lectivo WHERE id_periodo_lectivo = IdPeriodoLectivo);

	SET anio_inicial = (SELECT pe_anio_inicio FROM sw_periodo_lectivo WHERE id_periodo_lectivo = IdPeriodoLectivo);

	IF anio_inicial < 2023 THEN
		SET promedio_final = (SELECT calcular_promedio_anual(IdPeriodoLectivo,IdEstudiante,IdParalelo,IdAsignatura));

		IF promedio_final >= 5 AND promedio_final < 7 THEN 		
			SET examen_supletorio = (SELECT calcular_examen_supletorio(IdPeriodoLectivo,IdEstudiante,IdParalelo,IdAsignatura,2));
			IF examen_supletorio >= nota_aprobacion THEN
				SET promedio_final = nota_aprobacion;
			ELSE
				SET examen_remedial = (SELECT calcular_examen_supletorio(IdPeriodoLectivo,IdEstudiante,	IdParalelo,IdAsignatura,3));
				IF examen_remedial >= nota_aprobacion THEN
					SET promedio_final = nota_aprobacion;
				ELSE
					SET examen_de_gracia = (SELECT calcular_examen_supletorio(IdPeriodoLectivo,IdEstudiante,IdParalelo,IdAsignatura,4));
					IF examen_de_gracia >= nota_aprobacion THEN
						SET promedio_final = nota_aprobacion;
					END IF;
				END IF;
			END IF;
		ELSE 
			IF promedio_final > 0 AND promedio_final < 5 THEN
				SET examen_remedial = (SELECT calcular_examen_supletorio(IdPeriodoLectivo,IdEstudiante,IdParalelo,IdAsignatura,3));
				IF examen_remedial >= nota_aprobacion THEN
					SET promedio_final = nota_aprobacion;
				ELSE
					SET examen_de_gracia = (SELECT calcular_examen_supletorio(IdPeriodoLectivo,IdEstudiante,IdParalelo,IdAsignatura,4));
					IF examen_de_gracia >= nota_aprobacion THEN
						SET promedio_final = nota_aprobacion;
					END IF;
				END IF;
			END IF;
		END IF;
	ELSE
		SET promedio_final = (SELECT calcular_promedio_periodo_lectivo(IdPeriodoLectivo,IdEstudiante,IdParalelo,IdAsignatura));

		IF promedio_final > 4 AND promedio_final < 7 THEN 
			SET examen_supletorio = (SELECT calcular_examen_supletorio(IdPeriodoLectivo,IdEstudiante,IdParalelo,IdAsignatura,2));

			IF examen_supletorio >= nota_aprobacion THEN
				SET promedio_final = (SELECT nota_final FROM sw_escala_supletorios WHERE examen_supletorio >= nota_minima AND examen_supletorio <= nota_maxima);
			END IF;
		END IF;
	END IF;
	
	RETURN promedio_final;

END$$

CREATE DEFINER=`root`@`localhost` FUNCTION `calcular_promedio_general` (`IdPeriodoLectivo` INT, `IdEstudiante` INT, `IdParalelo` INT) RETURNS FLOAT NO SQL BEGIN
	DECLARE done INT DEFAULT 0;
	DECLARE promedio_general float DEFAULT 0; -- variable de salida de la funcion
	DECLARE suma FLOAT DEFAULT 0;
	DECLARE contador INT DEFAULT 0;
	DECLARE IdAsignatura INT;

	-- Aqui determino si el estudiante aprueba en todas las asignaturas
	DECLARE cAsignaturas CURSOR FOR
		SELECT id_asignatura 
		  FROM sw_paralelo_asignatura 
		 WHERE id_paralelo = IdParalelo;
	
	DECLARE CONTINUE HANDLER FOR SQLSTATE '02000' SET done = 1;

	OPEN cAsignaturas;

	Lazo: LOOP
		FETCH cAsignaturas INTO IdAsignatura;
		IF done THEN
			CLOSE cAsignaturas;
			LEAVE Lazo;
		END IF;
		SET suma = suma + (SELECT calcular_promedio_final(IdPeriodoLectivo,IdEstudiante,IdParalelo,IdAsignatura));
		SET contador = contador + 1;
	END LOOP Lazo;

	SET promedio_general = suma / contador;

	RETURN promedio_general;
END$$

CREATE DEFINER=`root`@`localhost` FUNCTION `calcular_promedio_periodo_lectivo` (`IdPeriodoLectivo` INT, `IdEstudiante` INT, `IdParalelo` INT, `IdAsignatura` INT) RETURNS FLOAT NO SQL BEGIN
	DECLARE done INT DEFAULT 0;
	DECLARE promedio_sub_periodo FLOAT;
	DECLARE IdPeriodoEvaluacion INT;
    DECLARE PonderacionPeriodo FLOAT;
	DECLARE suma_ponderados FLOAT DEFAULT 0;
	
	DECLARE cPeriodosEvaluacion CURSOR FOR
	SELECT pc.id_periodo_evaluacion,
		   pc.pe_ponderacion 
	  FROM sw_periodo_evaluacion pe, 
		   sw_periodo_evaluacion_curso pc 
	 WHERE pe.id_periodo_evaluacion = pc.id_periodo_evaluacion 
	   AND pe.id_periodo_lectivo = pc.id_periodo_lectivo 
	   AND pc.id_curso = (SELECT id_curso FROM sw_paralelo WHERE id_paralelo = IdParalelo) 
	   AND pc.id_periodo_lectivo = IdPeriodoLectivo
	   AND id_tipo_periodo IN (1, 7, 8);

	DECLARE CONTINUE HANDLER FOR SQLSTATE '02000' SET done = 1;

	OPEN cPeriodosEvaluacion;

	Lazo: LOOP
		FETCH cPeriodosEvaluacion INTO IdPeriodoEvaluacion, PonderacionPeriodo;
		IF done THEN
			CLOSE cPeriodosEvaluacion;
			LEAVE Lazo;
		END IF;
		SET promedio_sub_periodo = (SELECT calcular_promedio_sub_periodo(IdPeriodoEvaluacion,IdEstudiante,IdParalelo,IdAsignatura));
		SET suma_ponderados = suma_ponderados + promedio_sub_periodo * PonderacionPeriodo;
	END LOOP Lazo;

	RETURN suma_ponderados;
END$$

CREATE DEFINER=`root`@`localhost` FUNCTION `calcular_promedio_sub_periodo` (`IdPeriodoEvaluacion` INT, `IdEstudiante` INT, `IdParalelo` INT, `IdAsignatura` INT) RETURNS FLOAT NO SQL BEGIN
    DECLARE done INT DEFAULT 0;
    DECLARE IdAporteEvaluacion INT;
    DECLARE PonderacionAporte FLOAT;
    DECLARE promedio_aporte FLOAT DEFAULT 0;
    DECLARE suma_ponderados_aporte FLOAT DEFAULT 0;
    
        DECLARE cAportesEvaluacion CURSOR FOR
    	SELECT id_aporte_evaluacion, 
               ap_ponderacion 
          FROM sw_aporte_evaluacion
         WHERE id_periodo_evaluacion = IdPeriodoEvaluacion;
         
    DECLARE CONTINUE HANDLER FOR SQLSTATE '02000' SET done = 1;
    
    OPEN cAportesEvaluacion;
    
    Lazo: LOOP
    	FETCH cAportesEvaluacion INTO IdAporteEvaluacion, PonderacionAporte;

        IF done THEN
			CLOSE cAportesEvaluacion;
			LEAVE Lazo;
		END IF;
        
        SELECT calcular_promedio_aporte (IdAporteEvaluacion, IdEstudiante, IdParalelo, IdAsignatura) INTO promedio_aporte;
        
        SET suma_ponderados_aporte = suma_ponderados_aporte + promedio_aporte * PonderacionAporte;
    END LOOP Lazo;
    
    RETURN suma_ponderados_aporte;
    
END$$

CREATE DEFINER=`root`@`localhost` FUNCTION `existeExamenSupRemGracia` (`IdEstudiante` INT, `IdParalelo` INT, `IdAsignatura` INT, `IdTipoPeriodo` INT, `IdPeriodoLectivo` INT) RETURNS TINYINT(1) NO SQL BEGIN

	DECLARE IdRubricaEvaluacion INT;
	
	SET IdRubricaEvaluacion = (
		SELECT id_rubrica_evaluacion 
        FROM sw_rubrica_evaluacion r, 
        sw_aporte_evaluacion a, 
        sw_periodo_evaluacion p 
        WHERE r.id_aporte_evaluacion = a.id_aporte_evaluacion 
        AND a.id_periodo_evaluacion = p.id_periodo_evaluacion 
        AND p.id_tipo_periodo = IdTipoPeriodo 
        AND p.id_periodo_lectivo = IdPeriodoLectivo);

	RETURN EXISTS(SELECT re_calificacion 
                    FROM sw_rubrica_estudiante 
                    WHERE id_estudiante = IdEstudiante 
                    AND id_paralelo = IdParalelo 
                    AND id_asignatura = IdAsignatura 
                    AND id_rubrica_personalizada = IdRubricaEvaluacion);

END$$

CREATE DEFINER=`root`@`localhost` FUNCTION `obtenerExamenSupRemGracia` (`IdEstudiante` INT, `IdParalelo` INT, `IdAsignatura` INT, `IdTipoPeriodo` INT, `IdPeriodoLectivo` INT) RETURNS TINYINT(1) NO SQL BEGIN

	DECLARE IdRubricaEvaluacion INT;
    DECLARE Calificacion FLOAT;
	
	SET IdRubricaEvaluacion = (
		SELECT id_rubrica_evaluacion 
        FROM sw_rubrica_evaluacion r, 
        sw_aporte_evaluacion a, 
        sw_periodo_evaluacion p 
        WHERE r.id_aporte_evaluacion = a.id_aporte_evaluacion 
        AND a.id_periodo_evaluacion = p.id_periodo_evaluacion 
        AND p.id_tipo_periodo = IdTipoPeriodo 
        AND p.id_periodo_lectivo = IdPeriodoLectivo);

	SET Calificacion = (SELECT re_calificacion 
                    FROM sw_rubrica_estudiante 
                    WHERE id_estudiante = IdEstudiante 
                    AND id_paralelo = IdParalelo 
                    AND id_asignatura = IdAsignatura 
                    AND id_rubrica_personalizada = IdRubricaEvaluacion);

    SET Calificacion = IFNULL(Calificacion, 0);

    RETURN Calificacion;

END$$

CREATE DEFINER=`root`@`localhost` FUNCTION `obtenerFechaCierreSupRemGracia` (`IdParalelo` INT, `IdTipoPeriodo` INT, `IdPeriodoLectivo` INT) RETURNS DATE NO SQL BEGIN

	DECLARE FechaCierre date;
	
	SET FechaCierre = (
		SELECT ac.ap_fecha_cierre 
        FROM sw_periodo_evaluacion p, 
            sw_aporte_evaluacion a, 
            sw_aporte_paralelo_cierre ac,  
            sw_paralelo pa 
        WHERE a.id_periodo_evaluacion = p.id_periodo_evaluacion 
        AND a.id_aporte_evaluacion = ac.id_aporte_evaluacion  
        AND pa.id_paralelo = ac.id_paralelo 
        AND pa.id_paralelo = IdParalelo 
        AND id_tipo_periodo = IdTipoPeriodo 
        AND p.id_periodo_lectivo = IdPeriodoLectivo);

	RETURN FechaCierre;

END$$

CREATE DEFINER=`root`@`localhost` FUNCTION `secuencial_modalidad` () RETURNS INT(11) NO SQL BEGIN
	DECLARE Secuencial INT;
	
	SET Secuencial = (
		SELECT MAX(mo_orden)
		  FROM sw_modalidad);
           
    SET Secuencial = IFNULL(Secuencial, 0);

	RETURN Secuencial + 1;
END$$

DELIMITER ;

-- --------------------------------------------------------

--
-- Estructura de tabla para la tabla `sw_aporte_evaluacion`
--

CREATE TABLE `sw_aporte_evaluacion` (
  `id_aporte_evaluacion` int(11) UNSIGNED NOT NULL,
  `id_periodo_evaluacion` int(11) UNSIGNED NOT NULL,
  `id_tipo_aporte` int(11) UNSIGNED NOT NULL,
  `ap_nombre` varchar(48) NOT NULL,
  `ap_descripcion` varchar(128) NOT NULL,
  `ap_abreviatura` varchar(8) NOT NULL,
  `ap_fecha_apertura` date NOT NULL,
  `ap_fecha_cierre` date NOT NULL,
  `ap_ponderacion` float DEFAULT NULL,
  `ap_orden` int(11) NOT NULL
) ENGINE=InnoDB DEFAULT CHARSET=utf8 COLLATE=utf8_general_ci;

--
-- Volcado de datos para la tabla `sw_aporte_evaluacion`
--

INSERT INTO `sw_aporte_evaluacion` (`id_aporte_evaluacion`, `id_periodo_evaluacion`, `id_tipo_aporte`, `ap_nombre`, `ap_descripcion`, `ap_abreviatura`, `ap_fecha_apertura`, `ap_fecha_cierre`, `ap_ponderacion`, `ap_orden`) VALUES
(1, 1, 1, 'PRIMER PARCIAL', '', '1ER.P.', '2021-09-01', '2021-11-05', NULL, 0),
(2, 1, 1, 'SEGUNDO PARCIAL', '', '2DO.P.', '2021-11-08', '2022-01-14', NULL, 0),
(3, 1, 2, 'PROYECTO QUIMESTRAL', '', 'PROY.', '2022-01-17', '2022-01-28', NULL, 0),
(4, 2, 1, 'TERCER PARCIAL', '', '3ER.P.', '2022-02-03', '2022-04-08', NULL, 0),
(5, 2, 1, 'CUARTO PARCIAL', '', '4TO.P.', '2022-04-11', '2022-06-17', NULL, 0),
(6, 2, 2, 'PROYECTO QUIMESTRAL', '', 'PROY.', '2022-06-20', '2022-07-01', NULL, 0),
(7, 3, 3, 'EXAMEN SUPLETORIO', '', 'SUP.', '2022-07-18', '2022-07-22', NULL, 0),
(8, 4, 3, 'EXAMEN REMEDIAL', '', 'REM.', '2022-08-22', '2022-08-26', NULL, 0),
(9, 5, 3, 'EXAMEN DE GRACIA', '', 'GRA.', '2022-08-29', '2022-08-31', NULL, 0),
(10, 7, 1, 'PARCIAL 1', '', 'P. 1', '2021-11-08', '2021-12-22', NULL, 0),
(11, 7, 1, 'PARCIAL 2', '', 'P. 2', '2022-01-03', '2022-02-18', NULL, 0),
(12, 7, 1, 'PARCIAL 3', '', 'P. 3', '2022-02-21', '2022-04-08', NULL, 0),
(13, 7, 2, 'EXAMEN 1ER Q', '', 'EX. 1Q.', '2022-04-11', '2022-04-13', NULL, 0),
(14, 8, 1, 'PARCIAL 1', '', 'P. 1', '2022-04-27', '2022-06-03', NULL, 0),
(15, 8, 1, 'PARCIAL 2', '', 'P. 2', '2022-06-06', '2022-07-15', NULL, 0),
(16, 8, 1, 'PARCIAL 3', '', 'P. 3', '2022-07-18', '2022-07-26', NULL, 0),
(17, 8, 2, 'EXAMEN 2DO Q', '', 'EX. 2Q.', '2022-08-29', '2022-09-01', NULL, 0),
(18, 9, 3, 'EXAMEN SUPLETORIO', '', 'SUP.', '2022-09-07', '2022-09-07', NULL, 0),
(19, 10, 3, 'EXAMEN REMEDIAL', '', 'REM.', '2022-09-08', '2022-09-08', NULL, 0),
(20, 11, 3, 'EXAMEN DE GRACIA', '', 'GRA.', '2022-09-08', '2022-09-08', NULL, 0),
(21, 12, 1, 'PARCIAL 1', '', 'P. 1', '2021-11-08', '2021-12-10', 0.4, 0),
(22, 12, 1, 'PARCIAL 2', '', 'P. 2', '2021-12-13', '2022-01-14', 0.4, 0),
(23, 12, 2, 'EXAMEN BIMESTRAL', '', 'EX. 1B.', '2022-01-17', '2022-01-21', 0.2, 0),
(24, 13, 1, 'PARCIAL 1', '', 'P. 1', '2022-01-24', '2022-02-18', 0.4, 0),
(25, 13, 1, 'PARCIAL 2', '', 'P. 2', '2022-02-21', '2022-03-25', 0.4, 0),
(26, 13, 2, 'EXAMEN BIMESTRAL', '', 'EX. 2B.', '2022-03-28', '2022-04-01', 0.2, 0),
(27, 14, 3, 'EXAMEN SUPLETORIO', '', 'SUP.', '2022-04-08', '2022-04-08', NULL, 0),
(28, 15, 3, 'EXAMEN REMEDIAL', '', 'REM.', '2022-04-11', '2022-04-11', NULL, 0),
(29, 16, 3, 'EXAMEN DE GRACIA', '', 'GRA.', '2022-04-12', '2022-04-12', NULL, 0),
(32, 18, 1, 'PRIMER PARCIAL', 'PRIMER PARCIAL', 'P1', '2023-09-18', '2023-12-18', 0.4, 0),
(35, 25, 1, 'PRIMER PARCIAL', 'PRIMER PARCIAL', 'P1', '2023-09-18', '2023-11-18', 0.4, 0),
(36, 26, 1, 'TERCER PARCIAL', 'TERCER PARCIAL', ' P3', '2023-11-20', '2024-01-20', 0.4, 0),
(37, 27, 1, 'PROYECTO INTEGRADOR', 'PROYECTO INTEGRADOR', 'PRI', '2024-01-22', '2024-01-27', 1, 0),
(38, 28, 3, 'EXAMEN SUPLETORIO', 'EXAMEN SUPLETORIO', 'SUP', '2024-02-05', '2024-02-09', 1, 0),
(39, 25, 1, 'SEGUNDO PARCIAL', 'SEGUNDO PARCIAL', 'P2', '2023-09-18', '2023-11-18', 0.4, 0),
(40, 26, 1, 'CUARTO PARCIAL', 'CUARTO PARCIAL', 'P4', '2023-11-20', '2024-01-20', 0.4, 0),
(41, 26, 2, 'EVALUACION SUMATIVA DEL PERIODO ', 'Evaluación de base estructurada', 'EVS', '2024-01-17', '2024-01-20', 0.2, 0),
(42, 25, 2, 'EVALUACION BIMESTRAL', 'Evaluación de Prueba Estructurada', 'EX.B.', '2023-11-13', '2023-11-18', 0.2, 0),
(43, 18, 1, 'SEGUNDO PARCIAL', 'SEGUNDO PARCIAL', 'P2', '2023-09-22', '2023-12-23', 0.4, 0),
(44, 18, 2, 'EVALUACION TRIMESTRAL', 'Evaluación de base estructurada', 'EX.T.', '2023-12-19', '2023-12-23', 0.2, 0),
(45, 33, 1, 'PRIMER PARCIAL', 'PRIMER PARCIAL', 'P1', '2023-09-22', '2023-12-23', 0.35, 1),
(46, 33, 1, 'SEGUNDO PARCIAL', 'SEGUNDO PARCIAL', 'P2', '2023-09-22', '2023-12-23', 0.35, 2),
(47, 33, 2, 'EVALUACION TRIMESTRAL', 'Evaluación de base estructurada', 'EX.T.', '2023-12-19', '2023-12-23', 0.15, 4),
(48, 34, 1, 'TERCER PARCIAL', 'TERCER PARCIAL', 'P3', '2023-12-26', '2024-03-23', 0.35, 0),
(49, 34, 1, 'CUARTO PARCIAL', 'CUARTO PARCIAL', 'P4', '2023-12-26', '2024-03-23', 0.35, 0),
(50, 34, 6, 'PROYECTO MODULAR', 'Proyecto Modular Fase 2', 'PRI', '2024-03-19', '2024-03-22', 0.15, 0),
(51, 34, 2, 'EVALUACION TRIMESTRAL', 'Evaluación de base estructurada', 'EX.T.', '2024-03-19', '2024-03-22', 0.15, 0),
(53, 35, 1, 'QUINTO PARCIAL', 'QUINTO PARCIAL', 'P5', '2024-03-25', '2024-06-22', 0.35, 0),
(54, 35, 1, 'SEXTO PARCIAL', 'SEXTO PARCIAL', 'P6', '2024-03-25', '2024-06-22', 0.35, 0),
(55, 35, 1, 'PROYECTO INTEGRADOR', 'Proyecto Interdisciplinario Fase 2', 'PRI', '2024-06-19', '2024-06-22', 0.15, 0),
(56, 35, 2, 'EVALUACION TRIMESTRAL', 'Evaluación de base estructurada', 'EX.T.', '2024-06-19', '2024-06-22', 0.15, 0),
(57, 36, 5, 'PROYECTO INTEGRADOR', 'Presentación del Proyecto Integrador', 'PRI', '2024-06-24', '2024-06-29', 1, 0),
(58, 37, 3, 'EXAMEN SUPLETORIO', 'EXAMEN SUPLETORIO', 'SUP', '2024-07-15', '2024-07-20', 1, 0),
(59, 19, 1, 'TERCER PARCIAL', 'TERCER PARCIAL', 'P3', '2023-12-26', '2024-03-23', 0.45, 0),
(60, 19, 1, 'CUARTO PARCIAL', 'CUARTO PARCIAL', 'P4', '2023-12-26', '2024-03-23', 0.45, 0),
(61, 19, 6, 'PROYECTO MODULAR', 'Proyecto Modular Fase 2', 'PRI', '2024-03-19', '2024-03-22', 0.05, 0),
(62, 19, 2, 'EVALUACION TRIMESTRAL', 'Evaluación de base estructurada', 'EX.T.', '2024-03-19', '2024-03-22', 0.05, 0),
(63, 33, 6, 'PROYECTO INTER MODULAR', 'Proyecto Modular Fase 1', 'PRI', '2023-12-19', '2023-12-23', 0.15, 3);

-- --------------------------------------------------------

--
-- Estructura de tabla para la tabla `sw_aporte_paralelo_cierre`
--

CREATE TABLE `sw_aporte_paralelo_cierre` (
  `id_aporte_paralelo_cierre` int(11) UNSIGNED NOT NULL,
  `id_aporte_evaluacion` int(11) UNSIGNED NOT NULL,
  `id_paralelo` int(11) UNSIGNED NOT NULL,
  `ap_fecha_apertura` date NOT NULL,
  `ap_fecha_cierre` date NOT NULL,
  `ap_estado` varchar(1) NOT NULL
) ENGINE=InnoDB DEFAULT CHARSET=utf8 COLLATE=utf8_general_ci;

--
-- Volcado de datos para la tabla `sw_aporte_paralelo_cierre`
--

INSERT INTO `sw_aporte_paralelo_cierre` (`id_aporte_paralelo_cierre`, `id_aporte_evaluacion`, `id_paralelo`, `ap_fecha_apertura`, `ap_fecha_cierre`, `ap_estado`) VALUES
(1, 1, 1, '2021-09-01', '2022-08-01', 'A'),
(2, 1, 2, '2021-09-01', '2022-08-01', 'A'),
(3, 1, 3, '2021-09-01', '2022-08-01', 'A'),
(4, 1, 4, '2021-09-01', '2022-08-01', 'A'),
(5, 1, 5, '2021-09-01', '2022-08-01', 'A'),
(6, 1, 6, '2021-09-01', '2022-08-01', 'A'),
(7, 1, 7, '2021-09-01', '2022-08-01', 'A'),
(8, 1, 8, '2021-09-01', '2022-08-01', 'A'),
(9, 1, 9, '2021-09-01', '2022-08-01', 'A'),
(10, 1, 10, '2021-09-01', '2022-08-01', 'A'),
(11, 1, 11, '2021-09-01', '2022-08-01', 'A'),
(12, 1, 12, '2021-09-01', '2022-08-01', 'A'),
(13, 1, 13, '2021-09-01', '2022-08-01', 'A'),
(14, 1, 14, '2021-09-01', '2022-08-01', 'A'),
(15, 1, 15, '2021-09-01', '2022-08-01', 'A'),
(16, 2, 1, '2021-11-08', '2022-08-01', 'A'),
(17, 2, 2, '2021-11-08', '2022-08-01', 'A'),
(18, 2, 3, '2021-11-08', '2022-08-01', 'A'),
(19, 2, 4, '2021-11-08', '2022-08-01', 'A'),
(20, 2, 5, '2021-11-08', '2022-08-01', 'A'),
(21, 2, 6, '2021-11-08', '2022-08-01', 'A'),
(22, 2, 7, '2021-11-08', '2022-08-01', 'A'),
(23, 2, 8, '2021-11-08', '2022-08-01', 'A'),
(24, 2, 9, '2021-11-08', '2022-08-01', 'A'),
(25, 2, 10, '2021-11-08', '2022-08-01', 'A'),
(26, 2, 11, '2021-11-08', '2022-08-01', 'A'),
(27, 2, 12, '2021-11-08', '2022-08-01', 'A'),
(28, 2, 13, '2021-11-08', '2022-08-01', 'A'),
(29, 2, 14, '2021-11-08', '2022-08-01', 'A'),
(30, 2, 15, '2021-11-08', '2022-08-01', 'A'),
(31, 3, 1, '2022-01-17', '2022-01-28', 'C'),
(32, 3, 2, '2022-01-17', '2022-01-28', 'C'),
(33, 3, 3, '2022-01-17', '2022-01-28', 'C'),
(34, 3, 4, '2022-01-17', '2022-01-28', 'C'),
(35, 3, 5, '2022-01-17', '2022-01-28', 'C'),
(36, 3, 6, '2022-01-17', '2022-01-28', 'C'),
(37, 3, 7, '2022-01-17', '2022-01-28', 'C'),
(38, 3, 8, '2022-01-17', '2022-01-28', 'C'),
(39, 3, 9, '2022-01-17', '2022-01-28', 'C'),
(40, 3, 10, '2022-01-17', '2022-01-28', 'C'),
(41, 3, 11, '2022-01-17', '2022-01-28', 'C'),
(42, 3, 12, '2022-01-17', '2022-01-28', 'C'),
(43, 3, 13, '2022-01-17', '2022-01-28', 'C'),
(44, 3, 14, '2022-01-17', '2022-01-28', 'C'),
(45, 3, 15, '2022-01-17', '2022-01-28', 'C'),
(46, 4, 1, '2022-02-03', '2022-08-01', 'A'),
(47, 4, 2, '2022-02-03', '2022-08-01', 'A'),
(48, 4, 3, '2022-02-03', '2022-08-01', 'A'),
(49, 4, 4, '2022-02-03', '2022-08-01', 'A'),
(50, 4, 5, '2022-02-03', '2022-08-01', 'A'),
(51, 4, 6, '2022-02-03', '2022-08-01', 'A'),
(52, 4, 7, '2022-02-03', '2022-08-01', 'A'),
(53, 4, 8, '2022-02-03', '2022-08-01', 'A'),
(54, 4, 9, '2022-02-03', '2022-08-01', 'A'),
(55, 4, 10, '2022-02-03', '2022-08-01', 'A'),
(56, 4, 11, '2022-02-03', '2022-08-01', 'A'),
(57, 4, 12, '2022-02-03', '2022-08-01', 'A'),
(58, 4, 13, '2022-02-03', '2022-08-01', 'A'),
(59, 4, 14, '2022-02-03', '2022-08-01', 'A'),
(60, 4, 15, '2022-02-03', '2022-08-01', 'A'),
(61, 5, 1, '2022-04-11', '2022-08-01', 'A'),
(62, 5, 2, '2022-04-11', '2022-08-01', 'A'),
(63, 5, 3, '2022-04-11', '2022-08-01', 'A'),
(64, 5, 4, '2022-04-11', '2022-08-01', 'A'),
(65, 5, 5, '2022-04-11', '2022-08-01', 'A'),
(66, 5, 6, '2022-04-11', '2022-08-01', 'A'),
(67, 5, 7, '2022-04-11', '2022-08-01', 'A'),
(68, 5, 8, '2022-04-11', '2022-08-01', 'A'),
(69, 5, 9, '2022-04-11', '2022-08-01', 'A'),
(70, 5, 10, '2022-04-11', '2022-08-01', 'A'),
(71, 5, 11, '2022-04-11', '2022-08-01', 'A'),
(72, 5, 12, '2022-04-11', '2022-08-01', 'A'),
(73, 5, 13, '2022-04-11', '2022-08-01', 'A'),
(74, 5, 14, '2022-04-11', '2022-08-01', 'A'),
(75, 5, 15, '2022-04-11', '2022-08-01', 'A'),
(76, 6, 1, '2022-06-20', '2022-07-01', 'C'),
(77, 6, 2, '2022-06-20', '2022-07-01', 'C'),
(78, 6, 3, '2022-06-20', '2022-07-01', 'C'),
(79, 6, 4, '2022-06-20', '2022-07-01', 'C'),
(80, 6, 5, '2022-06-20', '2022-07-01', 'C'),
(81, 6, 6, '2022-06-20', '2022-07-01', 'C'),
(82, 6, 7, '2022-06-20', '2022-07-01', 'C'),
(83, 6, 8, '2022-06-20', '2022-07-01', 'A'),
(84, 6, 9, '2022-06-20', '2022-07-01', 'A'),
(85, 6, 10, '2022-06-20', '2022-07-01', 'C'),
(86, 6, 11, '2022-06-20', '2022-07-01', 'C'),
(87, 6, 12, '2022-06-20', '2022-07-01', 'C'),
(88, 6, 13, '2022-06-20', '2022-07-01', 'C'),
(89, 6, 14, '2022-06-20', '2022-07-01', 'C'),
(90, 6, 15, '2022-06-20', '2022-07-01', 'C'),
(91, 7, 1, '2022-07-20', '2022-07-22', 'C'),
(92, 7, 2, '2022-07-20', '2022-07-22', 'C'),
(93, 7, 3, '2022-07-20', '2022-07-22', 'A'),
(94, 7, 4, '2022-07-20', '2022-07-22', 'A'),
(95, 7, 5, '2022-07-20', '2022-07-22', 'C'),
(96, 7, 6, '2022-07-20', '2022-07-22', 'C'),
(97, 7, 7, '2022-07-20', '2022-07-22', 'C'),
(98, 7, 8, '2022-07-06', '2022-07-09', 'C'),
(99, 7, 9, '2022-07-06', '2022-07-09', 'C'),
(100, 7, 10, '2022-07-20', '2022-07-22', 'C'),
(101, 7, 11, '2022-07-20', '2022-07-22', 'C'),
(102, 7, 12, '2022-07-06', '2022-07-09', 'A'),
(103, 7, 13, '2022-07-20', '2022-07-22', 'C'),
(104, 7, 14, '2022-07-20', '2022-07-22', 'C'),
(105, 7, 15, '2022-07-06', '2022-07-09', 'A'),
(106, 8, 1, '2022-08-22', '2022-08-26', 'C'),
(107, 8, 2, '2022-08-22', '2022-08-26', 'C'),
(108, 8, 3, '2022-08-22', '2022-08-26', 'C'),
(109, 8, 4, '2022-08-22', '2022-08-26', 'C'),
(110, 8, 5, '2022-08-22', '2022-08-26', 'C'),
(111, 8, 6, '2022-08-22', '2022-08-26', 'C'),
(112, 8, 7, '2022-08-22', '2022-08-26', 'C'),
(113, 8, 8, '2022-08-22', '2022-08-26', 'C'),
(114, 8, 9, '2022-08-22', '2022-08-26', 'C'),
(115, 8, 10, '2022-08-22', '2022-08-26', 'C'),
(116, 8, 11, '2022-08-22', '2022-08-26', 'C'),
(117, 8, 12, '2022-08-22', '2022-08-26', 'C'),
(118, 8, 13, '2022-08-22', '2022-08-26', 'C'),
(119, 8, 14, '2022-08-22', '2022-08-26', 'C'),
(120, 8, 15, '2022-08-22', '2022-08-26', 'C'),
(121, 9, 1, '2022-08-29', '2022-08-31', 'C'),
(122, 9, 2, '2022-08-29', '2022-08-31', 'C'),
(123, 9, 3, '2022-08-29', '2022-08-31', 'C'),
(124, 9, 4, '2022-08-29', '2022-08-31', 'C'),
(125, 9, 5, '2022-08-29', '2022-08-31', 'C'),
(126, 9, 6, '2022-08-29', '2022-08-31', 'C'),
(127, 9, 7, '2022-08-29', '2022-08-31', 'C'),
(128, 9, 8, '2022-08-29', '2022-08-31', 'C'),
(129, 9, 9, '2022-08-29', '2022-08-31', 'C'),
(130, 9, 10, '2022-08-29', '2022-08-31', 'C'),
(131, 9, 11, '2022-08-29', '2022-08-31', 'C'),
(132, 9, 12, '2022-08-29', '2022-08-31', 'C'),
(133, 9, 13, '2022-08-29', '2022-08-31', 'C'),
(134, 9, 14, '2022-08-29', '2022-08-31', 'C'),
(135, 9, 15, '2022-08-29', '2022-08-31', 'C'),
(137, 10, 16, '2021-11-08', '2023-11-10', 'A'),
(138, 11, 16, '2022-01-03', '2023-11-10', 'A'),
(139, 12, 16, '2022-02-21', '2023-11-10', 'A'),
(140, 13, 16, '2022-04-11', '2023-11-10', 'A'),
(141, 14, 16, '2022-04-27', '2023-11-10', 'A'),
(142, 15, 16, '2022-06-06', '2023-11-10', 'A'),
(143, 16, 16, '2022-07-18', '2023-11-10', 'A'),
(144, 17, 16, '2022-08-29', '2023-11-10', 'A'),
(145, 18, 16, '2022-09-07', '2023-11-10', 'A'),
(146, 19, 16, '2022-09-08', '2023-11-10', 'A'),
(147, 20, 16, '2022-09-08', '2023-11-10', 'A'),
(148, 21, 17, '2021-11-08', '2023-08-31', 'C'),
(149, 21, 18, '2021-11-08', '2023-08-31', 'C'),
(150, 22, 17, '2021-12-13', '2023-08-31', 'A'),
(151, 22, 18, '2021-12-13', '2023-08-31', 'C'),
(152, 23, 17, '2022-01-17', '2023-08-31', 'C'),
(153, 23, 18, '2022-01-17', '2023-08-31', 'C'),
(154, 24, 17, '2022-01-24', '2023-08-31', 'C'),
(155, 24, 18, '2022-01-24', '2023-08-31', 'C'),
(156, 25, 17, '2022-02-21', '2023-08-31', 'A'),
(157, 25, 18, '2022-02-21', '2023-08-31', 'A'),
(158, 26, 17, '2022-03-28', '2023-08-31', 'A'),
(159, 26, 18, '2022-03-28', '2023-08-31', 'A'),
(160, 27, 17, '2022-04-08', '2023-08-31', 'A'),
(161, 27, 18, '2022-04-08', '2023-08-31', 'A'),
(162, 28, 17, '2022-04-11', '2023-08-31', 'A'),
(163, 28, 18, '2022-04-11', '2023-08-31', 'A'),
(164, 29, 17, '2022-04-12', '2023-08-31', 'A'),
(165, 29, 18, '2022-04-12', '2023-08-31', 'A'),
(179, 32, 20, '2023-09-18', '2024-02-18', 'A'),
(180, 32, 21, '2023-09-18', '2023-12-18', 'C'),
(181, 32, 22, '2023-09-18', '2023-12-18', 'C'),
(182, 32, 23, '2023-09-18', '2023-12-18', 'C'),
(183, 32, 24, '2023-09-18', '2023-12-18', 'C'),
(184, 32, 25, '2023-09-18', '2023-12-18', 'C'),
(185, 35, 26, '2023-09-18', '2023-11-18', 'C'),
(186, 39, 26, '0000-00-00', '2023-11-18', 'C'),
(187, 36, 26, '2023-11-20', '2024-01-20', 'C'),
(188, 40, 26, '2023-11-20', '2024-01-20', 'C'),
(189, 41, 26, '2024-01-17', '2024-01-20', 'C'),
(190, 37, 26, '2024-01-22', '2024-01-27', 'C'),
(191, 38, 26, '2024-02-05', '2024-02-09', 'C'),
(192, 35, 27, '2023-09-18', '2023-11-18', 'C'),
(193, 39, 27, '0000-00-00', '2023-11-18', 'C'),
(194, 36, 27, '2023-11-20', '2024-01-20', 'C'),
(195, 40, 27, '2023-11-20', '2024-01-20', 'C'),
(196, 41, 27, '2024-01-17', '2024-01-20', 'C'),
(197, 37, 27, '2024-01-22', '2024-01-27', 'C'),
(198, 38, 27, '2024-02-05', '2024-02-09', 'C'),
(199, 35, 28, '2023-09-18', '2023-11-18', 'C'),
(200, 39, 28, '0000-00-00', '2023-11-18', 'C'),
(201, 36, 28, '2023-11-20', '2024-01-20', 'C'),
(202, 40, 28, '2023-11-20', '2024-01-20', 'C'),
(203, 41, 28, '2024-01-17', '2024-01-20', 'C'),
(204, 37, 28, '2024-01-22', '2024-01-27', 'C'),
(205, 38, 28, '2024-02-05', '2024-02-09', 'C'),
(206, 35, 29, '2023-09-18', '2023-11-18', 'C'),
(207, 39, 29, '0000-00-00', '2023-11-18', 'C'),
(208, 36, 29, '2023-11-20', '2024-01-20', 'C'),
(209, 40, 29, '2023-11-20', '2024-01-20', 'C'),
(210, 41, 29, '2024-01-17', '2024-01-20', 'C'),
(211, 37, 29, '2024-01-22', '2024-01-27', 'C'),
(212, 38, 29, '2024-02-05', '2024-02-09', 'C'),
(213, 35, 30, '2023-09-18', '2023-11-18', 'C'),
(214, 39, 30, '0000-00-00', '2023-11-18', 'C'),
(215, 36, 30, '2023-11-20', '2024-01-20', 'C'),
(216, 40, 30, '2023-11-20', '2024-01-20', 'C'),
(217, 41, 30, '2024-01-17', '2024-01-20', 'C'),
(218, 37, 30, '2024-01-22', '2024-01-27', 'C'),
(219, 38, 30, '2024-02-05', '2024-02-09', 'C'),
(220, 35, 31, '2023-09-18', '2023-11-18', 'C'),
(221, 39, 31, '0000-00-00', '2023-11-18', 'C'),
(222, 36, 31, '2023-11-20', '2024-01-20', 'C'),
(223, 40, 31, '2023-11-20', '2024-01-20', 'C'),
(224, 41, 31, '2024-01-17', '2024-01-20', 'C'),
(225, 37, 31, '2024-01-22', '2024-01-27', 'C'),
(226, 38, 31, '2024-02-05', '2024-02-09', 'C'),
(227, 35, 32, '2023-09-18', '2023-11-18', 'C'),
(228, 39, 32, '0000-00-00', '2023-11-18', 'C'),
(229, 36, 32, '2023-11-20', '2024-01-20', 'C'),
(230, 40, 32, '2023-11-20', '2024-01-20', 'C'),
(231, 41, 32, '2024-01-17', '2024-01-20', 'C'),
(232, 37, 32, '2024-01-22', '2024-01-27', 'C'),
(233, 38, 32, '2024-02-05', '2024-02-09', 'C'),
(234, 35, 33, '2023-09-18', '2023-11-18', 'C'),
(235, 39, 33, '0000-00-00', '2023-11-18', 'C'),
(236, 36, 33, '2023-11-20', '2024-01-20', 'C'),
(237, 40, 33, '2023-11-20', '2024-01-20', 'C'),
(238, 41, 33, '2024-01-17', '2024-01-20', 'C'),
(239, 37, 33, '2024-01-22', '2024-01-27', 'C'),
(240, 38, 33, '2024-02-05', '2024-02-09', 'C'),
(241, 42, 26, '2023-11-13', '2023-11-18', 'C'),
(242, 42, 27, '2023-11-13', '2023-11-18', 'C'),
(243, 42, 28, '2023-11-13', '2023-11-18', 'C'),
(244, 42, 29, '2023-11-13', '2023-11-18', 'C'),
(245, 42, 30, '2023-11-13', '2023-11-18', 'C'),
(246, 42, 31, '2023-11-13', '2023-11-18', 'C'),
(247, 42, 32, '2023-11-13', '2023-11-18', 'C'),
(248, 42, 33, '2023-11-13', '2023-11-18', 'C'),
(249, 43, 20, '2023-09-22', '2023-12-23', 'C'),
(250, 43, 21, '2023-09-22', '2023-12-23', 'C'),
(251, 43, 22, '2023-09-22', '2023-12-23', 'C'),
(252, 43, 23, '2023-09-22', '2023-12-23', 'C'),
(253, 43, 24, '2023-09-22', '2023-12-23', 'C'),
(254, 43, 25, '2023-09-22', '2023-12-23', 'C'),
(255, 44, 20, '2023-12-19', '2023-12-23', 'C'),
(256, 44, 21, '2023-12-19', '2023-12-23', 'C'),
(257, 44, 22, '2023-12-19', '2023-12-23', 'C'),
(258, 44, 23, '2023-12-19', '2023-12-23', 'C'),
(259, 44, 24, '2023-12-19', '2023-12-23', 'C'),
(260, 44, 25, '2023-12-19', '2023-12-23', 'C'),
(261, 45, 34, '2023-09-22', '2023-12-23', 'C'),
(262, 45, 35, '2023-09-22', '2023-12-23', 'C'),
(263, 45, 36, '2023-09-22', '2023-12-23', 'C'),
(264, 45, 37, '2023-09-22', '2023-12-23', 'C'),
(265, 45, 38, '2023-09-22', '2023-12-23', 'C'),
(266, 45, 39, '2023-09-22', '2023-12-23', 'C'),
(267, 46, 34, '2023-09-22', '2023-12-23', 'C'),
(268, 46, 35, '2023-09-22', '2023-12-23', 'C'),
(269, 46, 36, '2023-09-22', '2023-12-23', 'C'),
(270, 46, 37, '2023-09-22', '2023-12-23', 'C'),
(271, 46, 38, '2023-09-22', '2023-12-23', 'C'),
(272, 46, 39, '2023-09-22', '2023-12-23', 'C'),
(273, 47, 34, '2023-12-19', '2023-12-23', 'C'),
(274, 47, 35, '2023-12-19', '2023-12-23', 'C'),
(275, 47, 36, '2023-12-19', '2023-12-23', 'C'),
(276, 47, 37, '2023-12-19', '2023-12-23', 'C'),
(277, 47, 38, '2023-12-19', '2023-12-23', 'C'),
(278, 47, 39, '2023-12-19', '2023-12-23', 'C'),
(279, 48, 34, '2023-12-26', '2024-03-23', 'C'),
(280, 48, 35, '2023-12-26', '2024-03-23', 'C'),
(281, 48, 36, '2023-12-26', '2024-03-23', 'C'),
(282, 48, 37, '2023-12-26', '2024-03-23', 'C'),
(283, 48, 38, '2023-12-26', '2024-03-23', 'C'),
(284, 48, 39, '2023-12-26', '2024-03-23', 'C'),
(285, 49, 34, '2023-12-26', '2024-03-23', 'C'),
(286, 49, 35, '2023-12-26', '2024-03-23', 'C'),
(287, 49, 36, '2023-12-26', '2024-03-23', 'C'),
(288, 49, 37, '2023-12-26', '2024-03-23', 'C'),
(289, 49, 38, '2023-12-26', '2024-03-23', 'C'),
(290, 49, 39, '2023-12-26', '2024-03-23', 'C'),
(291, 50, 34, '2024-03-19', '2024-03-22', 'C'),
(292, 50, 35, '2024-03-19', '2024-03-22', 'C'),
(293, 50, 36, '2024-03-19', '2024-03-22', 'C'),
(294, 50, 37, '2024-03-19', '2024-03-22', 'C'),
(295, 50, 38, '2024-03-19', '2024-03-22', 'C'),
(296, 50, 39, '2024-03-19', '2024-03-22', 'C'),
(297, 51, 34, '2024-03-19', '2024-03-22', 'C'),
(298, 51, 35, '2024-03-19', '2024-03-22', 'C'),
(299, 51, 36, '2024-03-19', '2024-03-22', 'C'),
(300, 51, 37, '2024-03-19', '2024-03-22', 'C'),
(301, 51, 38, '2024-03-19', '2024-03-22', 'C'),
(302, 51, 39, '2024-03-19', '2024-03-22', 'C'),
(309, 53, 34, '2024-03-25', '2024-06-22', 'C'),
(310, 53, 35, '2024-03-25', '2024-06-22', 'C'),
(311, 53, 36, '2024-03-25', '2024-06-22', 'C'),
(312, 53, 37, '2024-03-25', '2024-06-22', 'C'),
(313, 53, 38, '2024-03-25', '2024-06-22', 'C'),
(314, 53, 39, '2024-03-25', '2024-06-22', 'C'),
(315, 54, 34, '2024-03-25', '2024-06-22', 'C'),
(316, 54, 35, '2024-03-25', '2024-06-22', 'C'),
(317, 54, 36, '2024-03-25', '2024-06-22', 'C'),
(318, 54, 37, '2024-03-25', '2024-06-22', 'C'),
(319, 54, 38, '2024-03-25', '2024-06-22', 'C'),
(320, 54, 39, '2024-03-25', '2024-06-22', 'C'),
(321, 55, 34, '2024-06-19', '2024-06-22', 'C'),
(322, 55, 35, '2024-06-19', '2024-06-22', 'C'),
(323, 55, 36, '2024-06-19', '2024-06-22', 'C'),
(324, 55, 37, '2024-06-19', '2024-06-22', 'C'),
(325, 55, 38, '2024-06-19', '2024-06-22', 'C'),
(326, 55, 39, '2024-06-19', '2024-06-22', 'C'),
(327, 56, 34, '2024-06-19', '2024-06-22', 'C'),
(328, 56, 35, '2024-06-19', '2024-06-22', 'C'),
(329, 56, 36, '2024-06-19', '2024-06-22', 'C'),
(330, 56, 37, '2024-06-19', '2024-06-22', 'C'),
(331, 56, 38, '2024-06-19', '2024-06-22', 'C'),
(332, 56, 39, '2024-06-19', '2024-06-22', 'C'),
(333, 57, 34, '2024-06-24', '2024-06-29', 'C'),
(334, 57, 35, '2024-06-24', '2024-06-29', 'C'),
(335, 57, 36, '2024-06-24', '2024-06-29', 'C'),
(336, 57, 37, '2024-06-24', '2024-06-29', 'C'),
(337, 57, 38, '2024-06-24', '2024-06-29', 'C'),
(338, 57, 39, '2024-06-24', '2024-06-29', 'C'),
(339, 58, 34, '2024-07-15', '2024-07-20', 'C'),
(340, 58, 35, '2024-07-15', '2024-07-20', 'C'),
(341, 58, 36, '2024-07-15', '2024-07-20', 'C'),
(342, 58, 37, '2024-07-15', '2024-07-20', 'C'),
(343, 58, 38, '2024-07-15', '2024-07-20', 'C'),
(344, 58, 39, '2024-07-15', '2024-07-20', 'C'),
(345, 59, 20, '2023-12-26', '2024-03-23', 'C'),
(346, 59, 21, '2023-12-26', '2024-03-23', 'C'),
(347, 59, 22, '2023-12-26', '2024-03-23', 'C'),
(348, 59, 23, '2023-12-26', '2024-03-23', 'C'),
(349, 59, 24, '2023-12-26', '2024-03-23', 'C'),
(350, 59, 25, '2023-12-26', '2024-03-23', 'C'),
(351, 60, 20, '2023-12-26', '2024-03-23', 'C'),
(352, 60, 21, '2023-12-26', '2024-03-23', 'C'),
(353, 60, 22, '2023-12-26', '2024-03-23', 'C'),
(354, 60, 23, '2023-12-26', '2024-03-23', 'C'),
(355, 60, 24, '2023-12-26', '2024-03-23', 'C'),
(356, 60, 25, '2023-12-26', '2024-03-23', 'C'),
(357, 61, 20, '2024-03-19', '2024-03-22', 'C'),
(358, 61, 21, '2024-03-19', '2024-03-22', 'C'),
(359, 61, 22, '2024-03-19', '2024-03-22', 'C'),
(360, 61, 23, '2024-03-19', '2024-03-22', 'C'),
(361, 61, 24, '2024-03-19', '2024-03-22', 'C'),
(362, 61, 25, '2024-03-19', '2024-03-22', 'C'),
(363, 62, 20, '2024-03-19', '2024-03-22', 'C'),
(364, 62, 21, '2024-03-19', '2024-03-22', 'C'),
(365, 62, 22, '2024-03-19', '2024-03-22', 'C'),
(366, 62, 23, '2024-03-19', '2024-03-22', 'C'),
(367, 62, 24, '2024-03-19', '2024-03-22', 'C'),
(368, 62, 25, '2024-03-19', '2024-03-22', 'C'),
(369, 63, 34, '2023-12-19', '2023-12-23', 'C'),
(370, 63, 35, '2023-12-19', '2023-12-23', 'C'),
(371, 63, 36, '2023-12-19', '2023-12-23', 'C'),
(372, 63, 37, '2023-12-19', '2023-12-23', 'C'),
(373, 63, 38, '2023-12-19', '2023-12-23', 'C'),
(374, 63, 39, '2023-12-19', '2023-12-23', 'C');

-- --------------------------------------------------------

--
-- Estructura de tabla para la tabla `sw_area`
--

CREATE TABLE `sw_area` (
  `id_area` int(11) UNSIGNED NOT NULL,
  `ar_nombre` varchar(45) NOT NULL
) ENGINE=InnoDB DEFAULT CHARSET=utf8 COLLATE=utf8_general_ci;

--
-- Volcado de datos para la tabla `sw_area`
--

INSERT INTO `sw_area` (`id_area`, `ar_nombre`) VALUES
(1, 'CIENCIAS NATURALES'),
(2, 'CIENCIAS SOCIALES'),
(3, 'EDUCACION CULTURAL Y ARTISTICA'),
(4, 'EDUCACION FISICA'),
(5, 'LENGUA EXTRANJERA'),
(6, 'LENGUA Y LITERATURA'),
(7, 'MATEMATICA'),
(8, 'MODULO INTER-ÁREAS'),
(10, 'CONTABILIDAD'),
(11, 'INFORMATICA');

-- --------------------------------------------------------

--
-- Estructura de tabla para la tabla `sw_asignatura`
--

CREATE TABLE `sw_asignatura` (
  `id_asignatura` int(11) UNSIGNED NOT NULL,
  `id_area` int(11) UNSIGNED NOT NULL,
  `id_tipo_asignatura` int(11) UNSIGNED NOT NULL,
  `as_nombre` varchar(84) NOT NULL,
  `as_abreviatura` varchar(16) NOT NULL,
  `as_curricular` tinyint(4) NOT NULL DEFAULT 1
) ENGINE=InnoDB DEFAULT CHARSET=utf8mb4 COLLATE=utf8mb4_general_ci;

--
-- Volcado de datos para la tabla `sw_asignatura`
--

INSERT INTO `sw_asignatura` (`id_asignatura`, `id_area`, `id_tipo_asignatura`, `as_nombre`, `as_abreviatura`, `as_curricular`) VALUES
(1, 1, 1, 'BIOLOGIA', 'BIO', 1),
(2, 1, 1, 'CIENCIAS NATURALES', 'CCNN', 1),
(3, 1, 1, 'FISICA', 'FIS', 1),
(4, 1, 1, 'QUIMICA', 'QUIM', 1),
(5, 2, 1, 'EDUCACION PARA LA CIUDADANIA', 'EDU.C.', 1),
(6, 2, 1, 'ESTUDIOS SOCIALES', 'EESS', 1),
(7, 2, 1, 'FILOSOFIA', 'FILO', 1),
(8, 2, 1, 'HISTORIA', 'HIST', 1),
(9, 10, 1, 'CONTABILIDAD DE COSTOS', 'COSTOS', 1),
(10, 10, 1, 'CONTABILIDAD GENERAL', 'CONTA', 1),
(11, 10, 1, 'GESTION DEL TALENTO HUMANO', 'G.TAL.H.', 1),
(12, 10, 1, 'PAQUETES CONTABLES Y TRIBUTARIOS', 'PAQ.CON.', 1),
(13, 10, 1, 'FORMACION Y ORIENTACION LABORAL', 'FOL', 1),
(14, 10, 1, 'TRIBUTACION', 'TRIB.', 1),
(15, 10, 1, 'CONTABILIDAD BANCARIA', 'CON.BAN.', 1),
(16, 3, 1, 'EDUCACION CULTURAL Y ARTISTICA', 'ECA', 1),
(17, 11, 1, 'APLICACIONES OFIMATICAS LOCALES Y EN LINEA', 'APL.OF.', 1),
(18, 11, 1, 'FORMACION Y ORIENTACION LABORAL', 'FOL', 1),
(19, 11, 1, 'PROGRAMACION Y BASES DE DATOS', 'PROG.', 1),
(20, 11, 1, 'SISTEMAS OPERATIVOS Y REDES', 'SIS.OP.', 1),
(21, 11, 1, 'SOPORTE TECNICO', 'SOP.TEC.', 1),
(22, 6, 1, 'LENGUA Y LITERATURA', 'LENGUA', 1),
(23, 7, 1, 'MATEMATICA', 'MATE', 1),
(24, 8, 1, 'EMPRENDIMIENTO Y GESTION', 'EMPRE', 1),
(25, 5, 1, 'INGLES', 'ING', 1),
(26, 11, 1, 'DISEÑO Y DESARROLLO WEB', 'DIS.WEB', 1),
(28, 4, 1, 'EDUCACION FISICA', 'EEFF', 1);

-- --------------------------------------------------------

--
-- Estructura de tabla para la tabla `sw_asignatura_curso`
--

CREATE TABLE `sw_asignatura_curso` (
  `id_asignatura_curso` int(11) UNSIGNED NOT NULL,
  `id_periodo_lectivo` int(11) UNSIGNED NOT NULL,
  `id_curso` int(11) UNSIGNED NOT NULL,
  `id_asignatura` int(11) UNSIGNED NOT NULL,
  `ac_orden` int(11) UNSIGNED NOT NULL
) ENGINE=InnoDB DEFAULT CHARSET=utf8 COLLATE=utf8_general_ci;

--
-- Volcado de datos para la tabla `sw_asignatura_curso`
--

INSERT INTO `sw_asignatura_curso` (`id_asignatura_curso`, `id_periodo_lectivo`, `id_curso`, `id_asignatura`, `ac_orden`) VALUES
(1, 1, 1, 22, 1),
(2, 1, 1, 23, 2),
(3, 1, 1, 6, 3),
(4, 1, 1, 2, 4),
(5, 1, 1, 16, 5),
(6, 1, 1, 25, 6),
(7, 1, 2, 2, 4),
(8, 1, 2, 6, 3),
(9, 1, 2, 16, 5),
(10, 1, 2, 25, 6),
(12, 1, 2, 23, 2),
(13, 1, 2, 22, 1),
(14, 1, 3, 22, 1),
(15, 1, 3, 23, 2),
(16, 1, 3, 6, 3),
(17, 1, 3, 2, 4),
(18, 1, 3, 16, 5),
(19, 1, 3, 25, 6),
(20, 1, 4, 23, 1),
(21, 1, 4, 3, 2),
(22, 1, 4, 4, 3),
(23, 1, 4, 1, 4),
(24, 1, 4, 8, 5),
(25, 1, 4, 5, 6),
(26, 1, 4, 7, 7),
(27, 1, 4, 22, 8),
(28, 1, 4, 25, 9),
(29, 1, 4, 24, 10),
(30, 1, 5, 23, 1),
(31, 1, 5, 3, 2),
(32, 1, 5, 4, 3),
(33, 1, 5, 1, 4),
(34, 1, 5, 8, 5),
(35, 1, 5, 5, 6),
(36, 1, 5, 7, 7),
(37, 1, 5, 22, 8),
(39, 1, 5, 25, 9),
(40, 1, 5, 24, 10),
(41, 1, 6, 23, 1),
(42, 1, 6, 3, 2),
(43, 1, 6, 4, 3),
(44, 1, 6, 1, 4),
(45, 1, 6, 8, 5),
(46, 1, 6, 22, 6),
(47, 1, 6, 25, 7),
(48, 1, 6, 24, 8),
(49, 1, 7, 23, 1),
(50, 1, 7, 3, 2),
(51, 1, 7, 4, 3),
(52, 1, 7, 1, 4),
(53, 1, 7, 8, 5),
(54, 1, 7, 5, 6),
(55, 1, 7, 7, 7),
(56, 1, 7, 22, 8),
(57, 1, 7, 25, 9),
(58, 1, 7, 24, 10),
(59, 1, 7, 10, 11),
(60, 1, 7, 14, 12),
(61, 1, 7, 12, 13),
(62, 1, 8, 23, 1),
(63, 1, 8, 3, 2),
(64, 1, 8, 4, 3),
(65, 1, 8, 1, 4),
(66, 1, 8, 8, 5),
(67, 1, 8, 5, 6),
(68, 1, 8, 7, 7),
(69, 1, 8, 22, 8),
(70, 1, 8, 25, 9),
(71, 1, 8, 24, 10),
(72, 1, 8, 10, 11),
(73, 1, 8, 14, 12),
(74, 1, 8, 12, 13),
(75, 1, 9, 23, 1),
(76, 1, 9, 3, 2),
(77, 1, 9, 4, 3),
(78, 1, 9, 1, 4),
(79, 1, 9, 8, 5),
(80, 1, 9, 22, 6),
(81, 1, 9, 25, 7),
(82, 1, 9, 24, 8),
(83, 1, 9, 10, 9),
(84, 1, 9, 9, 10),
(85, 1, 9, 15, 11),
(86, 1, 9, 11, 12),
(87, 1, 9, 12, 13),
(88, 1, 9, 13, 14),
(89, 1, 10, 23, 1),
(90, 1, 10, 3, 2),
(91, 1, 10, 4, 3),
(92, 1, 10, 1, 4),
(93, 1, 10, 8, 5),
(94, 1, 10, 5, 6),
(95, 1, 10, 7, 7),
(96, 1, 10, 22, 8),
(97, 1, 10, 25, 9),
(98, 1, 10, 24, 10),
(99, 1, 10, 17, 11),
(100, 1, 10, 20, 12),
(101, 1, 10, 19, 13),
(102, 1, 10, 21, 14),
(103, 1, 11, 23, 1),
(104, 1, 11, 3, 2),
(105, 1, 11, 4, 3),
(106, 1, 11, 1, 4),
(107, 1, 11, 8, 5),
(108, 1, 11, 5, 6),
(109, 1, 11, 7, 7),
(110, 1, 11, 22, 8),
(111, 1, 11, 25, 9),
(112, 1, 11, 24, 10),
(113, 1, 11, 20, 11),
(114, 1, 11, 19, 12),
(115, 1, 11, 21, 13),
(116, 1, 11, 26, 14),
(117, 1, 12, 23, 1),
(118, 1, 12, 3, 2),
(119, 1, 12, 4, 3),
(120, 1, 12, 1, 4),
(121, 1, 12, 8, 5),
(122, 1, 12, 22, 6),
(123, 1, 12, 25, 7),
(124, 1, 12, 24, 8),
(125, 1, 12, 17, 9),
(126, 1, 12, 20, 10),
(127, 1, 12, 19, 11),
(128, 1, 12, 21, 12),
(129, 1, 12, 26, 13),
(130, 1, 12, 18, 14),
(131, 2, 14, 22, 1),
(132, 2, 14, 23, 2),
(133, 2, 14, 6, 3),
(134, 2, 14, 2, 4),
(135, 2, 14, 16, 5),
(136, 2, 14, 28, 6),
(137, 2, 14, 25, 7),
(139, 3, 15, 3, 2),
(140, 3, 15, 4, 3),
(141, 3, 15, 1, 4),
(142, 3, 15, 8, 5),
(143, 3, 15, 5, 6),
(144, 3, 15, 7, 7),
(145, 3, 15, 22, 8),
(146, 3, 15, 16, 9),
(147, 3, 15, 28, 10),
(148, 3, 15, 25, 11),
(149, 3, 15, 24, 12),
(150, 7, 23, 23, 1),
(151, 7, 23, 3, 2),
(152, 7, 23, 4, 3),
(153, 7, 23, 1, 4),
(154, 7, 23, 8, 5),
(155, 7, 23, 5, 6),
(156, 7, 23, 7, 7),
(157, 7, 23, 22, 8),
(158, 7, 23, 25, 9),
(159, 7, 23, 24, 10),
(160, 7, 23, 10, 11),
(161, 7, 23, 14, 12),
(162, 7, 23, 12, 13),
(163, 7, 26, 23, 1),
(164, 7, 26, 3, 2),
(165, 7, 26, 4, 3),
(166, 7, 26, 1, 4),
(167, 7, 26, 8, 5),
(168, 7, 26, 5, 6),
(169, 7, 26, 7, 7),
(170, 7, 26, 22, 8),
(171, 7, 26, 25, 9),
(172, 7, 26, 24, 10),
(173, 7, 26, 17, 11),
(174, 7, 26, 20, 12),
(175, 7, 26, 19, 13),
(176, 7, 24, 23, 1),
(177, 7, 24, 3, 2),
(178, 7, 24, 4, 3),
(179, 7, 24, 1, 4),
(180, 7, 24, 8, 5),
(181, 7, 24, 5, 6),
(182, 7, 24, 7, 7),
(183, 7, 24, 22, 8),
(184, 7, 24, 25, 9),
(185, 7, 24, 24, 10),
(186, 7, 24, 10, 11),
(187, 7, 24, 14, 12),
(188, 7, 24, 12, 13),
(189, 7, 26, 21, 14),
(190, 7, 27, 23, 1),
(191, 7, 27, 3, 2),
(192, 7, 27, 4, 3),
(193, 7, 27, 1, 4),
(194, 7, 27, 8, 5),
(195, 7, 27, 5, 6),
(196, 7, 27, 7, 7),
(197, 7, 27, 22, 8),
(198, 7, 27, 25, 9),
(199, 7, 27, 24, 10),
(200, 7, 27, 20, 11),
(201, 7, 27, 19, 12),
(202, 7, 27, 21, 13),
(203, 7, 27, 26, 14),
(204, 7, 25, 23, 1),
(205, 7, 25, 3, 2),
(206, 7, 25, 4, 3),
(207, 7, 25, 1, 4),
(208, 7, 25, 8, 5),
(209, 7, 25, 22, 6),
(210, 7, 25, 25, 7),
(211, 7, 25, 24, 8),
(212, 7, 25, 10, 9),
(213, 7, 25, 9, 10),
(214, 7, 25, 15, 11),
(215, 7, 25, 11, 12),
(216, 7, 25, 12, 13),
(217, 7, 25, 13, 14),
(218, 7, 28, 23, 1),
(219, 7, 28, 3, 2),
(220, 7, 28, 4, 3),
(221, 7, 28, 1, 4),
(222, 7, 28, 8, 5),
(223, 7, 28, 22, 6),
(224, 7, 28, 25, 7),
(225, 7, 28, 24, 8),
(226, 7, 28, 17, 9),
(227, 7, 28, 20, 10),
(228, 7, 28, 19, 11),
(229, 7, 28, 21, 12),
(230, 7, 28, 26, 13),
(231, 7, 28, 18, 14),
(232, 3, 15, 23, 1),
(233, 11, 33, 23, 1),
(234, 11, 33, 3, 2),
(235, 11, 33, 4, 3),
(236, 8, 29, 22, 1),
(237, 8, 29, 23, 2),
(238, 8, 29, 6, 3),
(239, 8, 29, 2, 4),
(240, 8, 29, 16, 5),
(241, 8, 29, 25, 6),
(242, 8, 29, 28, 7),
(243, 8, 39, 22, 1),
(244, 8, 39, 23, 2),
(245, 8, 39, 6, 3),
(246, 8, 39, 2, 4),
(247, 8, 39, 16, 5),
(248, 8, 39, 28, 6),
(249, 11, 33, 1, 4),
(250, 11, 33, 8, 5),
(251, 11, 33, 5, 6),
(252, 11, 33, 7, 7),
(253, 11, 33, 22, 8),
(254, 11, 33, 25, 9),
(255, 11, 33, 24, 10),
(256, 11, 33, 16, 11),
(257, 11, 33, 28, 12),
(258, 11, 33, 10, 13),
(259, 11, 33, 14, 14),
(260, 11, 33, 12, 15),
(261, 11, 36, 23, 1),
(262, 11, 36, 3, 2),
(263, 11, 36, 4, 3),
(264, 11, 36, 1, 4),
(265, 11, 36, 8, 5),
(266, 11, 36, 5, 6),
(267, 11, 36, 7, 7),
(268, 11, 36, 22, 8),
(269, 11, 36, 25, 9),
(270, 11, 36, 24, 10),
(271, 11, 36, 16, 11),
(272, 11, 36, 28, 12),
(273, 11, 36, 17, 13),
(274, 11, 36, 20, 14),
(275, 11, 36, 21, 16),
(276, 11, 36, 19, 15),
(277, 11, 34, 23, 1),
(278, 11, 34, 3, 2),
(279, 11, 34, 4, 3),
(280, 11, 34, 1, 4),
(281, 11, 34, 8, 5),
(282, 11, 34, 5, 6),
(283, 11, 34, 7, 7),
(284, 11, 34, 22, 8),
(285, 11, 34, 25, 9),
(286, 11, 34, 24, 10),
(287, 11, 34, 16, 11),
(288, 11, 34, 28, 12),
(289, 11, 34, 10, 13),
(290, 11, 34, 14, 14),
(291, 11, 34, 12, 15),
(292, 11, 37, 23, 1),
(293, 11, 37, 3, 2),
(294, 11, 37, 4, 3),
(295, 11, 37, 1, 4),
(296, 11, 37, 8, 5),
(297, 11, 37, 5, 6),
(298, 11, 37, 7, 7),
(299, 11, 37, 22, 8),
(300, 11, 37, 25, 9),
(301, 11, 37, 24, 10),
(302, 11, 37, 16, 11),
(303, 11, 37, 28, 12),
(304, 11, 37, 20, 13),
(305, 11, 37, 19, 14),
(306, 11, 37, 21, 15),
(307, 11, 37, 26, 16),
(308, 11, 35, 23, 1),
(309, 11, 35, 3, 2),
(310, 11, 35, 4, 3),
(311, 11, 35, 1, 4),
(312, 11, 35, 8, 5),
(315, 11, 35, 25, 9),
(316, 11, 35, 22, 8),
(317, 11, 35, 24, 10),
(319, 11, 35, 28, 12),
(320, 11, 35, 10, 13),
(321, 11, 35, 9, 14),
(322, 11, 35, 15, 15),
(323, 11, 35, 11, 16),
(324, 11, 35, 12, 17),
(325, 11, 35, 13, 18),
(326, 11, 38, 23, 1),
(327, 11, 38, 3, 2),
(329, 11, 38, 4, 3),
(332, 11, 38, 1, 4),
(333, 11, 38, 8, 5),
(336, 11, 38, 22, 6),
(337, 11, 38, 25, 7),
(338, 11, 38, 24, 8),
(339, 11, 38, 28, 9),
(340, 11, 38, 17, 10),
(341, 11, 38, 20, 11),
(342, 11, 38, 19, 12),
(343, 11, 38, 26, 14),
(344, 11, 38, 18, 15),
(345, 11, 38, 21, 13);

-- --------------------------------------------------------

--
-- Estructura de tabla para la tabla `sw_asistencia_estudiante`
--

CREATE TABLE `sw_asistencia_estudiante` (
  `id_asistencia_estudiante` int(11) NOT NULL,
  `id_hora_clase` int(11) UNSIGNED NOT NULL,
  `id_estudiante` int(11) UNSIGNED NOT NULL,
  `id_asignatura` int(11) UNSIGNED NOT NULL,
  `id_paralelo` int(11) UNSIGNED NOT NULL,
  `id_inasistencia` int(11) NOT NULL,
  `ae_fecha` date NOT NULL
) ENGINE=InnoDB DEFAULT CHARSET=latin1 COLLATE=latin1_swedish_ci;

--
-- Volcado de datos para la tabla `sw_asistencia_estudiante`
--

INSERT INTO `sw_asistencia_estudiante` (`id_asistencia_estudiante`, `id_hora_clase`, `id_estudiante`, `id_asignatura`, `id_paralelo`, `id_inasistencia`, `ae_fecha`) VALUES
(1, 13, 395, 16, 18, 2, '2023-09-19'),
(2, 13, 396, 16, 18, 1, '2023-09-19'),
(3, 13, 397, 16, 18, 1, '2023-09-19'),
(4, 13, 398, 16, 18, 1, '2023-09-19'),
(5, 13, 399, 16, 18, 1, '2023-09-19'),
(6, 13, 400, 16, 18, 1, '2023-09-19'),
(7, 13, 402, 16, 18, 1, '2023-09-19'),
(8, 13, 403, 16, 18, 1, '2023-09-19'),
(9, 13, 404, 16, 18, 1, '2023-09-19'),
(10, 13, 406, 16, 18, 1, '2023-09-19'),
(11, 13, 407, 16, 18, 1, '2023-09-19'),
(12, 13, 408, 16, 18, 1, '2023-09-19'),
(13, 13, 409, 16, 18, 1, '2023-09-19'),
(14, 13, 411, 16, 18, 1, '2023-09-19'),
(15, 13, 412, 16, 18, 1, '2023-09-19'),
(16, 13, 413, 16, 18, 1, '2023-09-19'),
(17, 13, 414, 16, 18, 1, '2023-09-19'),
(18, 13, 415, 16, 18, 1, '2023-09-19'),
(19, 13, 416, 16, 18, 1, '2023-09-19'),
(20, 13, 417, 16, 18, 1, '2023-09-19'),
(21, 13, 418, 16, 18, 1, '2023-09-19'),
(22, 13, 420, 16, 18, 1, '2023-09-19'),
(23, 14, 395, 16, 18, 2, '2023-09-19'),
(24, 14, 396, 16, 18, 1, '2023-09-19'),
(25, 14, 397, 16, 18, 1, '2023-09-19'),
(26, 14, 398, 16, 18, 1, '2023-09-19'),
(27, 14, 399, 16, 18, 1, '2023-09-19'),
(28, 14, 400, 16, 18, 1, '2023-09-19'),
(29, 14, 402, 16, 18, 1, '2023-09-19'),
(30, 14, 403, 16, 18, 1, '2023-09-19'),
(31, 14, 404, 16, 18, 1, '2023-09-19'),
(32, 14, 406, 16, 18, 1, '2023-09-19'),
(33, 14, 407, 16, 18, 1, '2023-09-19'),
(34, 14, 408, 16, 18, 1, '2023-09-19'),
(35, 14, 409, 16, 18, 1, '2023-09-19'),
(36, 14, 411, 16, 18, 1, '2023-09-19'),
(37, 14, 412, 16, 18, 1, '2023-09-19'),
(38, 14, 413, 16, 18, 1, '2023-09-19'),
(39, 14, 414, 16, 18, 1, '2023-09-19'),
(40, 14, 415, 16, 18, 1, '2023-09-19'),
(41, 14, 416, 16, 18, 1, '2023-09-19'),
(42, 14, 417, 16, 18, 1, '2023-09-19'),
(43, 14, 418, 16, 18, 1, '2023-09-19'),
(44, 14, 420, 16, 18, 1, '2023-09-19');

-- --------------------------------------------------------

--
-- Estructura de tabla para la tabla `sw_asociar_curso_superior`
--

CREATE TABLE `sw_asociar_curso_superior` (
  `id_asociar_curso_superior` int(11) UNSIGNED NOT NULL,
  `id_periodo_lectivo` int(11) UNSIGNED NOT NULL,
  `id_curso_inferior` int(11) UNSIGNED NOT NULL,
  `id_curso_superior` int(11) UNSIGNED NOT NULL
) ENGINE=InnoDB DEFAULT CHARSET=utf8 COLLATE=utf8_general_ci;

--
-- Volcado de datos para la tabla `sw_asociar_curso_superior`
--

INSERT INTO `sw_asociar_curso_superior` (`id_asociar_curso_superior`, `id_periodo_lectivo`, `id_curso_inferior`, `id_curso_superior`) VALUES
(1, 1, 1, 2),
(2, 1, 2, 3),
(3, 1, 3, 4),
(4, 1, 4, 5),
(5, 1, 5, 6),
(6, 1, 7, 5),
(7, 1, 8, 6),
(8, 1, 10, 5),
(9, 1, 11, 6),
(11, 2, 14, 4),
(12, 3, 15, 5),
(13, 3, 16, 6),
(14, 11, 33, 5);

-- --------------------------------------------------------

--
-- Estructura de tabla para la tabla `sw_calificacion_comportamiento`
--

CREATE TABLE `sw_calificacion_comportamiento` (
  `id_paralelo` int(11) UNSIGNED NOT NULL,
  `id_estudiante` int(11) UNSIGNED NOT NULL,
  `id_aporte_evaluacion` int(11) UNSIGNED NOT NULL,
  `id_asignatura` int(11) UNSIGNED NOT NULL,
  `co_calificacion` int(11) NOT NULL,
  `co_cualitativa` varchar(3) NOT NULL
) ENGINE=InnoDB DEFAULT CHARSET=latin1 COLLATE=latin1_swedish_ci;

--
-- Volcado de datos para la tabla `sw_calificacion_comportamiento`
--

INSERT INTO `sw_calificacion_comportamiento` (`id_paralelo`, `id_estudiante`, `id_aporte_evaluacion`, `id_asignatura`, `co_calificacion`, `co_cualitativa`) VALUES
(17, 369, 21, 16, 5, 'A'),
(17, 370, 21, 16, 5, 'A'),
(17, 372, 21, 16, 5, 'A'),
(17, 373, 21, 16, 5, 'A'),
(17, 374, 21, 16, 5, 'A'),
(17, 376, 21, 16, 5, 'A'),
(17, 377, 21, 16, 5, 'A'),
(17, 378, 21, 16, 5, 'A'),
(17, 379, 21, 16, 5, 'A'),
(17, 380, 21, 16, 5, 'A'),
(17, 382, 21, 16, 5, 'A'),
(17, 384, 21, 16, 5, 'A'),
(17, 385, 21, 16, 5, 'A'),
(17, 386, 21, 16, 5, 'A'),
(17, 388, 21, 16, 5, 'A'),
(17, 389, 21, 16, 5, 'A'),
(17, 390, 21, 16, 5, 'A'),
(17, 393, 21, 16, 5, 'A'),
(17, 394, 21, 16, 5, 'A'),
(17, 369, 21, 3, 5, 'A'),
(17, 370, 21, 3, 5, 'A'),
(17, 372, 21, 3, 5, 'A'),
(17, 373, 21, 3, 5, 'A'),
(17, 374, 21, 3, 5, 'A'),
(17, 376, 21, 3, 5, 'A'),
(17, 377, 21, 3, 5, 'A'),
(17, 378, 21, 3, 5, 'A'),
(17, 379, 21, 3, 5, 'A'),
(17, 380, 21, 3, 5, 'A'),
(17, 382, 21, 3, 5, 'A'),
(17, 384, 21, 3, 5, 'A'),
(17, 385, 21, 3, 5, 'A'),
(17, 386, 21, 3, 5, 'A'),
(17, 388, 21, 3, 5, 'A'),
(17, 389, 21, 3, 5, 'A'),
(17, 390, 21, 3, 5, 'A'),
(17, 393, 21, 3, 5, 'A'),
(17, 394, 21, 3, 5, 'A'),
(17, 369, 21, 23, 5, 'A'),
(17, 370, 21, 23, 5, 'A'),
(17, 372, 21, 23, 5, 'A'),
(17, 373, 21, 23, 5, 'A'),
(17, 374, 21, 23, 5, 'A'),
(17, 376, 21, 23, 5, 'A'),
(17, 377, 21, 23, 5, 'A'),
(17, 378, 21, 23, 5, 'A'),
(17, 379, 21, 23, 5, 'A'),
(17, 380, 21, 23, 5, 'A'),
(17, 382, 21, 23, 5, 'A'),
(17, 384, 21, 23, 5, 'A'),
(17, 385, 21, 23, 5, 'A'),
(17, 386, 21, 23, 5, 'A'),
(17, 388, 21, 23, 5, 'A'),
(17, 389, 21, 23, 5, 'A'),
(17, 390, 21, 23, 5, 'A'),
(17, 393, 21, 23, 5, 'A'),
(17, 394, 21, 23, 5, 'A'),
(18, 395, 21, 16, 5, 'A'),
(18, 396, 21, 16, 5, 'A'),
(18, 397, 21, 16, 5, 'A'),
(18, 398, 21, 16, 5, 'A'),
(18, 399, 21, 16, 5, 'A'),
(18, 400, 21, 16, 5, 'A'),
(18, 402, 21, 16, 5, 'A'),
(18, 403, 21, 16, 5, 'A'),
(18, 404, 21, 16, 5, 'A'),
(18, 406, 21, 16, 5, 'A'),
(18, 407, 21, 16, 5, 'A'),
(18, 408, 21, 16, 5, 'A'),
(18, 409, 21, 16, 5, 'A'),
(18, 411, 21, 16, 5, 'A'),
(18, 412, 21, 16, 5, 'A'),
(18, 413, 21, 16, 5, 'A'),
(18, 414, 21, 16, 5, 'A'),
(18, 415, 21, 16, 5, 'A'),
(18, 416, 21, 16, 5, 'A'),
(18, 417, 21, 16, 5, 'A'),
(18, 418, 21, 16, 5, 'A'),
(18, 420, 21, 16, 5, 'A'),
(18, 395, 21, 3, 5, 'A'),
(18, 396, 21, 3, 5, 'A'),
(18, 397, 21, 3, 5, 'A'),
(18, 398, 21, 3, 5, 'A'),
(18, 399, 21, 3, 5, 'A'),
(18, 400, 21, 3, 5, 'A'),
(18, 402, 21, 3, 5, 'A'),
(18, 403, 21, 3, 5, 'A'),
(18, 404, 21, 3, 5, 'A'),
(18, 406, 21, 3, 5, 'A'),
(18, 407, 21, 3, 5, 'A'),
(18, 408, 21, 3, 5, 'A'),
(18, 409, 21, 3, 5, 'A'),
(18, 411, 21, 3, 5, 'A'),
(18, 412, 21, 3, 5, 'A'),
(18, 413, 21, 3, 5, 'A'),
(18, 414, 21, 3, 5, 'A'),
(18, 415, 21, 3, 5, 'A'),
(18, 416, 21, 3, 5, 'A'),
(18, 417, 21, 3, 5, 'A'),
(18, 418, 21, 3, 5, 'A'),
(18, 420, 21, 3, 5, 'A'),
(18, 395, 21, 23, 5, 'A'),
(18, 396, 21, 23, 5, 'A'),
(18, 397, 21, 23, 5, 'A'),
(18, 398, 21, 23, 5, 'A'),
(18, 399, 21, 23, 5, 'A'),
(18, 400, 21, 23, 5, 'A'),
(18, 402, 21, 23, 5, 'A'),
(18, 403, 21, 23, 5, 'A'),
(18, 404, 21, 23, 5, 'A'),
(18, 406, 21, 23, 5, 'A'),
(18, 407, 21, 23, 5, 'A'),
(18, 408, 21, 23, 5, 'A'),
(18, 409, 21, 23, 5, 'A'),
(18, 411, 21, 23, 5, 'A'),
(18, 412, 21, 23, 5, 'A'),
(18, 413, 21, 23, 5, 'A'),
(18, 414, 21, 23, 5, 'A'),
(18, 415, 21, 23, 5, 'A'),
(18, 416, 21, 23, 5, 'A'),
(18, 417, 21, 23, 5, 'A'),
(18, 418, 21, 23, 5, 'A'),
(18, 420, 21, 23, 5, 'A'),
(17, 369, 22, 16, 5, 'A'),
(17, 370, 22, 16, 5, 'A'),
(17, 372, 22, 16, 5, 'A'),
(17, 373, 22, 16, 5, 'A'),
(17, 374, 22, 16, 5, 'A'),
(17, 376, 22, 16, 5, 'A'),
(17, 377, 22, 16, 5, 'A'),
(17, 378, 22, 16, 5, 'A'),
(17, 379, 22, 16, 5, 'A'),
(17, 380, 22, 16, 5, 'A'),
(17, 382, 22, 16, 5, 'A'),
(17, 384, 22, 16, 5, 'A'),
(17, 385, 22, 16, 5, 'A'),
(17, 386, 22, 16, 5, 'A'),
(17, 388, 22, 16, 5, 'A'),
(17, 389, 22, 16, 5, 'A'),
(17, 390, 22, 16, 5, 'A'),
(17, 393, 22, 16, 5, 'A'),
(17, 394, 22, 16, 5, 'A'),
(17, 369, 22, 3, 4, 'B'),
(17, 370, 22, 3, 5, 'A'),
(17, 372, 22, 3, 5, 'A'),
(17, 373, 22, 3, 5, 'A'),
(17, 374, 22, 3, 5, 'A'),
(17, 376, 22, 3, 5, 'A'),
(17, 377, 22, 3, 4, 'B'),
(17, 378, 22, 3, 4, 'B'),
(17, 379, 22, 3, 5, 'A'),
(17, 380, 22, 3, 5, 'A'),
(17, 382, 22, 3, 5, 'A'),
(17, 384, 22, 3, 5, 'A'),
(17, 386, 22, 3, 4, 'B'),
(17, 388, 22, 3, 5, 'A'),
(17, 389, 22, 3, 5, 'A'),
(17, 390, 22, 3, 5, 'A'),
(17, 393, 22, 3, 5, 'A'),
(17, 394, 22, 3, 5, 'A'),
(17, 369, 22, 23, 5, 'A'),
(17, 370, 22, 23, 5, 'A'),
(17, 372, 22, 23, 5, 'A'),
(17, 373, 22, 23, 5, 'A'),
(17, 374, 22, 23, 5, 'A'),
(17, 376, 22, 23, 5, 'A'),
(17, 377, 22, 23, 5, 'A'),
(17, 378, 22, 23, 5, 'A'),
(17, 379, 22, 23, 5, 'A'),
(17, 380, 22, 23, 5, 'A'),
(17, 382, 22, 23, 5, 'A'),
(17, 384, 22, 23, 5, 'A'),
(17, 385, 22, 23, 5, 'A'),
(17, 386, 22, 23, 5, 'A'),
(17, 388, 22, 23, 5, 'A'),
(17, 389, 22, 23, 5, 'A'),
(17, 390, 22, 23, 5, 'A'),
(17, 393, 22, 23, 5, 'A'),
(17, 394, 22, 23, 5, 'A'),
(18, 395, 22, 16, 5, 'A'),
(18, 396, 22, 16, 5, 'A'),
(18, 397, 22, 16, 5, 'A'),
(18, 398, 22, 16, 5, 'A'),
(18, 399, 22, 16, 5, 'A'),
(18, 400, 22, 16, 5, 'A'),
(18, 402, 22, 16, 5, 'A'),
(18, 403, 22, 16, 5, 'A'),
(18, 404, 22, 16, 5, 'A'),
(18, 406, 22, 16, 5, 'A'),
(18, 407, 22, 16, 5, 'A'),
(18, 408, 22, 16, 5, 'A'),
(18, 409, 22, 16, 5, 'A'),
(18, 411, 22, 16, 5, 'A'),
(18, 412, 22, 16, 5, 'A'),
(18, 413, 22, 16, 5, 'A'),
(18, 414, 22, 16, 5, 'A'),
(18, 415, 22, 16, 5, 'A'),
(18, 416, 22, 16, 5, 'A'),
(18, 417, 22, 16, 5, 'A'),
(18, 418, 22, 16, 5, 'A'),
(18, 420, 22, 16, 5, 'A'),
(18, 395, 22, 3, 5, 'A'),
(18, 396, 22, 3, 5, 'A'),
(18, 397, 22, 3, 5, 'A'),
(18, 398, 22, 3, 5, 'A'),
(18, 399, 22, 3, 5, 'A'),
(18, 400, 22, 3, 5, 'A'),
(18, 402, 22, 3, 5, 'A'),
(18, 403, 22, 3, 5, 'A'),
(18, 404, 22, 3, 5, 'A'),
(18, 406, 22, 3, 5, 'A'),
(18, 407, 22, 3, 5, 'A'),
(18, 408, 22, 3, 5, 'A'),
(18, 409, 22, 3, 5, 'A'),
(18, 411, 22, 3, 5, 'A'),
(18, 412, 22, 3, 5, 'A'),
(18, 413, 22, 3, 5, 'A'),
(18, 414, 22, 3, 5, 'A'),
(18, 415, 22, 3, 5, 'A'),
(18, 416, 22, 3, 5, 'A'),
(18, 417, 22, 3, 5, 'A'),
(18, 418, 22, 3, 5, 'A'),
(18, 420, 22, 3, 5, 'A'),
(18, 395, 22, 23, 5, 'A'),
(18, 396, 22, 23, 5, 'A'),
(18, 397, 22, 23, 5, 'A'),
(18, 398, 22, 23, 5, 'A'),
(18, 399, 22, 23, 5, 'A'),
(18, 400, 22, 23, 5, 'A'),
(18, 402, 22, 23, 5, 'A'),
(18, 403, 22, 23, 5, 'A'),
(18, 404, 22, 23, 5, 'A'),
(18, 406, 22, 23, 5, 'A'),
(18, 407, 22, 23, 5, 'A'),
(18, 408, 22, 23, 5, 'A'),
(18, 409, 22, 23, 5, 'A'),
(18, 411, 22, 23, 5, 'A'),
(18, 412, 22, 23, 5, 'A'),
(18, 413, 22, 23, 5, 'A'),
(18, 414, 22, 23, 5, 'A'),
(18, 415, 22, 23, 5, 'A'),
(18, 416, 22, 23, 5, 'A'),
(18, 417, 22, 23, 5, 'A'),
(18, 418, 22, 23, 5, 'A'),
(18, 420, 22, 23, 5, 'A'),
(17, 369, 24, 16, 5, 'A'),
(17, 370, 24, 16, 5, 'A'),
(17, 372, 24, 16, 5, 'A'),
(17, 373, 24, 16, 5, 'A'),
(17, 374, 24, 16, 5, 'A'),
(17, 376, 24, 16, 5, 'A'),
(17, 377, 24, 16, 5, 'A'),
(17, 378, 24, 16, 5, 'A'),
(17, 379, 24, 16, 5, 'A'),
(17, 380, 24, 16, 5, 'A'),
(17, 382, 24, 16, 5, 'A'),
(17, 384, 24, 16, 5, 'A'),
(17, 385, 24, 16, 5, 'A'),
(17, 386, 24, 16, 5, 'A'),
(17, 388, 24, 16, 5, 'A'),
(17, 389, 24, 16, 5, 'A'),
(17, 390, 24, 16, 5, 'A'),
(17, 393, 24, 16, 5, 'A'),
(17, 394, 24, 16, 5, 'A'),
(17, 369, 24, 3, 5, 'A'),
(17, 370, 24, 3, 5, 'A'),
(17, 372, 24, 3, 5, 'A'),
(17, 373, 24, 3, 5, 'A'),
(17, 374, 24, 3, 5, 'A'),
(17, 376, 24, 3, 5, 'A'),
(17, 377, 24, 3, 5, 'A'),
(17, 378, 24, 3, 5, 'A'),
(17, 379, 24, 3, 5, 'A'),
(17, 380, 24, 3, 5, 'A'),
(17, 382, 24, 3, 5, 'A'),
(17, 384, 24, 3, 5, 'A'),
(17, 386, 24, 3, 5, 'A'),
(17, 388, 24, 3, 5, 'A'),
(17, 389, 24, 3, 5, 'A'),
(17, 390, 24, 3, 5, 'A'),
(17, 393, 24, 3, 5, 'A'),
(17, 394, 24, 3, 5, 'A'),
(17, 369, 24, 23, 5, 'A'),
(17, 370, 24, 23, 5, 'A'),
(17, 372, 24, 23, 5, 'A'),
(17, 373, 24, 23, 5, 'A'),
(17, 374, 24, 23, 5, 'A'),
(17, 376, 24, 23, 5, 'A'),
(17, 377, 24, 23, 5, 'A'),
(17, 378, 24, 23, 5, 'A'),
(17, 379, 24, 23, 5, 'A'),
(17, 380, 24, 23, 5, 'A'),
(17, 382, 24, 23, 5, 'A'),
(17, 384, 24, 23, 5, 'A'),
(17, 385, 24, 23, 5, 'A'),
(17, 386, 24, 23, 5, 'A'),
(17, 388, 24, 23, 5, 'A'),
(17, 389, 24, 23, 5, 'A'),
(17, 390, 24, 23, 5, 'A'),
(17, 393, 24, 23, 5, 'A'),
(17, 394, 24, 23, 5, 'A'),
(18, 395, 24, 16, 5, 'A'),
(18, 396, 24, 16, 5, 'A'),
(18, 397, 24, 16, 5, 'A'),
(18, 398, 24, 16, 5, 'A'),
(18, 399, 24, 16, 5, 'A'),
(18, 400, 24, 16, 5, 'A'),
(18, 402, 24, 16, 5, 'A'),
(18, 403, 24, 16, 5, 'A'),
(18, 404, 24, 16, 5, 'A'),
(18, 406, 24, 16, 5, 'A'),
(18, 407, 24, 16, 5, 'A'),
(18, 408, 24, 16, 5, 'A'),
(18, 409, 24, 16, 5, 'A'),
(18, 411, 24, 16, 5, 'A'),
(18, 412, 24, 16, 5, 'A'),
(18, 413, 24, 16, 5, 'A'),
(18, 414, 24, 16, 5, 'A'),
(18, 415, 24, 16, 5, 'A'),
(18, 416, 24, 16, 5, 'A'),
(18, 417, 24, 16, 5, 'A'),
(18, 418, 24, 16, 5, 'A'),
(18, 420, 24, 16, 5, 'A'),
(18, 395, 24, 3, 5, 'A'),
(18, 396, 24, 3, 5, 'A'),
(18, 397, 24, 3, 5, 'A'),
(18, 398, 24, 3, 5, 'A'),
(18, 399, 24, 3, 5, 'A'),
(18, 400, 24, 3, 5, 'A'),
(18, 402, 24, 3, 5, 'A'),
(18, 403, 24, 3, 5, 'A'),
(18, 404, 24, 3, 5, 'A'),
(18, 406, 24, 3, 5, 'A'),
(18, 407, 24, 3, 5, 'A'),
(18, 408, 24, 3, 5, 'A'),
(18, 409, 24, 3, 5, 'A'),
(18, 411, 24, 3, 5, 'A'),
(18, 412, 24, 3, 5, 'A'),
(18, 413, 24, 3, 5, 'A'),
(18, 414, 24, 3, 5, 'A'),
(18, 415, 24, 3, 5, 'A'),
(18, 416, 24, 3, 5, 'A'),
(18, 417, 24, 3, 5, 'A'),
(18, 418, 24, 3, 5, 'A'),
(18, 420, 24, 3, 5, 'A'),
(18, 395, 24, 23, 5, 'A'),
(18, 396, 24, 23, 5, 'A'),
(18, 397, 24, 23, 5, 'A'),
(18, 398, 24, 23, 5, 'A'),
(18, 399, 24, 23, 5, 'A'),
(18, 400, 24, 23, 5, 'A'),
(18, 402, 24, 23, 5, 'A'),
(18, 403, 24, 23, 5, 'A'),
(18, 404, 24, 23, 5, 'A'),
(18, 406, 24, 23, 5, 'A'),
(18, 407, 24, 23, 5, 'A'),
(18, 408, 24, 23, 5, 'A'),
(18, 409, 24, 23, 5, 'A'),
(18, 411, 24, 23, 5, 'A'),
(18, 412, 24, 23, 5, 'A'),
(18, 413, 24, 23, 5, 'A'),
(18, 414, 24, 23, 5, 'A'),
(18, 415, 24, 23, 5, 'A'),
(18, 416, 24, 23, 5, 'A'),
(18, 417, 24, 23, 5, 'A'),
(18, 418, 24, 23, 5, 'A'),
(18, 420, 24, 23, 5, 'A'),
(17, 369, 25, 16, 5, 'A'),
(17, 370, 25, 16, 5, 'A'),
(17, 372, 25, 16, 5, 'A'),
(17, 373, 25, 16, 5, 'A'),
(17, 374, 25, 16, 5, 'A'),
(17, 376, 25, 16, 5, 'A'),
(17, 377, 25, 16, 5, 'A'),
(17, 378, 25, 16, 5, 'A'),
(17, 379, 25, 16, 5, 'A'),
(17, 380, 25, 16, 5, 'A'),
(17, 382, 25, 16, 5, 'A'),
(17, 384, 25, 16, 5, 'A'),
(17, 385, 25, 16, 5, 'A'),
(17, 386, 25, 16, 5, 'A'),
(17, 388, 25, 16, 5, 'A'),
(17, 389, 25, 16, 5, 'A'),
(17, 390, 25, 16, 5, 'A'),
(17, 393, 25, 16, 5, 'A'),
(17, 394, 25, 16, 5, 'A'),
(17, 369, 25, 3, 5, 'A'),
(17, 370, 25, 3, 5, 'A'),
(17, 372, 25, 3, 5, 'A'),
(17, 373, 25, 3, 5, 'A'),
(17, 374, 25, 3, 5, 'A'),
(17, 376, 25, 3, 5, 'A'),
(17, 377, 25, 3, 5, 'A'),
(17, 378, 25, 3, 5, 'A'),
(17, 379, 25, 3, 5, 'A'),
(17, 380, 25, 3, 5, 'A'),
(17, 382, 25, 3, 5, 'A'),
(17, 384, 25, 3, 5, 'A'),
(17, 386, 25, 3, 5, 'A'),
(17, 388, 25, 3, 5, 'A'),
(17, 389, 25, 3, 5, 'A'),
(17, 390, 25, 3, 5, 'A'),
(17, 393, 25, 3, 5, 'A'),
(17, 394, 25, 3, 5, 'A'),
(17, 369, 25, 23, 5, 'A'),
(17, 370, 25, 23, 5, 'A'),
(17, 372, 25, 23, 5, 'A'),
(17, 373, 25, 23, 5, 'A'),
(17, 374, 25, 23, 5, 'A'),
(17, 376, 25, 23, 5, 'A'),
(17, 377, 25, 23, 5, 'A'),
(17, 378, 25, 23, 5, 'A'),
(17, 379, 25, 23, 5, 'A'),
(17, 380, 25, 23, 5, 'A'),
(17, 384, 25, 23, 5, 'A'),
(17, 385, 25, 23, 5, 'A'),
(17, 386, 25, 23, 5, 'A'),
(17, 388, 25, 23, 5, 'A'),
(17, 389, 25, 23, 5, 'A'),
(17, 390, 25, 23, 5, 'A'),
(17, 393, 25, 23, 5, 'A'),
(17, 394, 25, 23, 5, 'A'),
(18, 395, 25, 16, 5, 'A'),
(18, 396, 25, 16, 5, 'A'),
(18, 397, 25, 16, 5, 'A'),
(18, 398, 25, 16, 5, 'A'),
(18, 399, 25, 16, 5, 'A'),
(18, 400, 25, 16, 5, 'A'),
(18, 402, 25, 16, 5, 'A'),
(18, 403, 25, 16, 5, 'A'),
(18, 404, 25, 16, 5, 'A'),
(18, 406, 25, 16, 5, 'A'),
(18, 407, 25, 16, 5, 'A'),
(18, 408, 25, 16, 5, 'A'),
(18, 409, 25, 16, 5, 'A'),
(18, 411, 25, 16, 5, 'A'),
(18, 412, 25, 16, 5, 'A'),
(18, 413, 25, 16, 5, 'A'),
(18, 414, 25, 16, 5, 'A'),
(18, 415, 25, 16, 5, 'A'),
(18, 416, 25, 16, 5, 'A'),
(18, 417, 25, 16, 5, 'A'),
(18, 418, 25, 16, 5, 'A'),
(18, 420, 25, 16, 5, 'A'),
(18, 395, 25, 3, 5, 'A'),
(18, 396, 25, 3, 5, 'A'),
(18, 397, 25, 3, 5, 'A'),
(18, 398, 25, 3, 5, 'A'),
(18, 399, 25, 3, 5, 'A'),
(18, 400, 25, 3, 5, 'A'),
(18, 402, 25, 3, 5, 'A'),
(18, 403, 25, 3, 5, 'A'),
(18, 404, 25, 3, 5, 'A'),
(18, 406, 25, 3, 5, 'A'),
(18, 407, 25, 3, 5, 'A'),
(18, 408, 25, 3, 5, 'A'),
(18, 409, 25, 3, 5, 'A'),
(18, 411, 25, 3, 5, 'A'),
(18, 412, 25, 3, 5, 'A'),
(18, 413, 25, 3, 5, 'A'),
(18, 414, 25, 3, 5, 'A'),
(18, 415, 25, 3, 5, 'A'),
(18, 416, 25, 3, 5, 'A'),
(18, 417, 25, 3, 5, 'A'),
(18, 418, 25, 3, 5, 'A'),
(18, 420, 25, 3, 5, 'A'),
(18, 395, 25, 23, 5, 'A'),
(18, 396, 25, 23, 5, 'A'),
(18, 397, 25, 23, 5, 'A'),
(18, 398, 25, 23, 5, 'A'),
(18, 399, 25, 23, 5, 'A'),
(18, 400, 25, 23, 5, 'A'),
(18, 402, 25, 23, 5, 'A'),
(18, 403, 25, 23, 5, 'A'),
(18, 404, 25, 23, 5, 'A'),
(18, 406, 25, 23, 5, 'A'),
(18, 407, 25, 23, 5, 'A'),
(18, 408, 25, 23, 5, 'A'),
(18, 409, 25, 23, 5, 'A'),
(18, 411, 25, 23, 5, 'A'),
(18, 412, 25, 23, 5, 'A'),
(18, 413, 25, 23, 5, 'A'),
(18, 414, 25, 23, 5, 'A'),
(18, 415, 25, 23, 5, 'A'),
(18, 416, 25, 23, 5, 'A'),
(18, 417, 25, 23, 5, 'A'),
(18, 418, 25, 23, 5, 'A'),
(18, 420, 25, 23, 5, 'A'),
(17, 369, 21, 1, 5, 'A'),
(17, 370, 21, 1, 5, 'A'),
(17, 372, 21, 1, 5, 'A'),
(17, 373, 21, 1, 5, 'A'),
(17, 374, 21, 1, 5, 'A'),
(17, 376, 21, 1, 5, 'A'),
(17, 377, 21, 1, 5, 'A'),
(17, 378, 21, 1, 5, 'A'),
(17, 379, 21, 1, 5, 'A'),
(17, 380, 21, 1, 5, 'A'),
(17, 382, 21, 1, 5, 'A'),
(17, 384, 21, 1, 5, 'A'),
(17, 385, 21, 1, 5, 'A'),
(17, 386, 21, 1, 5, 'A'),
(17, 388, 21, 1, 5, 'A'),
(17, 389, 21, 1, 5, 'A'),
(17, 390, 21, 1, 5, 'A'),
(17, 393, 21, 1, 5, 'A'),
(17, 394, 21, 1, 5, 'A'),
(17, 369, 21, 24, 5, 'A'),
(17, 370, 21, 24, 5, 'A'),
(17, 372, 21, 24, 5, 'A'),
(17, 373, 21, 24, 5, 'A'),
(17, 374, 21, 24, 5, 'A'),
(17, 376, 21, 24, 5, 'A'),
(17, 377, 21, 24, 5, 'A'),
(17, 378, 21, 24, 5, 'A'),
(17, 379, 21, 24, 5, 'A'),
(17, 380, 21, 24, 5, 'A'),
(17, 382, 21, 24, 5, 'A'),
(17, 384, 21, 24, 5, 'A'),
(17, 385, 21, 24, 5, 'A'),
(17, 386, 21, 24, 5, 'A'),
(17, 388, 21, 24, 5, 'A'),
(17, 389, 21, 24, 5, 'A'),
(17, 390, 21, 24, 5, 'A'),
(17, 393, 21, 24, 5, 'A'),
(17, 394, 21, 24, 5, 'A'),
(17, 369, 21, 28, 5, 'A'),
(17, 370, 21, 28, 5, 'A'),
(17, 372, 21, 28, 5, 'A'),
(17, 373, 21, 28, 5, 'A'),
(17, 374, 21, 28, 5, 'A'),
(17, 376, 21, 28, 5, 'A'),
(17, 377, 21, 28, 5, 'A'),
(17, 378, 21, 28, 5, 'A'),
(17, 379, 21, 28, 5, 'A'),
(17, 380, 21, 28, 5, 'A'),
(17, 382, 21, 28, 5, 'A'),
(17, 384, 21, 28, 5, 'A'),
(17, 385, 21, 28, 5, 'A'),
(17, 386, 21, 28, 5, 'A'),
(17, 388, 21, 28, 5, 'A'),
(17, 389, 21, 28, 5, 'A'),
(17, 390, 21, 28, 5, 'A'),
(17, 393, 21, 28, 5, 'A'),
(17, 394, 21, 28, 5, 'A'),
(17, 369, 21, 4, 5, 'A'),
(17, 370, 21, 4, 5, 'A'),
(17, 372, 21, 4, 5, 'A'),
(17, 373, 21, 4, 5, 'A'),
(17, 374, 21, 4, 5, 'A'),
(17, 376, 21, 4, 5, 'A'),
(17, 377, 21, 4, 5, 'A'),
(17, 378, 21, 4, 5, 'A'),
(17, 379, 21, 4, 5, 'A'),
(17, 380, 21, 4, 5, 'A'),
(17, 382, 21, 4, 5, 'A'),
(17, 384, 21, 4, 5, 'A'),
(17, 385, 21, 4, 5, 'A'),
(17, 386, 21, 4, 5, 'A'),
(17, 388, 21, 4, 5, 'A'),
(17, 389, 21, 4, 5, 'A'),
(17, 390, 21, 4, 5, 'A'),
(17, 393, 21, 4, 5, 'A'),
(17, 394, 21, 4, 5, 'A'),
(18, 395, 21, 1, 5, 'A'),
(18, 396, 21, 1, 5, 'A'),
(18, 397, 21, 1, 5, 'A'),
(18, 398, 21, 1, 5, 'A'),
(18, 399, 21, 1, 5, 'A'),
(18, 400, 21, 1, 5, 'A'),
(18, 402, 21, 1, 5, 'A'),
(18, 403, 21, 1, 5, 'A'),
(18, 404, 21, 1, 5, 'A'),
(18, 406, 21, 1, 5, 'A'),
(18, 407, 21, 1, 5, 'A'),
(18, 408, 21, 1, 5, 'A'),
(18, 409, 21, 1, 5, 'A'),
(18, 411, 21, 1, 5, 'A'),
(18, 412, 21, 1, 5, 'A'),
(18, 413, 21, 1, 5, 'A'),
(18, 414, 21, 1, 5, 'A'),
(18, 415, 21, 1, 5, 'A'),
(18, 416, 21, 1, 5, 'A'),
(18, 417, 21, 1, 5, 'A'),
(18, 418, 21, 1, 5, 'A'),
(18, 420, 21, 1, 5, 'A'),
(18, 395, 21, 28, 5, 'A'),
(18, 396, 21, 28, 5, 'A'),
(18, 397, 21, 28, 5, 'A'),
(18, 398, 21, 28, 5, 'A'),
(18, 399, 21, 28, 5, 'A'),
(18, 400, 21, 28, 5, 'A'),
(18, 402, 21, 28, 5, 'A'),
(18, 403, 21, 28, 5, 'A'),
(18, 404, 21, 28, 5, 'A'),
(18, 406, 21, 28, 5, 'A'),
(18, 407, 21, 28, 5, 'A'),
(18, 408, 21, 28, 5, 'A'),
(18, 409, 21, 28, 5, 'A'),
(18, 411, 21, 28, 5, 'A'),
(18, 412, 21, 28, 5, 'A'),
(18, 413, 21, 28, 5, 'A'),
(18, 414, 21, 28, 5, 'A'),
(18, 415, 21, 28, 5, 'A'),
(18, 416, 21, 28, 5, 'A'),
(18, 417, 21, 28, 5, 'A'),
(18, 418, 21, 28, 5, 'A'),
(18, 420, 21, 28, 5, 'A'),
(18, 395, 21, 24, 5, 'A'),
(18, 396, 21, 24, 5, 'A'),
(18, 397, 21, 24, 5, 'A'),
(18, 398, 21, 24, 5, 'A'),
(18, 399, 21, 24, 5, 'A'),
(18, 400, 21, 24, 5, 'A'),
(18, 402, 21, 24, 5, 'A'),
(18, 403, 21, 24, 5, 'A'),
(18, 404, 21, 24, 5, 'A'),
(18, 406, 21, 24, 5, 'A'),
(18, 407, 21, 24, 5, 'A'),
(18, 408, 21, 24, 5, 'A'),
(18, 409, 21, 24, 5, 'A'),
(18, 411, 21, 24, 5, 'A'),
(18, 412, 21, 24, 5, 'A'),
(18, 413, 21, 24, 5, 'A'),
(18, 414, 21, 24, 5, 'A'),
(18, 415, 21, 24, 5, 'A'),
(18, 416, 21, 24, 5, 'A'),
(18, 417, 21, 24, 5, 'A'),
(18, 418, 21, 24, 5, 'A'),
(18, 420, 21, 24, 5, 'A'),
(18, 395, 21, 4, 5, 'A'),
(18, 396, 21, 4, 5, 'A'),
(18, 397, 21, 4, 5, 'A'),
(18, 398, 21, 4, 5, 'A'),
(18, 399, 21, 4, 5, 'A'),
(18, 400, 21, 4, 5, 'A'),
(18, 402, 21, 4, 5, 'A'),
(18, 403, 21, 4, 5, 'A'),
(18, 404, 21, 4, 5, 'A'),
(18, 406, 21, 4, 5, 'A'),
(18, 407, 21, 4, 5, 'A'),
(18, 408, 21, 4, 5, 'A'),
(18, 409, 21, 4, 5, 'A'),
(18, 411, 21, 4, 5, 'A'),
(18, 412, 21, 4, 5, 'A'),
(18, 413, 21, 4, 5, 'A'),
(18, 414, 21, 4, 5, 'A'),
(18, 415, 21, 4, 5, 'A'),
(18, 416, 21, 4, 5, 'A'),
(18, 417, 21, 4, 5, 'A'),
(18, 418, 21, 4, 5, 'A'),
(18, 420, 21, 4, 5, 'A'),
(17, 369, 22, 1, 5, 'A'),
(17, 370, 22, 1, 5, 'A'),
(17, 372, 22, 1, 5, 'A'),
(17, 373, 22, 1, 5, 'A'),
(17, 374, 22, 1, 5, 'A'),
(17, 376, 22, 1, 5, 'A'),
(17, 377, 22, 1, 5, 'A'),
(17, 378, 22, 1, 5, 'A'),
(17, 379, 22, 1, 5, 'A'),
(17, 380, 22, 1, 5, 'A'),
(17, 382, 22, 1, 5, 'A'),
(17, 384, 22, 1, 5, 'A'),
(17, 385, 22, 1, 5, 'A'),
(17, 386, 22, 1, 5, 'A'),
(17, 388, 22, 1, 5, 'A'),
(17, 389, 22, 1, 5, 'A'),
(17, 390, 22, 1, 5, 'A'),
(17, 393, 22, 1, 5, 'A'),
(17, 394, 22, 1, 5, 'A'),
(17, 369, 22, 28, 5, 'A'),
(17, 370, 22, 28, 5, 'A'),
(17, 372, 22, 28, 5, 'A'),
(17, 373, 22, 28, 5, 'A'),
(17, 374, 22, 28, 5, 'A'),
(17, 376, 22, 28, 5, 'A'),
(17, 377, 22, 28, 5, 'A'),
(17, 378, 22, 28, 5, 'A'),
(17, 379, 22, 28, 5, 'A'),
(17, 380, 22, 28, 5, 'A'),
(17, 382, 22, 28, 5, 'A'),
(17, 384, 22, 28, 5, 'A'),
(17, 385, 22, 28, 5, 'A'),
(17, 386, 22, 28, 5, 'A'),
(17, 388, 22, 28, 5, 'A'),
(17, 389, 22, 28, 5, 'A'),
(17, 390, 22, 28, 5, 'A'),
(17, 393, 22, 28, 5, 'A'),
(17, 394, 22, 28, 5, 'A'),
(17, 369, 22, 24, 5, 'A'),
(17, 370, 22, 24, 5, 'A'),
(17, 372, 22, 24, 5, 'A'),
(17, 373, 22, 24, 5, 'A'),
(17, 374, 22, 24, 5, 'A'),
(17, 376, 22, 24, 5, 'A'),
(17, 377, 22, 24, 5, 'A'),
(17, 378, 22, 24, 5, 'A'),
(17, 379, 22, 24, 5, 'A'),
(17, 380, 22, 24, 5, 'A'),
(17, 382, 22, 24, 5, 'A'),
(17, 384, 22, 24, 5, 'A'),
(17, 386, 22, 24, 5, 'A'),
(17, 389, 22, 24, 5, 'A'),
(17, 390, 22, 24, 5, 'A'),
(17, 394, 22, 24, 5, 'A'),
(17, 369, 22, 4, 5, 'A'),
(17, 370, 22, 4, 5, 'A'),
(17, 372, 22, 4, 5, 'A'),
(17, 373, 22, 4, 5, 'A'),
(17, 374, 22, 4, 5, 'A'),
(17, 376, 22, 4, 5, 'A'),
(17, 377, 22, 4, 5, 'A'),
(17, 378, 22, 4, 5, 'A'),
(17, 379, 22, 4, 5, 'A'),
(17, 380, 22, 4, 5, 'A'),
(17, 382, 22, 4, 5, 'A'),
(17, 384, 22, 4, 5, 'A'),
(17, 385, 22, 4, 5, 'A'),
(17, 386, 22, 4, 5, 'A'),
(17, 388, 22, 4, 5, 'A'),
(17, 389, 22, 4, 5, 'A'),
(17, 390, 22, 4, 5, 'A'),
(17, 393, 22, 4, 5, 'A'),
(17, 394, 22, 4, 5, 'A'),
(18, 395, 22, 1, 5, 'A'),
(18, 396, 22, 1, 5, 'A'),
(18, 397, 22, 1, 5, 'A'),
(18, 398, 22, 1, 5, 'A'),
(18, 399, 22, 1, 5, 'A'),
(18, 400, 22, 1, 5, 'A'),
(18, 402, 22, 1, 5, 'A'),
(18, 403, 22, 1, 5, 'A'),
(18, 404, 22, 1, 5, 'A'),
(18, 406, 22, 1, 5, 'A'),
(18, 407, 22, 1, 5, 'A'),
(18, 408, 22, 1, 5, 'A'),
(18, 409, 22, 1, 5, 'A'),
(18, 411, 22, 1, 5, 'A'),
(18, 412, 22, 1, 5, 'A'),
(18, 413, 22, 1, 5, 'A'),
(18, 414, 22, 1, 5, 'A'),
(18, 415, 22, 1, 5, 'A'),
(18, 416, 22, 1, 5, 'A'),
(18, 417, 22, 1, 5, 'A'),
(18, 418, 22, 1, 5, 'A'),
(18, 420, 22, 1, 5, 'A'),
(18, 395, 22, 28, 5, 'A'),
(18, 396, 22, 28, 5, 'A'),
(18, 397, 22, 28, 5, 'A'),
(18, 398, 22, 28, 5, 'A'),
(18, 399, 22, 28, 5, 'A'),
(18, 400, 22, 28, 5, 'A'),
(18, 402, 22, 28, 5, 'A'),
(18, 403, 22, 28, 5, 'A'),
(18, 404, 22, 28, 5, 'A'),
(18, 406, 22, 28, 5, 'A'),
(18, 407, 22, 28, 5, 'A'),
(18, 408, 22, 28, 5, 'A'),
(18, 409, 22, 28, 5, 'A'),
(18, 411, 22, 28, 5, 'A'),
(18, 412, 22, 28, 5, 'A'),
(18, 413, 22, 28, 5, 'A'),
(18, 414, 22, 28, 5, 'A'),
(18, 415, 22, 28, 5, 'A'),
(18, 416, 22, 28, 5, 'A'),
(18, 417, 22, 28, 5, 'A'),
(18, 418, 22, 28, 5, 'A'),
(18, 420, 22, 28, 5, 'A'),
(18, 395, 22, 24, 5, 'A'),
(18, 396, 22, 24, 5, 'A'),
(18, 397, 22, 24, 5, 'A'),
(18, 398, 22, 24, 5, 'A'),
(18, 399, 22, 24, 5, 'A'),
(18, 400, 22, 24, 5, 'A'),
(18, 402, 22, 24, 5, 'A'),
(18, 403, 22, 24, 5, 'A'),
(18, 404, 22, 24, 5, 'A'),
(18, 406, 22, 24, 5, 'A'),
(18, 407, 22, 24, 5, 'A'),
(18, 408, 22, 24, 5, 'A'),
(18, 409, 22, 24, 5, 'A'),
(18, 411, 22, 24, 5, 'A'),
(18, 412, 22, 24, 5, 'A'),
(18, 413, 22, 24, 5, 'A'),
(18, 414, 22, 24, 5, 'A'),
(18, 415, 22, 24, 5, 'A'),
(18, 416, 22, 24, 5, 'A'),
(18, 417, 22, 24, 5, 'A'),
(18, 418, 22, 24, 5, 'A'),
(18, 420, 22, 24, 5, 'A'),
(18, 395, 22, 4, 5, 'A'),
(18, 396, 22, 4, 5, 'A'),
(18, 397, 22, 4, 5, 'A'),
(18, 398, 22, 4, 5, 'A'),
(18, 399, 22, 4, 5, 'A'),
(18, 400, 22, 4, 5, 'A'),
(18, 402, 22, 4, 5, 'A'),
(18, 403, 22, 4, 5, 'A'),
(18, 404, 22, 4, 5, 'A'),
(18, 406, 22, 4, 5, 'A'),
(18, 407, 22, 4, 5, 'A'),
(18, 408, 22, 4, 5, 'A'),
(18, 409, 22, 4, 5, 'A'),
(18, 411, 22, 4, 5, 'A'),
(18, 412, 22, 4, 5, 'A'),
(18, 413, 22, 4, 5, 'A'),
(18, 414, 22, 4, 5, 'A'),
(18, 415, 22, 4, 5, 'A'),
(18, 416, 22, 4, 5, 'A'),
(18, 417, 22, 4, 5, 'A'),
(18, 418, 22, 4, 5, 'A'),
(18, 420, 22, 4, 5, 'A'),
(17, 369, 24, 1, 5, 'A'),
(17, 370, 24, 1, 5, 'A'),
(17, 372, 24, 1, 5, 'A'),
(17, 373, 24, 1, 5, 'A'),
(17, 378, 24, 1, 5, 'A'),
(17, 379, 24, 1, 5, 'A'),
(17, 380, 24, 1, 5, 'A'),
(17, 382, 24, 1, 5, 'A'),
(17, 384, 24, 1, 5, 'A'),
(17, 386, 24, 1, 5, 'A'),
(17, 388, 24, 1, 5, 'A'),
(17, 389, 24, 1, 5, 'A'),
(17, 390, 24, 1, 5, 'A'),
(17, 394, 24, 1, 5, 'A'),
(17, 369, 24, 28, 5, 'A'),
(17, 370, 24, 28, 5, 'A'),
(17, 372, 24, 28, 5, 'A'),
(17, 373, 24, 28, 5, 'A'),
(17, 376, 24, 28, 5, 'A'),
(17, 377, 24, 28, 5, 'A'),
(17, 378, 24, 28, 5, 'A'),
(17, 379, 24, 28, 5, 'A'),
(17, 380, 24, 28, 5, 'A'),
(17, 382, 24, 28, 5, 'A'),
(17, 384, 24, 28, 5, 'A'),
(17, 386, 24, 28, 5, 'A'),
(17, 388, 24, 28, 5, 'A'),
(17, 389, 24, 28, 5, 'A'),
(17, 390, 24, 28, 5, 'A'),
(17, 394, 24, 28, 5, 'A'),
(17, 369, 24, 24, 5, 'A'),
(17, 370, 24, 24, 5, 'A'),
(17, 373, 24, 24, 5, 'A'),
(17, 377, 24, 24, 5, 'A'),
(17, 378, 24, 24, 5, 'A'),
(17, 379, 24, 24, 5, 'A'),
(17, 380, 24, 24, 5, 'A'),
(17, 382, 24, 24, 5, 'A'),
(17, 384, 24, 24, 5, 'A'),
(17, 386, 24, 24, 5, 'A'),
(17, 389, 24, 24, 5, 'A'),
(17, 390, 24, 24, 5, 'A'),
(17, 394, 24, 24, 5, 'A'),
(17, 369, 24, 4, 5, 'A'),
(17, 370, 24, 4, 5, 'A'),
(17, 372, 24, 4, 5, 'A'),
(17, 373, 24, 4, 5, 'A'),
(17, 374, 24, 4, 5, 'A'),
(17, 378, 24, 4, 5, 'A'),
(17, 379, 24, 4, 5, 'A'),
(17, 380, 24, 4, 5, 'A'),
(17, 382, 24, 4, 5, 'A'),
(17, 384, 24, 4, 5, 'A'),
(17, 386, 24, 4, 5, 'A'),
(17, 389, 24, 4, 5, 'A'),
(17, 390, 24, 4, 5, 'A'),
(17, 394, 24, 4, 5, 'A'),
(18, 395, 24, 1, 5, 'A'),
(18, 396, 24, 1, 5, 'A'),
(18, 397, 24, 1, 5, 'A'),
(18, 398, 24, 1, 5, 'A'),
(18, 399, 24, 1, 5, 'A'),
(18, 400, 24, 1, 5, 'A'),
(18, 402, 24, 1, 5, 'A'),
(18, 403, 24, 1, 5, 'A'),
(18, 404, 24, 1, 5, 'A'),
(18, 406, 24, 1, 5, 'A'),
(18, 407, 24, 1, 5, 'A'),
(18, 408, 24, 1, 5, 'A'),
(18, 409, 24, 1, 5, 'A'),
(18, 411, 24, 1, 5, 'A'),
(18, 412, 24, 1, 5, 'A'),
(18, 413, 24, 1, 5, 'A'),
(18, 414, 24, 1, 5, 'A'),
(18, 415, 24, 1, 5, 'A'),
(18, 416, 24, 1, 5, 'A'),
(18, 417, 24, 1, 5, 'A'),
(18, 418, 24, 1, 5, 'A'),
(18, 420, 24, 1, 5, 'A'),
(18, 395, 24, 28, 5, 'A'),
(18, 396, 24, 28, 5, 'A'),
(18, 397, 24, 28, 5, 'A'),
(18, 398, 24, 28, 5, 'A'),
(18, 399, 24, 28, 5, 'A'),
(18, 400, 24, 28, 5, 'A'),
(18, 402, 24, 28, 5, 'A'),
(18, 403, 24, 28, 5, 'A'),
(18, 404, 24, 28, 5, 'A'),
(18, 406, 24, 28, 5, 'A'),
(18, 407, 24, 28, 5, 'A'),
(18, 408, 24, 28, 5, 'A'),
(18, 409, 24, 28, 5, 'A'),
(18, 411, 24, 28, 5, 'A'),
(18, 412, 24, 28, 5, 'A'),
(18, 413, 24, 28, 5, 'A'),
(18, 414, 24, 28, 5, 'A'),
(18, 415, 24, 28, 5, 'A'),
(18, 416, 24, 28, 5, 'A'),
(18, 417, 24, 28, 5, 'A'),
(18, 418, 24, 28, 5, 'A'),
(18, 420, 24, 28, 5, 'A'),
(18, 395, 24, 24, 5, 'A'),
(18, 396, 24, 24, 5, 'A'),
(18, 397, 24, 24, 5, 'A'),
(18, 398, 24, 24, 5, 'A'),
(18, 399, 24, 24, 5, 'A'),
(18, 400, 24, 24, 5, 'A'),
(18, 402, 24, 24, 5, 'A'),
(18, 403, 24, 24, 5, 'A'),
(18, 404, 24, 24, 5, 'A'),
(18, 406, 24, 24, 5, 'A'),
(18, 407, 24, 24, 5, 'A'),
(18, 408, 24, 24, 5, 'A'),
(18, 409, 24, 24, 5, 'A'),
(18, 411, 24, 24, 5, 'A'),
(18, 412, 24, 24, 5, 'A'),
(18, 413, 24, 24, 5, 'A'),
(18, 414, 24, 24, 5, 'A'),
(18, 415, 24, 24, 5, 'A'),
(18, 416, 24, 24, 5, 'A'),
(18, 417, 24, 24, 5, 'A'),
(18, 418, 24, 24, 5, 'A'),
(18, 420, 24, 24, 5, 'A'),
(18, 395, 24, 4, 5, 'A'),
(18, 396, 24, 4, 5, 'A'),
(18, 397, 24, 4, 5, 'A'),
(18, 398, 24, 4, 5, 'A'),
(18, 399, 24, 4, 5, 'A'),
(18, 400, 24, 4, 5, 'A'),
(18, 402, 24, 4, 5, 'A'),
(18, 403, 24, 4, 5, 'A'),
(18, 404, 24, 4, 5, 'A'),
(18, 406, 24, 4, 5, 'A'),
(18, 407, 24, 4, 5, 'A'),
(18, 408, 24, 4, 5, 'A'),
(18, 409, 24, 4, 5, 'A'),
(18, 411, 24, 4, 5, 'A'),
(18, 412, 24, 4, 5, 'A'),
(18, 413, 24, 4, 5, 'A'),
(18, 414, 24, 4, 5, 'A'),
(18, 415, 24, 4, 5, 'A'),
(18, 416, 24, 4, 5, 'A'),
(18, 417, 24, 4, 5, 'A'),
(18, 418, 24, 4, 5, 'A'),
(18, 420, 24, 4, 5, 'A'),
(17, 369, 25, 1, 5, 'A'),
(17, 370, 25, 1, 5, 'A'),
(17, 372, 25, 1, 5, 'A'),
(17, 373, 25, 1, 5, 'A'),
(17, 374, 25, 1, 5, 'A'),
(17, 376, 25, 1, 5, 'A'),
(17, 377, 25, 1, 5, 'A'),
(17, 378, 25, 1, 5, 'A'),
(17, 379, 25, 1, 5, 'A'),
(17, 380, 25, 1, 5, 'A'),
(17, 382, 25, 1, 5, 'A'),
(17, 384, 25, 1, 5, 'A'),
(17, 385, 25, 1, 5, 'A'),
(17, 386, 25, 1, 5, 'A'),
(17, 388, 25, 1, 5, 'A'),
(17, 389, 25, 1, 5, 'A'),
(17, 390, 25, 1, 5, 'A'),
(17, 393, 25, 1, 5, 'A'),
(17, 394, 25, 1, 5, 'A'),
(17, 369, 25, 28, 5, 'A'),
(17, 370, 25, 28, 5, 'A'),
(17, 372, 25, 28, 5, 'A'),
(17, 373, 25, 28, 5, 'A'),
(17, 374, 25, 28, 5, 'A'),
(17, 376, 25, 28, 5, 'A'),
(17, 377, 25, 28, 5, 'A'),
(17, 378, 25, 28, 5, 'A'),
(17, 379, 25, 28, 5, 'A'),
(17, 380, 25, 28, 5, 'A'),
(17, 382, 25, 28, 5, 'A'),
(17, 384, 25, 28, 5, 'A'),
(17, 385, 25, 28, 5, 'A'),
(17, 386, 25, 28, 5, 'A'),
(17, 388, 25, 28, 5, 'A'),
(17, 389, 25, 28, 5, 'A'),
(17, 390, 25, 28, 5, 'A'),
(17, 393, 25, 28, 5, 'A'),
(17, 394, 25, 28, 5, 'A'),
(17, 369, 25, 24, 5, 'A'),
(17, 370, 25, 24, 5, 'A'),
(17, 372, 25, 24, 5, 'A'),
(17, 373, 25, 24, 5, 'A'),
(17, 374, 25, 24, 5, 'A'),
(17, 376, 25, 24, 5, 'A'),
(17, 377, 25, 24, 5, 'A'),
(17, 378, 25, 24, 5, 'A'),
(17, 379, 25, 24, 5, 'A'),
(17, 380, 25, 24, 5, 'A'),
(17, 382, 25, 24, 5, 'A'),
(17, 384, 25, 24, 5, 'A'),
(17, 385, 25, 24, 5, 'A'),
(17, 386, 25, 24, 5, 'A'),
(17, 388, 25, 24, 5, 'A'),
(17, 389, 25, 24, 5, 'A'),
(17, 390, 25, 24, 5, 'A'),
(17, 393, 25, 24, 5, 'A'),
(17, 394, 25, 24, 5, 'A'),
(17, 369, 25, 4, 5, 'A'),
(17, 370, 25, 4, 5, 'A'),
(17, 372, 25, 4, 5, 'A'),
(17, 373, 25, 4, 5, 'A'),
(17, 374, 25, 4, 5, 'A'),
(17, 376, 25, 4, 5, 'A'),
(17, 377, 25, 4, 5, 'A'),
(17, 378, 25, 4, 5, 'A'),
(17, 379, 25, 4, 5, 'A'),
(17, 380, 25, 4, 5, 'A'),
(17, 382, 25, 4, 5, 'A'),
(17, 384, 25, 4, 5, 'A'),
(17, 385, 25, 4, 5, 'A'),
(17, 386, 25, 4, 5, 'A'),
(17, 388, 25, 4, 5, 'A'),
(17, 389, 25, 4, 5, 'A'),
(17, 390, 25, 4, 5, 'A'),
(17, 393, 25, 4, 5, 'A'),
(17, 394, 25, 4, 5, 'A'),
(18, 395, 25, 1, 5, 'A'),
(18, 396, 25, 1, 5, 'A'),
(18, 397, 25, 1, 5, 'A'),
(18, 398, 25, 1, 5, 'A'),
(18, 399, 25, 1, 5, 'A'),
(18, 400, 25, 1, 5, 'A'),
(18, 402, 25, 1, 5, 'A'),
(18, 403, 25, 1, 5, 'A'),
(18, 404, 25, 1, 5, 'A'),
(18, 406, 25, 1, 5, 'A'),
(18, 407, 25, 1, 5, 'A'),
(18, 408, 25, 1, 5, 'A'),
(18, 409, 25, 1, 5, 'A'),
(18, 411, 25, 1, 5, 'A'),
(18, 412, 25, 1, 5, 'A'),
(18, 413, 25, 1, 5, 'A'),
(18, 414, 25, 1, 5, 'A'),
(18, 415, 25, 1, 5, 'A'),
(18, 416, 25, 1, 5, 'A'),
(18, 417, 25, 1, 5, 'A'),
(18, 418, 25, 1, 5, 'A'),
(18, 420, 25, 1, 5, 'A'),
(18, 395, 25, 28, 5, 'A'),
(18, 396, 25, 28, 5, 'A'),
(18, 397, 25, 28, 5, 'A'),
(18, 398, 25, 28, 5, 'A'),
(18, 399, 25, 28, 5, 'A'),
(18, 400, 25, 28, 5, 'A'),
(18, 402, 25, 28, 5, 'A'),
(18, 403, 25, 28, 5, 'A'),
(18, 404, 25, 28, 5, 'A'),
(18, 406, 25, 28, 5, 'A'),
(18, 407, 25, 28, 5, 'A'),
(18, 408, 25, 28, 5, 'A'),
(18, 409, 25, 28, 5, 'A'),
(18, 411, 25, 28, 5, 'A'),
(18, 412, 25, 28, 5, 'A'),
(18, 413, 25, 28, 5, 'A'),
(18, 414, 25, 28, 5, 'A'),
(18, 415, 25, 28, 5, 'A'),
(18, 416, 25, 28, 5, 'A'),
(18, 417, 25, 28, 5, 'A'),
(18, 418, 25, 28, 5, 'A'),
(18, 420, 25, 28, 5, 'A'),
(18, 395, 25, 24, 5, 'A'),
(18, 396, 25, 24, 5, 'A'),
(18, 397, 25, 24, 5, 'A'),
(18, 398, 25, 24, 5, 'A'),
(18, 399, 25, 24, 5, 'A'),
(18, 400, 25, 24, 5, 'A'),
(18, 402, 25, 24, 5, 'A'),
(18, 403, 25, 24, 5, 'A'),
(18, 404, 25, 24, 5, 'A'),
(18, 406, 25, 24, 5, 'A'),
(18, 407, 25, 24, 5, 'A'),
(18, 408, 25, 24, 5, 'A'),
(18, 409, 25, 24, 5, 'A'),
(18, 411, 25, 24, 5, 'A'),
(18, 412, 25, 24, 5, 'A'),
(18, 413, 25, 24, 5, 'A'),
(18, 414, 25, 24, 5, 'A'),
(18, 415, 25, 24, 5, 'A'),
(18, 416, 25, 24, 5, 'A'),
(18, 417, 25, 24, 5, 'A'),
(18, 418, 25, 24, 5, 'A'),
(18, 420, 25, 24, 5, 'A'),
(18, 395, 25, 4, 5, 'A'),
(18, 396, 25, 4, 5, 'A'),
(18, 397, 25, 4, 5, 'A'),
(18, 398, 25, 4, 5, 'A'),
(18, 399, 25, 4, 5, 'A'),
(18, 400, 25, 4, 5, 'A'),
(18, 402, 25, 4, 5, 'A'),
(18, 403, 25, 4, 5, 'A'),
(18, 404, 25, 4, 5, 'A'),
(18, 406, 25, 4, 5, 'A'),
(18, 407, 25, 4, 5, 'A'),
(18, 408, 25, 4, 5, 'A'),
(18, 409, 25, 4, 5, 'A'),
(18, 411, 25, 4, 5, 'A'),
(18, 412, 25, 4, 5, 'A'),
(18, 413, 25, 4, 5, 'A'),
(18, 414, 25, 4, 5, 'A'),
(18, 415, 25, 4, 5, 'A'),
(18, 416, 25, 4, 5, 'A'),
(18, 417, 25, 4, 5, 'A'),
(18, 418, 25, 4, 5, 'A'),
(18, 420, 25, 4, 5, 'A'),
(17, 369, 21, 7, 5, 'A'),
(17, 370, 21, 7, 5, 'A'),
(17, 373, 21, 7, 5, 'A'),
(17, 374, 21, 7, 5, 'A'),
(17, 376, 21, 7, 5, 'A'),
(17, 377, 21, 7, 5, 'A'),
(17, 378, 21, 7, 5, 'A'),
(17, 379, 21, 7, 5, 'A'),
(17, 380, 21, 7, 5, 'A'),
(17, 382, 21, 7, 5, 'A'),
(17, 384, 21, 7, 5, 'A'),
(17, 385, 21, 7, 5, 'A'),
(17, 386, 21, 7, 5, 'A'),
(17, 388, 21, 7, 5, 'A'),
(17, 389, 21, 7, 5, 'A'),
(17, 390, 21, 7, 5, 'A'),
(17, 393, 21, 7, 5, 'A'),
(17, 394, 21, 7, 5, 'A'),
(17, 369, 21, 8, 5, 'A'),
(17, 370, 21, 8, 5, 'A'),
(17, 372, 21, 8, 5, 'A'),
(17, 373, 21, 8, 5, 'A'),
(17, 374, 21, 8, 5, 'A'),
(17, 376, 21, 8, 5, 'A'),
(17, 377, 21, 8, 5, 'A'),
(17, 378, 21, 8, 5, 'A'),
(17, 379, 21, 8, 5, 'A'),
(17, 380, 21, 8, 5, 'A'),
(17, 382, 21, 8, 5, 'A'),
(17, 384, 21, 8, 5, 'A'),
(17, 385, 21, 8, 5, 'A'),
(17, 386, 21, 8, 5, 'A'),
(17, 388, 21, 8, 5, 'A'),
(17, 389, 21, 8, 5, 'A'),
(17, 390, 21, 8, 5, 'A'),
(17, 393, 21, 8, 5, 'A'),
(17, 394, 21, 8, 5, 'A'),
(17, 369, 21, 22, 5, 'A'),
(17, 370, 21, 22, 5, 'A'),
(17, 372, 21, 22, 5, 'A'),
(17, 373, 21, 22, 5, 'A'),
(17, 374, 21, 22, 5, 'A'),
(17, 376, 21, 22, 5, 'A'),
(17, 377, 21, 22, 5, 'A'),
(17, 378, 21, 22, 5, 'A'),
(17, 379, 21, 22, 5, 'A'),
(17, 380, 21, 22, 5, 'A'),
(17, 382, 21, 22, 5, 'A'),
(17, 384, 21, 22, 5, 'A'),
(17, 385, 21, 22, 5, 'A'),
(17, 386, 21, 22, 5, 'A'),
(17, 388, 21, 22, 5, 'A'),
(17, 389, 21, 22, 5, 'A'),
(17, 390, 21, 22, 5, 'A'),
(17, 393, 21, 22, 5, 'A'),
(17, 394, 21, 22, 5, 'A'),
(18, 395, 21, 7, 5, 'A'),
(18, 396, 21, 7, 5, 'A'),
(18, 397, 21, 7, 5, 'A'),
(18, 398, 21, 7, 5, 'A'),
(18, 399, 21, 7, 5, 'A'),
(18, 400, 21, 7, 5, 'A'),
(18, 402, 21, 7, 5, 'A'),
(18, 403, 21, 7, 5, 'A'),
(18, 404, 21, 7, 5, 'A'),
(18, 406, 21, 7, 5, 'A'),
(18, 407, 21, 7, 5, 'A'),
(18, 408, 21, 7, 5, 'A'),
(18, 409, 21, 7, 5, 'A'),
(18, 411, 21, 7, 5, 'A'),
(18, 412, 21, 7, 5, 'A'),
(18, 413, 21, 7, 5, 'A'),
(18, 414, 21, 7, 5, 'A'),
(18, 415, 21, 7, 5, 'A'),
(18, 416, 21, 7, 5, 'A'),
(18, 417, 21, 7, 5, 'A'),
(18, 418, 21, 7, 5, 'A'),
(18, 420, 21, 7, 5, 'A'),
(18, 395, 21, 8, 5, 'A'),
(18, 396, 21, 8, 5, 'A'),
(18, 397, 21, 8, 5, 'A'),
(18, 398, 21, 8, 5, 'A'),
(18, 399, 21, 8, 5, 'A'),
(18, 400, 21, 8, 5, 'A'),
(18, 402, 21, 8, 5, 'A'),
(18, 403, 21, 8, 5, 'A'),
(18, 404, 21, 8, 5, 'A'),
(18, 406, 21, 8, 5, 'A'),
(18, 407, 21, 8, 5, 'A'),
(18, 408, 21, 8, 5, 'A'),
(18, 409, 21, 8, 5, 'A'),
(18, 411, 21, 8, 5, 'A'),
(18, 412, 21, 8, 5, 'A'),
(18, 413, 21, 8, 5, 'A'),
(18, 414, 21, 8, 5, 'A'),
(18, 415, 21, 8, 5, 'A'),
(18, 416, 21, 8, 5, 'A'),
(18, 417, 21, 8, 5, 'A'),
(18, 418, 21, 8, 5, 'A'),
(18, 420, 21, 8, 5, 'A'),
(18, 395, 21, 22, 5, 'A'),
(18, 396, 21, 22, 5, 'A'),
(18, 397, 21, 22, 5, 'A'),
(18, 398, 21, 22, 5, 'A'),
(18, 399, 21, 22, 5, 'A'),
(18, 400, 21, 22, 5, 'A'),
(18, 402, 21, 22, 5, 'A'),
(18, 403, 21, 22, 5, 'A'),
(18, 404, 21, 22, 5, 'A'),
(18, 406, 21, 22, 5, 'A'),
(18, 407, 21, 22, 5, 'A'),
(18, 408, 21, 22, 5, 'A'),
(18, 409, 21, 22, 5, 'A'),
(18, 411, 21, 22, 5, 'A'),
(18, 412, 21, 22, 5, 'A'),
(18, 413, 21, 22, 5, 'A'),
(18, 414, 21, 22, 5, 'A'),
(18, 415, 21, 22, 5, 'A'),
(18, 416, 21, 22, 5, 'A'),
(18, 417, 21, 22, 5, 'A'),
(18, 418, 21, 22, 5, 'A'),
(18, 420, 21, 22, 5, 'A'),
(17, 369, 22, 7, 5, 'A'),
(17, 370, 22, 7, 5, 'A'),
(17, 372, 22, 7, 5, 'A'),
(17, 373, 22, 7, 5, 'A'),
(17, 374, 22, 7, 5, 'A'),
(17, 376, 22, 7, 5, 'A'),
(17, 377, 22, 7, 5, 'A'),
(17, 378, 22, 7, 5, 'A'),
(17, 379, 22, 7, 5, 'A'),
(17, 380, 22, 7, 5, 'A'),
(17, 382, 22, 7, 5, 'A'),
(17, 384, 22, 7, 5, 'A'),
(17, 385, 22, 7, 5, 'A'),
(17, 386, 22, 7, 5, 'A'),
(17, 388, 22, 7, 5, 'A'),
(17, 389, 22, 7, 5, 'A'),
(17, 390, 22, 7, 5, 'A'),
(17, 393, 22, 7, 5, 'A'),
(17, 394, 22, 7, 5, 'A'),
(17, 369, 22, 8, 5, 'A'),
(17, 370, 22, 8, 5, 'A'),
(17, 372, 22, 8, 5, 'A'),
(17, 373, 22, 8, 5, 'A'),
(17, 374, 22, 8, 5, 'A'),
(17, 376, 22, 8, 5, 'A'),
(17, 377, 22, 8, 5, 'A'),
(17, 378, 22, 8, 5, 'A'),
(17, 379, 22, 8, 5, 'A'),
(17, 380, 22, 8, 5, 'A'),
(17, 382, 22, 8, 5, 'A'),
(17, 384, 22, 8, 5, 'A'),
(17, 385, 22, 8, 5, 'A'),
(17, 386, 22, 8, 5, 'A'),
(17, 388, 22, 8, 5, 'A'),
(17, 389, 22, 8, 5, 'A'),
(17, 390, 22, 8, 5, 'A'),
(17, 393, 22, 8, 5, 'A'),
(17, 394, 22, 8, 5, 'A'),
(17, 369, 22, 22, 5, 'A'),
(17, 370, 22, 22, 5, 'A'),
(17, 372, 22, 22, 5, 'A'),
(17, 373, 22, 22, 5, 'A'),
(17, 374, 22, 22, 5, 'A'),
(17, 376, 22, 22, 5, 'A'),
(17, 377, 22, 22, 5, 'A'),
(17, 378, 22, 22, 5, 'A'),
(17, 379, 22, 22, 5, 'A'),
(17, 380, 22, 22, 5, 'A'),
(17, 382, 22, 22, 5, 'A'),
(17, 384, 22, 22, 5, 'A'),
(17, 385, 22, 22, 5, 'A'),
(17, 386, 22, 22, 5, 'A'),
(17, 388, 22, 22, 5, 'A'),
(17, 389, 22, 22, 5, 'A'),
(17, 390, 22, 22, 5, 'A'),
(17, 393, 22, 22, 5, 'A'),
(17, 394, 22, 22, 5, 'A'),
(18, 395, 22, 7, 5, 'A'),
(18, 396, 22, 7, 5, 'A'),
(18, 397, 22, 7, 5, 'A'),
(18, 398, 22, 7, 5, 'A'),
(18, 399, 22, 7, 5, 'A'),
(18, 400, 22, 7, 5, 'A'),
(18, 402, 22, 7, 5, 'A'),
(18, 403, 22, 7, 5, 'A'),
(18, 404, 22, 7, 5, 'A'),
(18, 406, 22, 7, 5, 'A'),
(18, 407, 22, 7, 5, 'A'),
(18, 408, 22, 7, 5, 'A'),
(18, 409, 22, 7, 5, 'A'),
(18, 411, 22, 7, 5, 'A'),
(18, 412, 22, 7, 5, 'A'),
(18, 413, 22, 7, 5, 'A'),
(18, 414, 22, 7, 5, 'A'),
(18, 415, 22, 7, 5, 'A'),
(18, 416, 22, 7, 5, 'A'),
(18, 417, 22, 7, 5, 'A'),
(18, 418, 22, 7, 5, 'A'),
(18, 420, 22, 7, 5, 'A'),
(18, 395, 22, 8, 5, 'A'),
(18, 396, 22, 8, 5, 'A'),
(18, 397, 22, 8, 5, 'A'),
(18, 398, 22, 8, 5, 'A'),
(18, 399, 22, 8, 5, 'A'),
(18, 400, 22, 8, 5, 'A'),
(18, 402, 22, 8, 5, 'A'),
(18, 403, 22, 8, 5, 'A'),
(18, 404, 22, 8, 5, 'A'),
(18, 406, 22, 8, 5, 'A'),
(18, 407, 22, 8, 5, 'A'),
(18, 408, 22, 8, 5, 'A'),
(18, 409, 22, 8, 5, 'A'),
(18, 411, 22, 8, 5, 'A'),
(18, 412, 22, 8, 5, 'A'),
(18, 413, 22, 8, 5, 'A'),
(18, 414, 22, 8, 5, 'A'),
(18, 415, 22, 8, 5, 'A'),
(18, 416, 22, 8, 5, 'A'),
(18, 417, 22, 8, 5, 'A'),
(18, 418, 22, 8, 5, 'A'),
(18, 420, 22, 8, 5, 'A'),
(18, 395, 22, 22, 5, 'A'),
(18, 396, 22, 22, 5, 'A'),
(18, 397, 22, 22, 5, 'A'),
(18, 398, 22, 22, 5, 'A'),
(18, 399, 22, 22, 5, 'A'),
(18, 400, 22, 22, 5, 'A'),
(18, 402, 22, 22, 5, 'A'),
(18, 403, 22, 22, 5, 'A'),
(18, 404, 22, 22, 5, 'A'),
(18, 406, 22, 22, 5, 'A'),
(18, 407, 22, 22, 5, 'A'),
(18, 408, 22, 22, 5, 'A'),
(18, 409, 22, 22, 5, 'A'),
(18, 411, 22, 22, 5, 'A'),
(18, 412, 22, 22, 5, 'A'),
(18, 413, 22, 22, 5, 'A'),
(18, 414, 22, 22, 5, 'A'),
(18, 415, 22, 22, 5, 'A'),
(18, 416, 22, 22, 5, 'A'),
(18, 417, 22, 22, 5, 'A'),
(18, 418, 22, 22, 5, 'A'),
(18, 420, 22, 22, 5, 'A'),
(17, 369, 24, 7, 5, 'A'),
(17, 370, 24, 7, 5, 'A'),
(17, 372, 24, 7, 5, 'A'),
(17, 373, 24, 7, 5, 'A'),
(17, 374, 24, 7, 5, 'A'),
(17, 376, 24, 7, 5, 'A'),
(17, 377, 24, 7, 5, 'A'),
(17, 378, 24, 7, 5, 'A'),
(17, 379, 24, 7, 5, 'A'),
(17, 380, 24, 7, 5, 'A'),
(17, 382, 24, 7, 5, 'A'),
(17, 384, 24, 7, 5, 'A'),
(17, 385, 24, 7, 5, 'A'),
(17, 386, 24, 7, 5, 'A'),
(17, 388, 24, 7, 5, 'A'),
(17, 389, 24, 7, 5, 'A'),
(17, 390, 24, 7, 5, 'A'),
(17, 393, 24, 7, 5, 'A'),
(17, 394, 24, 7, 5, 'A'),
(17, 369, 24, 8, 5, 'A'),
(17, 370, 24, 8, 5, 'A'),
(17, 372, 24, 8, 5, 'A'),
(17, 373, 24, 8, 5, 'A'),
(17, 374, 24, 8, 5, 'A'),
(17, 376, 24, 8, 5, 'A'),
(17, 377, 24, 8, 5, 'A'),
(17, 378, 24, 8, 5, 'A'),
(17, 379, 24, 8, 5, 'A'),
(17, 380, 24, 8, 5, 'A'),
(17, 382, 24, 8, 5, 'A'),
(17, 384, 24, 8, 5, 'A'),
(17, 385, 24, 8, 5, 'A'),
(17, 386, 24, 8, 5, 'A'),
(17, 388, 24, 8, 5, 'A'),
(17, 389, 24, 8, 5, 'A'),
(17, 390, 24, 8, 5, 'A'),
(17, 393, 24, 8, 5, 'A'),
(17, 394, 24, 8, 5, 'A'),
(17, 369, 24, 22, 5, 'A'),
(17, 370, 24, 22, 5, 'A'),
(17, 372, 24, 22, 5, 'A'),
(17, 373, 24, 22, 5, 'A'),
(17, 374, 24, 22, 5, 'A'),
(17, 376, 24, 22, 5, 'A'),
(17, 377, 24, 22, 5, 'A'),
(17, 378, 24, 22, 5, 'A'),
(17, 379, 24, 22, 5, 'A'),
(17, 380, 24, 22, 5, 'A'),
(17, 382, 24, 22, 5, 'A'),
(17, 384, 24, 22, 5, 'A'),
(17, 385, 24, 22, 5, 'A'),
(17, 386, 24, 22, 5, 'A'),
(17, 388, 24, 22, 5, 'A'),
(17, 389, 24, 22, 5, 'A'),
(17, 390, 24, 22, 5, 'A'),
(17, 393, 24, 22, 5, 'A'),
(17, 394, 24, 22, 5, 'A'),
(18, 395, 24, 7, 5, 'A'),
(18, 396, 24, 7, 5, 'A'),
(18, 397, 24, 7, 5, 'A'),
(18, 398, 24, 7, 5, 'A'),
(18, 399, 24, 7, 5, 'A'),
(18, 400, 24, 7, 5, 'A'),
(18, 402, 24, 7, 5, 'A'),
(18, 403, 24, 7, 5, 'A'),
(18, 404, 24, 7, 5, 'A'),
(18, 406, 24, 7, 5, 'A'),
(18, 407, 24, 7, 5, 'A'),
(18, 408, 24, 7, 5, 'A'),
(18, 409, 24, 7, 5, 'A'),
(18, 411, 24, 7, 5, 'A'),
(18, 412, 24, 7, 5, 'A'),
(18, 413, 24, 7, 5, 'A'),
(18, 414, 24, 7, 5, 'A'),
(18, 415, 24, 7, 5, 'A'),
(18, 416, 24, 7, 5, 'A'),
(18, 417, 24, 7, 5, 'A'),
(18, 418, 24, 7, 5, 'A'),
(18, 420, 24, 7, 5, 'A'),
(18, 395, 24, 8, 5, 'A'),
(18, 396, 24, 8, 5, 'A'),
(18, 397, 24, 8, 5, 'A'),
(18, 398, 24, 8, 5, 'A'),
(18, 399, 24, 8, 5, 'A'),
(18, 400, 24, 8, 5, 'A'),
(18, 402, 24, 8, 5, 'A'),
(18, 403, 24, 8, 5, 'A'),
(18, 404, 24, 8, 5, 'A'),
(18, 406, 24, 8, 5, 'A'),
(18, 407, 24, 8, 5, 'A'),
(18, 408, 24, 8, 5, 'A'),
(18, 409, 24, 8, 5, 'A'),
(18, 411, 24, 8, 5, 'A'),
(18, 412, 24, 8, 5, 'A'),
(18, 413, 24, 8, 5, 'A'),
(18, 414, 24, 8, 5, 'A'),
(18, 415, 24, 8, 5, 'A'),
(18, 416, 24, 8, 5, 'A'),
(18, 417, 24, 8, 5, 'A'),
(18, 418, 24, 8, 5, 'A'),
(18, 420, 24, 8, 5, 'A'),
(18, 395, 24, 22, 5, 'A'),
(18, 396, 24, 22, 5, 'A'),
(18, 397, 24, 22, 5, 'A'),
(18, 398, 24, 22, 5, 'A'),
(18, 399, 24, 22, 5, 'A'),
(18, 400, 24, 22, 5, 'A'),
(18, 402, 24, 22, 5, 'A'),
(18, 403, 24, 22, 5, 'A'),
(18, 404, 24, 22, 5, 'A'),
(18, 406, 24, 22, 5, 'A'),
(18, 407, 24, 22, 5, 'A'),
(18, 408, 24, 22, 5, 'A'),
(18, 409, 24, 22, 5, 'A'),
(18, 411, 24, 22, 5, 'A'),
(18, 412, 24, 22, 5, 'A'),
(18, 413, 24, 22, 5, 'A'),
(18, 414, 24, 22, 5, 'A'),
(18, 415, 24, 22, 5, 'A'),
(18, 416, 24, 22, 5, 'A'),
(18, 417, 24, 22, 5, 'A'),
(18, 418, 24, 22, 5, 'A'),
(18, 420, 24, 22, 5, 'A'),
(17, 369, 25, 7, 5, 'A'),
(17, 370, 25, 7, 5, 'A'),
(17, 372, 25, 7, 5, 'A'),
(17, 373, 25, 7, 5, 'A'),
(17, 374, 25, 7, 5, 'A'),
(17, 376, 25, 7, 5, 'A'),
(17, 377, 25, 7, 5, 'A'),
(17, 378, 25, 7, 5, 'A'),
(17, 379, 25, 7, 5, 'A'),
(17, 380, 25, 7, 5, 'A'),
(17, 382, 25, 7, 5, 'A'),
(17, 384, 25, 7, 5, 'A'),
(17, 385, 25, 7, 5, 'A'),
(17, 386, 25, 7, 5, 'A'),
(17, 388, 25, 7, 5, 'A'),
(17, 389, 25, 7, 5, 'A'),
(17, 390, 25, 7, 5, 'A'),
(17, 393, 25, 7, 5, 'A'),
(17, 394, 25, 7, 5, 'A'),
(17, 369, 25, 8, 5, 'A'),
(17, 370, 25, 8, 5, 'A'),
(17, 372, 25, 8, 5, 'A'),
(17, 373, 25, 8, 5, 'A'),
(17, 374, 25, 8, 5, 'A'),
(17, 376, 25, 8, 5, 'A'),
(17, 377, 25, 8, 5, 'A'),
(17, 378, 25, 8, 5, 'A'),
(17, 379, 25, 8, 5, 'A'),
(17, 380, 25, 8, 5, 'A'),
(17, 382, 25, 8, 5, 'A'),
(17, 384, 25, 8, 5, 'A'),
(17, 385, 25, 8, 5, 'A'),
(17, 386, 25, 8, 5, 'A'),
(17, 388, 25, 8, 5, 'A'),
(17, 389, 25, 8, 5, 'A'),
(17, 390, 25, 8, 5, 'A'),
(17, 393, 25, 8, 5, 'A'),
(17, 394, 25, 8, 5, 'A'),
(17, 369, 25, 22, 5, 'A'),
(17, 370, 25, 22, 5, 'A'),
(17, 372, 25, 22, 5, 'A'),
(17, 373, 25, 22, 5, 'A'),
(17, 374, 25, 22, 5, 'A'),
(17, 376, 25, 22, 5, 'A'),
(17, 377, 25, 22, 5, 'A'),
(17, 378, 25, 22, 5, 'A'),
(17, 379, 25, 22, 5, 'A'),
(17, 380, 25, 22, 5, 'A'),
(17, 382, 25, 22, 5, 'A'),
(17, 384, 25, 22, 5, 'A'),
(17, 385, 25, 22, 5, 'A'),
(17, 386, 25, 22, 5, 'A'),
(17, 388, 25, 22, 5, 'A'),
(17, 389, 25, 22, 5, 'A'),
(17, 390, 25, 22, 5, 'A'),
(17, 393, 25, 22, 5, 'A'),
(17, 394, 25, 22, 5, 'A'),
(18, 395, 25, 7, 5, 'A'),
(18, 396, 25, 7, 5, 'A'),
(18, 397, 25, 7, 5, 'A'),
(18, 398, 25, 7, 5, 'A'),
(18, 399, 25, 7, 5, 'A'),
(18, 400, 25, 7, 5, 'A'),
(18, 402, 25, 7, 5, 'A'),
(18, 403, 25, 7, 5, 'A'),
(18, 404, 25, 7, 5, 'A'),
(18, 406, 25, 7, 5, 'A'),
(18, 407, 25, 7, 5, 'A'),
(18, 408, 25, 7, 5, 'A'),
(18, 409, 25, 7, 5, 'A'),
(18, 411, 25, 7, 5, 'A'),
(18, 412, 25, 7, 5, 'A'),
(18, 413, 25, 7, 5, 'A'),
(18, 414, 25, 7, 5, 'A'),
(18, 415, 25, 7, 5, 'A'),
(18, 416, 25, 7, 5, 'A'),
(18, 417, 25, 7, 5, 'A'),
(18, 418, 25, 7, 5, 'A'),
(18, 420, 25, 7, 5, 'A'),
(18, 395, 25, 8, 5, 'A'),
(18, 396, 25, 8, 5, 'A'),
(18, 397, 25, 8, 5, 'A'),
(18, 398, 25, 8, 5, 'A'),
(18, 399, 25, 8, 5, 'A'),
(18, 400, 25, 8, 5, 'A'),
(18, 402, 25, 8, 5, 'A'),
(18, 403, 25, 8, 5, 'A'),
(18, 404, 25, 8, 5, 'A'),
(18, 406, 25, 8, 5, 'A'),
(18, 407, 25, 8, 5, 'A'),
(18, 408, 25, 8, 5, 'A'),
(18, 409, 25, 8, 5, 'A'),
(18, 411, 25, 8, 5, 'A'),
(18, 412, 25, 8, 5, 'A'),
(18, 413, 25, 8, 5, 'A'),
(18, 414, 25, 8, 5, 'A'),
(18, 415, 25, 8, 5, 'A'),
(18, 416, 25, 8, 5, 'A'),
(18, 417, 25, 8, 5, 'A'),
(18, 418, 25, 8, 5, 'A'),
(18, 420, 25, 8, 5, 'A'),
(18, 395, 25, 22, 5, 'A'),
(18, 396, 25, 22, 5, 'A'),
(18, 397, 25, 22, 5, 'A'),
(18, 398, 25, 22, 5, 'A'),
(18, 399, 25, 22, 5, 'A'),
(18, 400, 25, 22, 5, 'A'),
(18, 402, 25, 22, 5, 'A'),
(18, 403, 25, 22, 5, 'A'),
(18, 404, 25, 22, 5, 'A'),
(18, 406, 25, 22, 5, 'A'),
(18, 407, 25, 22, 5, 'A'),
(18, 408, 25, 22, 5, 'A'),
(18, 409, 25, 22, 5, 'A'),
(18, 411, 25, 22, 5, 'A'),
(18, 412, 25, 22, 5, 'A'),
(18, 413, 25, 22, 5, 'A'),
(18, 414, 25, 22, 5, 'A'),
(18, 415, 25, 22, 5, 'A'),
(18, 416, 25, 22, 5, 'A'),
(18, 417, 25, 22, 5, 'A'),
(18, 418, 25, 22, 5, 'A'),
(18, 420, 25, 22, 5, 'A'),
(17, 369, 21, 5, 5, 'A'),
(17, 370, 21, 5, 5, 'A'),
(17, 372, 21, 5, 5, 'A'),
(17, 373, 21, 5, 5, 'A'),
(17, 374, 21, 5, 5, 'A'),
(17, 376, 21, 5, 5, 'A'),
(17, 377, 21, 5, 5, 'A'),
(17, 378, 21, 5, 5, 'A'),
(17, 379, 21, 5, 5, 'A'),
(17, 380, 21, 5, 5, 'A'),
(17, 382, 21, 5, 5, 'A'),
(17, 384, 21, 5, 5, 'A'),
(17, 385, 21, 5, 5, 'A'),
(17, 386, 21, 5, 5, 'A'),
(17, 388, 21, 5, 5, 'A'),
(17, 389, 21, 5, 5, 'A'),
(17, 390, 21, 5, 5, 'A'),
(17, 393, 21, 5, 5, 'A'),
(17, 394, 21, 5, 5, 'A'),
(18, 395, 21, 5, 5, 'A'),
(18, 396, 21, 5, 5, 'A'),
(18, 397, 21, 5, 5, 'A'),
(18, 398, 21, 5, 5, 'A'),
(18, 399, 21, 5, 5, 'A'),
(18, 400, 21, 5, 5, 'A'),
(18, 402, 21, 5, 5, 'A'),
(18, 403, 21, 5, 5, 'A'),
(18, 404, 21, 5, 5, 'A'),
(18, 406, 21, 5, 5, 'A'),
(18, 407, 21, 5, 5, 'A'),
(18, 408, 21, 5, 5, 'A'),
(18, 409, 21, 5, 5, 'A'),
(18, 411, 21, 5, 5, 'A'),
(18, 412, 21, 5, 5, 'A'),
(18, 413, 21, 5, 5, 'A'),
(18, 414, 21, 5, 5, 'A'),
(18, 415, 21, 5, 5, 'A'),
(18, 416, 21, 5, 5, 'A'),
(18, 417, 21, 5, 5, 'A'),
(18, 418, 21, 5, 5, 'A'),
(17, 369, 22, 5, 5, 'A'),
(17, 370, 22, 5, 5, 'A'),
(17, 372, 22, 5, 5, 'A'),
(17, 373, 22, 5, 5, 'A'),
(17, 374, 22, 5, 5, 'A'),
(17, 376, 22, 5, 5, 'A'),
(17, 377, 22, 5, 5, 'A'),
(17, 378, 22, 5, 5, 'A'),
(17, 379, 22, 5, 5, 'A'),
(17, 380, 22, 5, 5, 'A'),
(17, 382, 22, 5, 5, 'A'),
(17, 384, 22, 5, 5, 'A'),
(17, 385, 22, 5, 5, 'A'),
(17, 386, 22, 5, 5, 'A'),
(17, 388, 22, 5, 5, 'A'),
(17, 389, 22, 5, 5, 'A'),
(17, 390, 22, 5, 5, 'A'),
(17, 393, 22, 5, 5, 'A'),
(17, 394, 22, 5, 5, 'A'),
(17, 369, 24, 5, 5, 'A'),
(17, 370, 24, 5, 5, 'A'),
(17, 372, 24, 5, 5, 'A'),
(17, 373, 24, 5, 5, 'A'),
(17, 374, 24, 5, 5, 'A'),
(17, 376, 24, 5, 5, 'A'),
(17, 377, 24, 5, 5, 'A'),
(17, 378, 24, 5, 5, 'A'),
(17, 379, 24, 5, 5, 'A'),
(17, 380, 24, 5, 5, 'A'),
(17, 382, 24, 5, 5, 'A'),
(17, 384, 24, 5, 5, 'A'),
(17, 385, 24, 5, 5, 'A'),
(17, 386, 24, 5, 5, 'A'),
(17, 388, 24, 5, 5, 'A'),
(17, 389, 24, 5, 5, 'A'),
(17, 390, 24, 5, 5, 'A'),
(17, 393, 24, 5, 5, 'A'),
(17, 394, 24, 5, 5, 'A'),
(18, 395, 24, 5, 5, 'A'),
(18, 396, 24, 5, 5, 'A'),
(18, 397, 24, 5, 5, 'A'),
(18, 398, 24, 5, 5, 'A'),
(18, 399, 24, 5, 5, 'A'),
(18, 400, 24, 5, 5, 'A'),
(18, 402, 24, 5, 5, 'A'),
(18, 403, 24, 5, 5, 'A'),
(18, 404, 24, 5, 5, 'A'),
(18, 406, 24, 5, 5, 'A'),
(18, 407, 24, 5, 5, 'A'),
(18, 408, 24, 5, 5, 'A'),
(18, 409, 24, 5, 5, 'A'),
(18, 411, 24, 5, 5, 'A'),
(18, 412, 24, 5, 5, 'A'),
(18, 413, 24, 5, 5, 'A'),
(18, 414, 24, 5, 5, 'A'),
(18, 415, 24, 5, 5, 'A'),
(18, 416, 24, 5, 5, 'A'),
(18, 417, 24, 5, 5, 'A'),
(18, 418, 24, 5, 5, 'A'),
(18, 420, 24, 5, 5, 'A'),
(17, 369, 25, 5, 5, 'A'),
(17, 370, 25, 5, 5, 'A'),
(17, 372, 25, 5, 5, 'A'),
(17, 373, 25, 5, 5, 'A'),
(17, 374, 25, 5, 5, 'A'),
(17, 376, 25, 5, 5, 'A'),
(17, 377, 25, 5, 5, 'A'),
(17, 378, 25, 5, 5, 'A'),
(17, 379, 25, 5, 5, 'A'),
(17, 380, 25, 5, 5, 'A'),
(17, 382, 25, 5, 5, 'A'),
(17, 384, 25, 5, 5, 'A'),
(17, 385, 25, 5, 5, 'A'),
(17, 386, 25, 5, 5, 'A'),
(17, 388, 25, 5, 5, 'A'),
(17, 389, 25, 5, 5, 'A'),
(17, 390, 25, 5, 5, 'A'),
(17, 393, 25, 5, 5, 'A'),
(17, 394, 25, 5, 5, 'A'),
(18, 395, 25, 5, 5, 'A'),
(18, 396, 25, 5, 5, 'A'),
(18, 397, 25, 5, 5, 'A'),
(18, 398, 25, 5, 5, 'A'),
(18, 399, 25, 5, 5, 'A'),
(18, 400, 25, 5, 5, 'A'),
(18, 402, 25, 5, 5, 'A'),
(18, 403, 25, 5, 5, 'A'),
(18, 404, 25, 5, 5, 'A'),
(18, 406, 25, 5, 5, 'A'),
(18, 407, 25, 5, 5, 'A'),
(18, 408, 25, 5, 5, 'A'),
(18, 409, 25, 5, 5, 'A'),
(18, 411, 25, 5, 5, 'A'),
(18, 412, 25, 5, 5, 'A'),
(18, 413, 25, 5, 5, 'A'),
(18, 414, 25, 5, 5, 'A'),
(18, 415, 25, 5, 5, 'A'),
(18, 416, 25, 5, 5, 'A'),
(18, 417, 25, 5, 5, 'A'),
(18, 418, 25, 5, 5, 'A'),
(17, 369, 21, 25, 5, 'A'),
(17, 370, 21, 25, 5, 'A'),
(17, 372, 21, 25, 5, 'A'),
(17, 373, 21, 25, 5, 'A'),
(17, 374, 21, 25, 5, 'A'),
(17, 376, 21, 25, 5, 'A'),
(17, 377, 21, 25, 5, 'A'),
(17, 378, 21, 25, 5, 'A'),
(17, 379, 21, 25, 5, 'A'),
(17, 380, 21, 25, 5, 'A'),
(17, 382, 21, 25, 5, 'A'),
(17, 384, 21, 25, 5, 'A'),
(17, 385, 21, 25, 5, 'A'),
(17, 386, 21, 25, 5, 'A'),
(17, 388, 21, 25, 5, 'A'),
(17, 389, 21, 25, 5, 'A'),
(17, 390, 21, 25, 5, 'A'),
(17, 393, 21, 25, 5, 'A'),
(17, 394, 21, 25, 5, 'A'),
(18, 395, 21, 25, 5, 'A'),
(18, 396, 21, 25, 5, 'A'),
(18, 397, 21, 25, 5, 'A'),
(18, 398, 21, 25, 5, 'A'),
(18, 399, 21, 25, 5, 'A'),
(18, 400, 21, 25, 5, 'A'),
(18, 402, 21, 25, 5, 'A'),
(18, 403, 21, 25, 5, 'A'),
(18, 404, 21, 25, 5, 'A'),
(18, 406, 21, 25, 5, 'A'),
(18, 407, 21, 25, 5, 'A'),
(18, 408, 21, 25, 5, 'A'),
(18, 409, 21, 25, 5, 'A'),
(18, 411, 21, 25, 5, 'A'),
(18, 412, 21, 25, 5, 'A'),
(18, 413, 21, 25, 5, 'A'),
(18, 414, 21, 25, 5, 'A'),
(18, 415, 21, 25, 5, 'A'),
(18, 416, 21, 25, 5, 'A'),
(18, 417, 21, 25, 5, 'A'),
(18, 418, 21, 25, 5, 'A'),
(18, 420, 21, 25, 5, 'A'),
(17, 369, 22, 25, 5, 'A'),
(17, 370, 22, 25, 5, 'A'),
(17, 372, 22, 25, 5, 'A'),
(17, 373, 22, 25, 5, 'A'),
(17, 374, 22, 25, 5, 'A'),
(17, 376, 22, 25, 5, 'A'),
(17, 377, 22, 25, 5, 'A'),
(17, 378, 22, 25, 5, 'A'),
(17, 379, 22, 25, 5, 'A'),
(17, 380, 22, 25, 5, 'A'),
(17, 382, 22, 25, 5, 'A'),
(17, 384, 22, 25, 5, 'A'),
(17, 385, 22, 25, 5, 'A'),
(17, 386, 22, 25, 5, 'A'),
(17, 388, 22, 25, 5, 'A'),
(17, 389, 22, 25, 5, 'A'),
(17, 390, 22, 25, 5, 'A'),
(17, 393, 22, 25, 5, 'A'),
(17, 394, 22, 25, 5, 'A'),
(18, 395, 22, 25, 5, 'A'),
(18, 396, 22, 25, 5, 'A'),
(18, 397, 22, 25, 5, 'A'),
(18, 398, 22, 25, 5, 'A'),
(18, 399, 22, 25, 5, 'A'),
(18, 400, 22, 25, 5, 'A'),
(18, 402, 22, 25, 5, 'A'),
(18, 403, 22, 25, 5, 'A'),
(18, 404, 22, 25, 5, 'A'),
(18, 406, 22, 25, 5, 'A'),
(18, 407, 22, 25, 5, 'A'),
(18, 408, 22, 25, 5, 'A'),
(18, 409, 22, 25, 5, 'A'),
(18, 411, 22, 25, 5, 'A'),
(18, 412, 22, 25, 5, 'A'),
(18, 413, 22, 25, 5, 'A'),
(18, 414, 22, 25, 5, 'A'),
(18, 415, 22, 25, 5, 'A'),
(18, 416, 22, 25, 5, 'A'),
(18, 417, 22, 25, 5, 'A'),
(18, 418, 22, 25, 5, 'A'),
(18, 420, 22, 25, 5, 'A'),
(17, 369, 24, 25, 5, 'A'),
(17, 370, 24, 25, 5, 'A'),
(17, 372, 24, 25, 5, 'A'),
(17, 373, 24, 25, 5, 'A'),
(17, 374, 24, 25, 5, 'A'),
(17, 376, 24, 25, 5, 'A'),
(17, 377, 24, 25, 5, 'A'),
(17, 378, 24, 25, 5, 'A'),
(17, 379, 24, 25, 5, 'A'),
(17, 380, 24, 25, 5, 'A'),
(17, 382, 24, 25, 5, 'A'),
(17, 384, 24, 25, 5, 'A'),
(17, 385, 24, 25, 5, 'A'),
(17, 386, 24, 25, 5, 'A'),
(17, 389, 24, 25, 5, 'A'),
(17, 390, 24, 25, 5, 'A'),
(17, 393, 24, 25, 5, 'A'),
(17, 394, 24, 25, 5, 'A'),
(18, 395, 24, 25, 5, 'A'),
(18, 396, 24, 25, 5, 'A'),
(18, 397, 24, 25, 5, 'A'),
(18, 398, 24, 25, 5, 'A'),
(18, 399, 24, 25, 5, 'A'),
(18, 400, 24, 25, 5, 'A'),
(18, 402, 24, 25, 5, 'A'),
(18, 403, 24, 25, 5, 'A'),
(18, 404, 24, 25, 5, 'A'),
(18, 406, 24, 25, 5, 'A'),
(18, 408, 24, 25, 5, 'A'),
(18, 409, 24, 25, 5, 'A'),
(18, 411, 24, 25, 5, 'A'),
(18, 412, 24, 25, 5, 'A'),
(18, 413, 24, 25, 5, 'A'),
(18, 414, 24, 25, 5, 'A'),
(18, 415, 24, 25, 5, 'A'),
(18, 416, 24, 25, 5, 'A'),
(18, 417, 24, 25, 5, 'A'),
(18, 418, 24, 25, 5, 'A'),
(18, 420, 24, 25, 5, 'A'),
(17, 369, 25, 25, 5, 'A'),
(17, 370, 25, 25, 5, 'A'),
(17, 372, 25, 25, 5, 'A'),
(17, 373, 25, 25, 5, 'A'),
(17, 374, 25, 25, 5, 'A'),
(17, 376, 25, 25, 5, 'A'),
(17, 377, 25, 25, 5, 'A'),
(17, 378, 25, 25, 5, 'A'),
(17, 379, 25, 25, 5, 'A'),
(17, 380, 25, 25, 5, 'A'),
(17, 382, 25, 25, 5, 'A'),
(17, 384, 25, 25, 5, 'A'),
(17, 385, 25, 25, 5, 'A'),
(17, 386, 25, 25, 5, 'A'),
(17, 388, 25, 25, 5, 'A'),
(17, 389, 25, 25, 5, 'A'),
(17, 390, 25, 25, 5, 'A'),
(17, 393, 25, 25, 5, 'A'),
(17, 394, 25, 25, 5, 'A'),
(18, 395, 25, 25, 5, 'A'),
(18, 396, 25, 25, 5, 'A'),
(18, 397, 25, 25, 5, 'A'),
(18, 398, 25, 25, 5, 'A'),
(18, 399, 25, 25, 5, 'A'),
(18, 400, 25, 25, 5, 'A'),
(18, 402, 25, 25, 5, 'A'),
(18, 403, 25, 25, 5, 'A'),
(18, 404, 25, 25, 5, 'A'),
(18, 406, 25, 25, 5, 'A'),
(18, 407, 25, 25, 5, 'A'),
(18, 408, 25, 25, 5, 'A'),
(18, 409, 25, 25, 5, 'A'),
(18, 411, 25, 25, 5, 'A'),
(18, 412, 25, 25, 5, 'A'),
(18, 413, 25, 25, 5, 'A'),
(18, 414, 25, 25, 5, 'A'),
(18, 415, 25, 25, 5, 'A'),
(18, 416, 25, 25, 5, 'A'),
(18, 417, 25, 25, 5, 'A'),
(18, 418, 25, 25, 5, 'A'),
(18, 420, 25, 25, 5, 'A'),
(16, 343, 10, 16, 5, 'A'),
(16, 345, 10, 16, 5, 'A'),
(16, 346, 10, 16, 5, 'A'),
(16, 347, 10, 16, 5, 'A'),
(16, 349, 10, 16, 5, 'A'),
(16, 351, 10, 16, 5, 'A'),
(16, 352, 10, 16, 5, 'A'),
(16, 353, 10, 16, 5, 'A'),
(16, 354, 10, 16, 5, 'A'),
(16, 356, 10, 16, 5, 'A'),
(16, 357, 10, 16, 5, 'A'),
(16, 358, 10, 16, 5, 'A'),
(16, 359, 10, 16, 5, 'A'),
(16, 361, 10, 16, 5, 'A'),
(16, 362, 10, 16, 5, 'A'),
(16, 368, 10, 16, 5, 'A'),
(16, 366, 10, 16, 5, 'A'),
(16, 343, 11, 16, 5, 'A'),
(16, 345, 11, 16, 5, 'A'),
(16, 346, 11, 16, 5, 'A'),
(16, 347, 11, 16, 5, 'A'),
(16, 349, 11, 16, 5, 'A'),
(16, 351, 11, 16, 5, 'A'),
(16, 352, 11, 16, 5, 'A'),
(16, 353, 11, 16, 5, 'A'),
(16, 354, 11, 16, 5, 'A'),
(16, 356, 11, 16, 5, 'A'),
(16, 357, 11, 16, 5, 'A'),
(16, 358, 11, 16, 5, 'A'),
(16, 359, 11, 16, 5, 'A'),
(16, 361, 11, 16, 5, 'A'),
(16, 362, 11, 16, 5, 'A'),
(16, 368, 11, 16, 5, 'A'),
(16, 366, 11, 16, 5, 'A'),
(16, 343, 12, 16, 5, 'A'),
(16, 345, 12, 16, 5, 'A'),
(16, 346, 12, 16, 5, 'A'),
(16, 347, 12, 16, 5, 'A'),
(16, 349, 12, 16, 5, 'A'),
(16, 351, 12, 16, 5, 'A'),
(16, 352, 12, 16, 5, 'A'),
(16, 353, 12, 16, 5, 'A'),
(16, 354, 12, 16, 5, 'A'),
(16, 356, 12, 16, 5, 'A'),
(16, 357, 12, 16, 5, 'A'),
(16, 358, 12, 16, 5, 'A'),
(16, 359, 12, 16, 5, 'A'),
(16, 361, 12, 16, 5, 'A'),
(16, 362, 12, 16, 5, 'A'),
(16, 368, 12, 16, 5, 'A'),
(16, 366, 12, 16, 5, 'A');

-- --------------------------------------------------------

--
-- Estructura de tabla para la tabla `sw_choices`
--

CREATE TABLE `sw_choices` (
  `id` int(11) NOT NULL,
  `id_question` int(11) NOT NULL,
  `is_correct` tinyint(1) NOT NULL,
  `text` varchar(100) NOT NULL
) ENGINE=InnoDB DEFAULT CHARSET=utf8mb4 COLLATE=utf8mb4_general_ci;

--
-- Volcado de datos para la tabla `sw_choices`
--

INSERT INTO `sw_choices` (`id`, `id_question`, `is_correct`, `text`) VALUES
(1, 32, 0, 'Egipto'),
(2, 32, 0, 'China'),
(3, 32, 1, 'Sumeria'),
(4, 33, 0, 'Corea del Norte'),
(5, 33, 0, 'Italia'),
(6, 33, 1, 'China'),
(7, 34, 1, 'Rusia'),
(8, 34, 0, 'China'),
(9, 34, 0, 'Arabia Saudí'),
(10, 35, 0, 'La igualdad de los campesinos.'),
(11, 35, 1, 'La libertad de las personas.'),
(12, 35, 0, 'Los reclamos de los obreros.'),
(13, 36, 0, '1922 - 1945'),
(14, 36, 0, '1918 - 1922'),
(15, 36, 1, '1914 - 1918'),
(16, 37, 1, 'Salario mínimo vital'),
(17, 37, 0, 'Salario por jornal'),
(18, 37, 0, 'Salario mínimo legal'),
(19, 38, 0, 'Arábiga'),
(20, 38, 1, 'Jeroglífica'),
(21, 38, 0, 'Latina'),
(22, 39, 1, 'Epopeyas heroicas'),
(23, 39, 0, 'Versos para sus oyentes'),
(24, 39, 0, 'Imaginación poética'),
(25, 40, 1, 'Las pirámides de Guiza.'),
(26, 40, 0, 'El coliseo romano.'),
(27, 40, 0, 'La muralla egipcia.'),
(28, 41, 0, 'Oveja'),
(29, 41, 0, 'Perro'),
(30, 41, 1, 'Caracol'),
(31, 11, 0, 'Elemento neutro'),
(32, 11, 1, 'Conmutativa'),
(33, 11, 0, 'Asociativa'),
(34, 12, 0, 'Conmutativa'),
(35, 12, 1, 'Elemento neutro'),
(36, 12, 0, 'Asociativa'),
(37, 13, 1, 'Asociativa'),
(38, 13, 0, 'Distributiva'),
(39, 13, 0, 'Conmutativa'),
(40, 14, 0, 'Asociativa'),
(41, 14, 1, 'Distributiva'),
(42, 14, 0, 'Conmutativa'),
(43, 15, 1, 'Falso, es el número UNO'),
(44, 15, 0, 'Verdadero, efectivamente es cero'),
(46, 16, 0, 'Multiplicación, sustracción, adición'),
(47, 16, 0, 'Adición, sustracción, multiplicación'),
(48, 16, 1, 'Multiplicación, adición, sustracción'),
(49, 17, 1, 'Paréntesis'),
(50, 17, 0, 'Sustracción'),
(51, 17, 0, 'Adición'),
(52, 18, 1, '14'),
(53, 18, 0, '11'),
(55, 18, 0, '18'),
(56, 22, 0, 'La aceleración'),
(57, 22, 0, 'El desplazamiento'),
(58, 22, 1, 'La velocidad'),
(59, 23, 0, 'Escalar'),
(60, 23, 0, 'Científica'),
(61, 23, 1, 'Vectorial'),
(62, 24, 0, 'Uno'),
(63, 24, 1, 'Cero'),
(64, 24, 0, 'Constante'),
(65, 25, 0, 'Uniforme'),
(66, 25, 0, 'Continuo'),
(67, 25, 1, 'Rectilíneo'),
(68, 26, 0, 'Desacelerado'),
(69, 26, 1, 'Uniforme'),
(70, 26, 0, 'Rectilíneo'),
(71, 27, 0, '16 m/s'),
(72, 27, 0, '16 m/s²'),
(73, 27, 1, '9 m/s'),
(74, 28, 0, 'Rapidez media'),
(75, 28, 1, 'Desplazamiento'),
(76, 28, 0, 'Rapidez instantánea'),
(77, 29, 1, 'Trayectoria'),
(78, 29, 0, 'Traslación'),
(79, 29, 0, 'Movimiento rectilíneo'),
(80, 30, 1, 'Distancia'),
(81, 30, 0, 'Velocidad media'),
(82, 30, 0, 'Desplazamiento'),
(83, 31, 1, 'Velocidad uniforme'),
(84, 31, 0, 'Velocidad media'),
(85, 31, 0, 'Velocidad instantánea'),
(86, 1, 0, '-11'),
(87, 1, 0, '-12'),
(88, 1, 1, '-13'),
(89, 2, 1, '-27'),
(90, 2, 0, '-28'),
(91, 2, 0, '-29'),
(92, 3, 0, '43'),
(93, 3, 1, '44'),
(94, 3, 0, '45'),
(95, 4, 0, '-40'),
(96, 4, 0, '-41'),
(97, 4, 1, '-42'),
(98, 5, 1, '8'),
(99, 5, 0, '9'),
(100, 5, 0, '10'),
(101, 6, 0, '-26'),
(102, 6, 1, '-27'),
(103, 6, 0, '-28'),
(104, 7, 1, '226'),
(105, 7, 0, '227'),
(106, 7, 0, '228'),
(107, 8, 1, '-3'),
(108, 8, 0, '-2'),
(109, 8, 0, '-1'),
(110, 9, 0, '-85'),
(111, 9, 1, '-84'),
(112, 9, 0, '-83'),
(113, 10, 1, '9'),
(114, 10, 0, '10'),
(115, 10, 0, '11'),
(116, 42, 0, '5 m/s'),
(118, 42, 0, '12 m/s'),
(119, 42, 1, '10 m/s'),
(120, 43, 0, 'Que recorre 2m cada segundo que pasa.'),
(121, 43, 1, 'Que la velocidad aumenta 2 m/s cada segundo que pasa.'),
(122, 43, 0, 'Que su velocidad vale 2 m/s'),
(123, 44, 0, 'Durante el primer segundo'),
(124, 44, 0, 'Durante el segundo segundo'),
(125, 44, 1, 'Durante el tercer segundo'),
(126, 45, 1, 'Una línea recta oblicua'),
(127, 45, 0, 'Una línea recta horizontal'),
(128, 45, 0, 'Una parábola'),
(129, 46, 1, 'V = Vo + a . t'),
(130, 46, 0, 'V = Vo + x . t'),
(131, 46, 0, 'V = Vo + a . t²'),
(132, 47, 0, 'La velocidad'),
(133, 47, 0, 'La posición'),
(134, 47, 1, 'La aceleración'),
(135, 48, 0, 'm · s'),
(136, 48, 1, 'm / s'),
(137, 48, 0, 'm / s²'),
(138, 49, 0, 'velocidad'),
(139, 49, 0, 'aceleración'),
(140, 49, 1, 'rapidez'),
(141, 50, 1, 'posición'),
(142, 50, 0, 'velocidad'),
(143, 50, 0, 'rapidez'),
(144, 51, 0, 'la rapidez'),
(145, 51, 0, 'la distancia'),
(146, 51, 1, 'la velocidad'),
(147, 19, 1, 'cero'),
(148, 19, 0, 'uno'),
(161, 52, 1, 'Verdadero'),
(162, 52, 0, 'Falso');

-- --------------------------------------------------------

--
-- Estructura de tabla para la tabla `sw_comentario`
--

CREATE TABLE `sw_comentario` (
  `id_comentario` int(11) NOT NULL,
  `id_comentario_padre` int(11) NOT NULL,
  `id_usuario_para` int(11) NOT NULL,
  `co_id_usuario` int(11) NOT NULL,
  `co_tipo` tinyint(4) NOT NULL,
  `co_perfil` varchar(16) NOT NULL,
  `co_nombre` varchar(64) NOT NULL,
  `co_texto` varchar(250) NOT NULL,
  `co_fecha` timestamp NOT NULL DEFAULT current_timestamp() ON UPDATE current_timestamp()
) ENGINE=MyISAM DEFAULT CHARSET=latin1 COLLATE=latin1_swedish_ci;

-- --------------------------------------------------------

--
-- Estructura de tabla para la tabla `sw_config_rangos_supletorios`
--

CREATE TABLE `sw_config_rangos_supletorios` (
  `id` int(11) NOT NULL,
  `id_periodo_lectivo` int(11) UNSIGNED NOT NULL,
  `id_periodo_evaluacion` int(11) UNSIGNED NOT NULL,
  `nota_desde` float NOT NULL,
  `nota_hasta` float NOT NULL,
  `nota_aprobacion` float NOT NULL
) ENGINE=InnoDB DEFAULT CHARSET=utf8mb4 COLLATE=utf8mb4_general_ci;

--
-- Volcado de datos para la tabla `sw_config_rangos_supletorios`
--

INSERT INTO `sw_config_rangos_supletorios` (`id`, `id_periodo_lectivo`, `id_periodo_evaluacion`, `nota_desde`, `nota_hasta`, `nota_aprobacion`) VALUES
(1, 1, 3, 5, 6.99, 7),
(2, 1, 4, 0.01, 4.99, 7),
(3, 2, 9, 5, 6.99, 7),
(4, 2, 10, 0.01, 4.99, 7),
(5, 3, 14, 5, 6.99, 7),
(6, 3, 15, 0.01, 4.99, 7);

-- --------------------------------------------------------

--
-- Estructura de tabla para la tabla `sw_criterio_estudiante`
--

CREATE TABLE `sw_criterio_estudiante` (
  `id_criterio_estudiante` int(11) NOT NULL,
  `id_rubrica_estudiante` int(11) NOT NULL,
  `id_criterio_personalizado` int(11) NOT NULL,
  `ce_calificacion` int(11) NOT NULL
) ENGINE=InnoDB DEFAULT CHARSET=latin1 COLLATE=latin1_swedish_ci;

-- --------------------------------------------------------

--
-- Estructura de tabla para la tabla `sw_criterio_evaluacion`
--

CREATE TABLE `sw_criterio_evaluacion` (
  `id_criterio_evaluacion` int(11) NOT NULL,
  `id_rubrica_evaluacion` int(11) NOT NULL,
  `cr_descripcion` varchar(64) CHARACTER SET latin1 COLLATE latin1_spanish_ci NOT NULL,
  `cr_ponderacion` float NOT NULL
) ENGINE=InnoDB DEFAULT CHARSET=latin1 COLLATE=latin1_swedish_ci;

--
-- Volcado de datos para la tabla `sw_criterio_evaluacion`
--

INSERT INTO `sw_criterio_evaluacion` (`id_criterio_evaluacion`, `id_rubrica_evaluacion`, `cr_descripcion`, `cr_ponderacion`) VALUES
(1, 1, 'PRESENTACION OPORTUNA', 0.25),
(2, 1, 'CONTENIDO DEL TRABAJO', 0.25),
(3, 1, 'ORDEN', 0.25),
(4, 1, 'MATERIAL UTILIZADO', 0.25),
(5, 2, 'ENFOQUE', 0.25),
(7, 2, 'ORGANIZACION', 0.25),
(8, 2, 'CUADROS', 0.25),
(9, 2, 'CREATIVIDAD', 0.25),
(10, 3, 'PRESENTACION', 0.25),
(11, 3, 'CONTENIDO DEL TRABAJO', 0.25),
(12, 3, 'ORGANIZACION', 0.25),
(13, 3, 'MATERIAL UTILIZADO', 0.25),
(14, 4, 'PRESENTACION', 0.2),
(15, 4, 'CONTENIDOS', 0.4),
(16, 4, 'ENTONACION', 0.2),
(17, 4, 'USO DE PAUSAS', 0.2),
(18, 5, 'CONOCIMIENTOS', 1),
(19, 6, 'PRESENTACION OPORTUNA', 0.25),
(20, 6, 'CONTENIDO DEL TRABAJO', 0.25),
(21, 6, 'ORDEN', 0.25),
(22, 6, 'MATERIAL UTILIZADO', 0.25),
(23, 7, 'ENFOQUE', 0.25),
(25, 7, 'ORGANIZACION', 0.25),
(26, 7, 'CUADROS', 0.25),
(27, 7, 'CREATIVIDAD', 0.25),
(28, 8, 'PRESENTACION', 0.25),
(29, 8, 'CONTENIDO DEL TRABAJO', 0.25),
(30, 8, 'ORGANIZACION', 0.25),
(31, 8, 'MATERIAL UTILIZADO', 0.25),
(32, 9, 'PRESENTACION', 0.2),
(33, 9, 'CONTENIDOS', 0.4),
(34, 9, 'ENTONACION', 0.2),
(35, 9, 'USO DE PAUSAS', 0.2),
(36, 10, 'CONOCIMIENTOS', 1),
(37, 11, 'PRESENTACION OPORTUNA', 0.25),
(38, 11, 'CONTENIDO DEL TRABAJO', 0.25),
(39, 11, 'ORDEN', 0.25),
(40, 11, 'MATERIAL UTILIZADO', 0.25),
(41, 12, 'ENFOQUE', 0.25),
(43, 12, 'ORGANIZACION', 0.25),
(44, 12, 'CUADROS', 0.25),
(45, 12, 'CREATIVIDAD', 0.25),
(46, 13, 'PRESENTACION', 0.25),
(47, 13, 'CONTENIDO DEL TRABAJO', 0.25),
(48, 13, 'ORGANIZACION', 0.25),
(49, 13, 'MATERIAL UTILIZADO', 0.25),
(50, 14, 'PRESENTACION', 0.2),
(51, 14, 'CONTENIDOS', 0.4),
(52, 14, 'ENTONACION', 0.2),
(53, 14, 'USO DE PAUSAS', 0.2),
(54, 15, 'CONOCIMIENTOS', 1),
(55, 16, 'CONOCIMIENTOS', 1),
(56, 17, 'PRESENTACION OPORTUNA', 0.25),
(57, 17, 'CONTENIDO DEL TRABAJO', 0.25),
(58, 17, 'ORDEN', 0.25),
(59, 17, 'MATERIAL UTILIZADO', 0.25),
(60, 18, 'ENFOQUE', 0.25),
(62, 18, 'ORGANIZACION', 0.25),
(63, 18, 'CUADROS', 0.25),
(64, 18, 'CREATIVIDAD', 0.25),
(65, 19, 'PRESENTACION', 0.25),
(66, 19, 'CONTENIDO DEL TRABAJO', 0.25),
(67, 19, 'ORGANIZACION', 0.25),
(68, 19, 'MATERIAL UTILIZADO', 0.25),
(69, 20, 'PRESENTACION', 0.2),
(70, 20, 'CONTENIDOS', 0.4),
(71, 20, 'ENTONACION', 0.2),
(72, 20, 'USO DE PAUSAS', 0.2),
(73, 21, 'CONOCIMIENTOS', 1),
(74, 22, 'PRESENTACION OPORTUNA', 0.25),
(75, 22, 'CONTENIDO DEL TRABAJO', 0.25),
(76, 22, 'ORDEN', 0.25),
(77, 22, 'MATERIAL UTILIZADO', 0.25),
(78, 23, 'ENFOQUE', 0.25),
(80, 23, 'ORGANIZACION', 0.25),
(81, 23, 'CUADROS', 0.25),
(82, 23, 'CREATIVIDAD', 0.25),
(83, 24, 'PRESENTACION', 0.25),
(84, 24, 'CONTENIDO DEL TRABAJO', 0.25),
(85, 24, 'ORGANIZACION', 0.25),
(86, 24, 'MATERIAL UTILIZADO', 0.25),
(87, 25, 'PRESENTACION', 0.2),
(88, 25, 'CONTENIDOS', 0.4),
(89, 25, 'ENTONACION', 0.2),
(90, 25, 'USO DE PAUSAS', 0.2),
(91, 26, 'CONOCIMIENTOS', 1),
(92, 27, 'PRESENTACION OPORTUNA', 0.25),
(93, 27, 'CONTENIDO DEL TRABAJO', 0.25),
(94, 27, 'ORDEN', 0.25),
(95, 27, 'MATERIAL UTILIZADO', 0.25),
(96, 28, 'ENFOQUE', 0.25),
(98, 28, 'ORGANIZACION', 0.25),
(99, 28, 'CUADROS', 0.25),
(100, 28, 'CREATIVIDAD', 0.25),
(101, 29, 'PRESENTACION', 0.25),
(102, 29, 'CONTENIDO DEL TRABAJO', 0.25),
(103, 29, 'ORGANIZACION', 0.25),
(104, 29, 'MATERIAL UTILIZADO', 0.25),
(105, 30, 'PRESENTACION', 0.2),
(106, 30, 'CONTENIDOS', 0.4),
(107, 30, 'ENTONACION', 0.2),
(108, 30, 'USO DE PAUSAS', 0.2),
(109, 31, 'CONOCIMIENTOS', 1),
(110, 32, 'CONOCIMIENTOS', 1),
(111, 33, 'CONOCIMIENTOS', 1),
(112, 34, 'CONOCIMIENTOS', 1),
(147, 35, 'CONOCIMIENTOS', 1);

-- --------------------------------------------------------

--
-- Estructura de tabla para la tabla `sw_criterio_personalizado`
--

CREATE TABLE `sw_criterio_personalizado` (
  `id_criterio_personalizado` int(11) NOT NULL,
  `id_rubrica_personalizada` int(11) NOT NULL,
  `cp_descripcion` varchar(32) CHARACTER SET latin1 COLLATE latin1_spanish_ci NOT NULL,
  `cp_ponderacion` float NOT NULL
) ENGINE=InnoDB DEFAULT CHARSET=latin1 COLLATE=latin1_swedish_ci;

--
-- Volcado de datos para la tabla `sw_criterio_personalizado`
--

INSERT INTO `sw_criterio_personalizado` (`id_criterio_personalizado`, `id_rubrica_personalizada`, `cp_descripcion`, `cp_ponderacion`) VALUES
(1, 1, 'PRESENTACION OPORTUNA', 0.25),
(2, 1, 'CONTENIDO DEL TRABAJO', 0.25),
(3, 1, 'ORDEN', 0.25),
(4, 1, 'MATERIAL UTILIZADO', 0.25),
(5, 2, 'ENFOQUE', 0.25),
(6, 2, 'ORGANIZACION', 0.25),
(7, 2, 'CUADROS', 0.25),
(8, 2, 'CREATIVIDAD', 0.25),
(9, 3, 'PRESENTACION', 0.25),
(10, 3, 'CONTENIDO DEL TRABAJO', 0.25),
(11, 3, 'ORGANIZACION', 0.25),
(12, 3, 'MATERIAL UTILIZADO', 0.25),
(13, 4, 'PRESENTACION', 0.2),
(14, 4, 'CONTENIDOS', 0.4),
(15, 4, 'ENTONACION', 0.2),
(16, 4, 'USO DE PAUSAS', 0.2),
(17, 5, 'CONOCIMIENTOS', 1),
(18, 1, 'PRESENTACION OPORTUNA', 0.25),
(19, 1, 'CONTENIDO DEL TRABAJO', 0.25),
(20, 1, 'ORDEN', 0.25),
(21, 1, 'MATERIAL UTILIZADO', 0.25),
(22, 2, 'ENFOQUE', 0.25),
(23, 2, 'ORGANIZACION', 0.25),
(24, 2, 'CUADROS', 0.25),
(25, 2, 'CREATIVIDAD', 0.25);

-- --------------------------------------------------------

--
-- Estructura de tabla para la tabla `sw_cuestionario_paralelo`
--

CREATE TABLE `sw_cuestionario_paralelo` (
  `id` int(11) NOT NULL,
  `id_usuario` int(11) UNSIGNED NOT NULL,
  `id_category` int(5) NOT NULL,
  `id_paralelo` int(11) UNSIGNED NOT NULL,
  `id_asignatura` int(11) UNSIGNED NOT NULL
) ENGINE=InnoDB DEFAULT CHARSET=utf8mb4 COLLATE=utf8mb4_general_ci;

--
-- Volcado de datos para la tabla `sw_cuestionario_paralelo`
--

INSERT INTO `sw_cuestionario_paralelo` (`id`, `id_usuario`, `id_category`, `id_paralelo`, `id_asignatura`) VALUES
(1, 3, 3, 17, 3),
(2, 3, 3, 18, 3);

-- --------------------------------------------------------

--
-- Estructura de tabla para la tabla `sw_curso`
--

CREATE TABLE `sw_curso` (
  `id_curso` int(11) UNSIGNED NOT NULL,
  `id_especialidad` int(11) UNSIGNED NOT NULL,
  `cu_nombre` varchar(32) CHARACTER SET latin1 COLLATE latin1_spanish_ci NOT NULL,
  `cu_shortname` varchar(45) NOT NULL,
  `cu_abreviatura` varchar(5) NOT NULL,
  `cu_orden` tinyint(4) NOT NULL,
  `es_bach_tecnico` tinyint(4) NOT NULL,
  `es_intensivo` tinyint(1) NOT NULL
) ENGINE=InnoDB DEFAULT CHARSET=latin1 COLLATE=latin1_swedish_ci;

--
-- Volcado de datos para la tabla `sw_curso`
--

INSERT INTO `sw_curso` (`id_curso`, `id_especialidad`, `cu_nombre`, `cu_shortname`, `cu_abreviatura`, `cu_orden`, `es_bach_tecnico`, `es_intensivo`) VALUES
(1, 1, 'OCTAVO', 'OCTAVO', '8vo.', 1, 0, 0),
(2, 1, 'NOVENO', 'NOVENO', '9no.', 2, 0, 0),
(3, 1, 'DECIMO', 'DECIMO', '10mo.', 3, 0, 0),
(4, 2, 'PRIMER CURSO', 'PRIMERO CIENCIAS', '1ero.', 4, 0, 0),
(5, 2, 'SEGUNDO CURSO', 'SEGUNDO CIENCIAS', '2do.', 5, 0, 0),
(6, 2, 'TERCER CURSO', 'TERCERO CIENCIAS', '3ro.', 6, 0, 0),
(7, 3, 'PRIMER CURSO', 'PRIMERO CONTABILIDAD', '1ro.', 7, 1, 0),
(8, 3, 'SEGUNDO CURSO', 'SEGUNDO CONTABILIDAD', '2do.', 8, 1, 0),
(9, 3, 'TERCER CURSO', 'TERCERO CONTABILIDAD', '3ro.', 9, 1, 0),
(10, 4, 'PRIMER CURSO', 'PRIMERO INFORMATICA', '1ro.', 10, 0, 0),
(11, 4, 'SEGUNDO CURSO', 'SEGUNDO INFORMATICA', '2do.', 11, 0, 0),
(12, 4, 'TERCER CURSO', 'TERCERO INFORMATICA', '3ro.', 12, 0, 0),
(14, 5, 'OCTAVO-NOVENO-DECIMO', 'EGBS INTENSIVA', '8vo.-', 1, 0, 1),
(15, 6, 'PRIMER CURSO', '1ro.', '1RO. ', 1, 0, 1),
(16, 6, 'SEGUNDO CURSO', '2do. BGUI', '2do. ', 2, 0, 1),
(23, 10, 'PRIMER CURSO', 'PRIMERO CONTABILIDAD', '1ro.', 1, 1, 0),
(24, 10, 'SEGUNDO CURSO', 'SEGUNDO CONTABILIDAD', '2do.', 2, 1, 0),
(25, 10, 'TERCER CURSO', 'TERCERO CONTABILIDAD', '3ro.', 3, 1, 0),
(26, 11, 'PRIMER CURSO', 'PRIMERO INFORMATICA', '1ro.', 1, 1, 0),
(27, 11, 'SEGUNDO CURSO', 'SEGUNDO INFORMATICA', '2do.', 2, 1, 0),
(28, 11, 'TERCER CURSO', 'TERCERO INFORMATICA', '3ro.', 3, 1, 0),
(29, 12, 'OCTAVO DE BASICA INTENSIVO', 'OCTAVO INTENSIVO', '8vo.', 1, 0, 1),
(30, 13, 'PRIMER CURSO', '1RO. BGUI', '1ro.', 1, 0, 1),
(31, 13, 'SEGUNDO CURSO', '2DO. BGUI', '2do.', 2, 0, 1),
(32, 13, 'TERCER CURSO', '3RO. BGUI', '3er.', 3, 0, 1),
(33, 14, 'PRIMER CURSO', 'PRIMERO CONTABILIDAD', '1ro.', 1, 1, 0),
(34, 14, 'SEGUNDO CURSO', 'SEGUNDO CONTABILIDAD', '2do.', 2, 1, 0),
(35, 14, 'TERCER CURSO', 'TERCERO CONTABILIDAD', '3ro.', 3, 1, 0),
(36, 15, 'PRIMER CURSO', 'PRIMERO INFORMATICA', '1ro.', 1, 1, 0),
(37, 15, 'SEGUNDO CURSO', 'SEGUNDO INFORMATICA', '2do.', 2, 1, 0),
(38, 15, 'TERCER CURSO', 'TERCERO INFORMATICA', '3ro.', 3, 1, 0),
(39, 12, 'NOVENO DE BASICA INTENSIVO', 'NOVENO INTENSIVO', '9no.', 2, 0, 0);

-- --------------------------------------------------------

--
-- Estructura de tabla para la tabla `sw_curso_superior`
--

CREATE TABLE `sw_curso_superior` (
  `id_curso_superior` int(11) NOT NULL,
  `cs_nombre` varchar(64) NOT NULL
) ENGINE=MyISAM DEFAULT CHARSET=latin1 COLLATE=latin1_swedish_ci;

--
-- Volcado de datos para la tabla `sw_curso_superior`
--

INSERT INTO `sw_curso_superior` (`id_curso_superior`, `cs_nombre`) VALUES
(2, 'NOVENO AÑO DE EDUCACION GENERAL BASICA'),
(3, 'DECIMO AÑO DE EDUCACION GENERAL BASICA'),
(4, 'PRIMER AÑO DE BACHILLERATO'),
(5, 'SEGUNDO AÑO DE BACHILLERATO'),
(6, 'TERCER AÑO DE BACHILLERATO'),
(7, 'SEGUNDO CURSO DE BACHILLERATO GENERAL UNIFICADO.'),
(8, 'TERCER CURSO DE BACHILLERATO GENERAL UNIFICADO');

-- --------------------------------------------------------

--
-- Estructura de tabla para la tabla `sw_def_genero`
--

CREATE TABLE `sw_def_genero` (
  `id_def_genero` int(11) UNSIGNED NOT NULL,
  `dg_nombre` varchar(50) NOT NULL,
  `dg_abreviatura` varchar(1) NOT NULL
) ENGINE=InnoDB DEFAULT CHARSET=utf8 COLLATE=utf8_general_ci;

--
-- Volcado de datos para la tabla `sw_def_genero`
--

INSERT INTO `sw_def_genero` (`id_def_genero`, `dg_nombre`, `dg_abreviatura`) VALUES
(1, 'Femenino', 'F'),
(2, 'Masculino', 'M');

-- --------------------------------------------------------

--
-- Estructura de tabla para la tabla `sw_def_nacionalidad`
--

CREATE TABLE `sw_def_nacionalidad` (
  `id_def_nacionalidad` int(11) UNSIGNED NOT NULL,
  `dn_nombre` varchar(50) NOT NULL
) ENGINE=InnoDB DEFAULT CHARSET=utf8 COLLATE=utf8_general_ci;

--
-- Volcado de datos para la tabla `sw_def_nacionalidad`
--

INSERT INTO `sw_def_nacionalidad` (`id_def_nacionalidad`, `dn_nombre`) VALUES
(1, 'Ecuatoriana'),
(2, 'Colombiana'),
(3, 'Venezolana'),
(4, 'Haitiana');

-- --------------------------------------------------------

--
-- Estructura de tabla para la tabla `sw_distributivo`
--

CREATE TABLE `sw_distributivo` (
  `id_distributivo` int(11) UNSIGNED NOT NULL,
  `id_periodo_lectivo` int(11) UNSIGNED NOT NULL,
  `id_malla_curricular` int(11) UNSIGNED NOT NULL,
  `id_paralelo` int(11) UNSIGNED NOT NULL,
  `id_asignatura` int(11) UNSIGNED NOT NULL,
  `id_usuario` int(11) UNSIGNED NOT NULL
) ENGINE=InnoDB DEFAULT CHARSET=utf8 COLLATE=utf8_general_ci;

--
-- Volcado de datos para la tabla `sw_distributivo`
--

INSERT INTO `sw_distributivo` (`id_distributivo`, `id_periodo_lectivo`, `id_malla_curricular`, `id_paralelo`, `id_asignatura`, `id_usuario`) VALUES
(1, 1, 14, 4, 23, 4),
(2, 1, 48, 10, 3, 4),
(3, 1, 61, 11, 3, 4),
(4, 1, 74, 12, 3, 4),
(5, 1, 84, 12, 11, 4),
(6, 1, 86, 12, 13, 4),
(7, 1, 88, 13, 3, 4),
(8, 1, 102, 14, 3, 4),
(9, 1, 116, 15, 3, 4),
(10, 1, 128, 15, 18, 4),
(11, 1, 20, 5, 3, 4),
(12, 1, 30, 6, 3, 4),
(13, 1, 30, 7, 3, 4),
(14, 1, 40, 8, 3, 4),
(15, 1, 40, 9, 3, 4),
(17, 1, 97, 13, 17, 2),
(18, 1, 98, 13, 20, 2),
(19, 1, 99, 13, 19, 2),
(20, 1, 100, 13, 21, 2),
(21, 1, 111, 14, 20, 2),
(22, 1, 112, 14, 19, 2),
(23, 1, 113, 14, 21, 2),
(24, 1, 114, 14, 26, 2),
(25, 1, 123, 15, 17, 2),
(26, 1, 124, 15, 20, 2),
(27, 1, 125, 15, 19, 2),
(28, 1, 126, 15, 21, 2),
(29, 1, 127, 15, 26, 2),
(30, 1, 49, 10, 4, 5),
(31, 1, 50, 10, 1, 5),
(32, 1, 62, 11, 4, 5),
(33, 1, 75, 12, 4, 5),
(34, 1, 76, 12, 1, 5),
(35, 1, 89, 13, 4, 5),
(36, 1, 90, 13, 1, 5),
(37, 1, 103, 14, 4, 5),
(38, 1, 117, 15, 4, 5),
(39, 1, 118, 15, 1, 5),
(40, 1, 21, 5, 4, 5),
(41, 1, 22, 5, 1, 5),
(42, 1, 31, 6, 4, 5),
(43, 1, 31, 7, 4, 5),
(44, 1, 41, 8, 4, 5),
(45, 1, 42, 8, 1, 5),
(46, 1, 41, 9, 4, 5),
(47, 1, 42, 9, 1, 5),
(48, 1, 9, 2, 6, 6),
(49, 1, 15, 3, 6, 6),
(50, 1, 15, 4, 6, 6),
(51, 1, 23, 5, 8, 6),
(52, 1, 25, 5, 7, 6),
(53, 1, 28, 5, 24, 6),
(54, 1, 35, 6, 7, 6),
(55, 1, 35, 7, 7, 6),
(56, 1, 51, 10, 8, 6),
(57, 1, 53, 10, 7, 6),
(58, 1, 66, 11, 7, 6),
(59, 1, 91, 13, 8, 6),
(60, 1, 93, 13, 7, 6),
(61, 1, 96, 13, 24, 6),
(62, 1, 107, 14, 7, 6),
(63, 1, 56, 10, 24, 6),
(64, 1, 3, 1, 6, 8),
(65, 1, 52, 10, 5, 8),
(66, 1, 64, 11, 8, 8),
(67, 1, 65, 11, 5, 8),
(68, 1, 77, 12, 8, 8),
(69, 1, 92, 13, 5, 8),
(70, 1, 105, 14, 8, 8),
(71, 1, 106, 14, 5, 8),
(72, 1, 119, 15, 8, 8),
(73, 1, 24, 5, 5, 8),
(74, 1, 33, 6, 8, 8),
(75, 1, 34, 6, 5, 8),
(76, 1, 33, 7, 8, 8),
(77, 1, 34, 7, 5, 8),
(78, 1, 43, 8, 8, 8),
(79, 1, 43, 9, 8, 8),
(80, 1, 5, 1, 16, 9),
(81, 1, 10, 2, 2, 9),
(82, 1, 11, 2, 16, 9),
(83, 1, 16, 3, 2, 9),
(84, 1, 17, 3, 16, 9),
(85, 1, 32, 6, 1, 9),
(86, 1, 32, 7, 1, 9),
(87, 1, 63, 11, 1, 9),
(88, 1, 104, 14, 1, 9),
(89, 1, 16, 4, 2, 9),
(90, 1, 17, 4, 16, 9),
(91, 1, 2, 1, 23, 10),
(92, 1, 8, 2, 23, 10),
(93, 1, 19, 5, 23, 10),
(94, 1, 29, 6, 23, 10),
(95, 1, 29, 7, 23, 10),
(96, 1, 39, 8, 23, 10),
(97, 1, 39, 9, 23, 10),
(98, 1, 47, 10, 23, 10),
(99, 1, 60, 11, 23, 10),
(100, 1, 73, 12, 23, 10),
(101, 1, 87, 13, 23, 10),
(102, 1, 101, 14, 23, 10),
(103, 1, 115, 15, 23, 10),
(104, 1, 14, 3, 23, 11),
(105, 1, 6, 1, 25, 13),
(106, 1, 12, 2, 25, 13),
(107, 1, 27, 5, 25, 13),
(108, 1, 37, 6, 25, 13),
(109, 1, 37, 7, 25, 13),
(110, 1, 45, 8, 25, 13),
(111, 1, 45, 9, 25, 13),
(112, 1, 55, 10, 25, 13),
(113, 1, 68, 11, 25, 13),
(114, 1, 79, 12, 25, 13),
(115, 1, 95, 13, 25, 13),
(116, 1, 109, 14, 25, 13),
(117, 1, 121, 15, 25, 13),
(118, 1, 1, 1, 22, 14),
(119, 1, 7, 2, 22, 14),
(120, 1, 13, 3, 22, 14),
(121, 1, 13, 4, 22, 14),
(122, 1, 26, 5, 22, 14),
(123, 1, 36, 6, 22, 14),
(124, 1, 36, 7, 22, 14),
(125, 1, 44, 8, 22, 14),
(126, 1, 44, 9, 22, 14),
(127, 1, 54, 10, 22, 14),
(128, 1, 67, 11, 22, 14),
(129, 1, 78, 12, 22, 14),
(130, 1, 94, 13, 22, 14),
(131, 1, 108, 14, 22, 14),
(132, 1, 120, 15, 22, 14),
(133, 1, 18, 3, 25, 15),
(134, 1, 18, 4, 25, 15),
(135, 1, 57, 10, 10, 16),
(136, 1, 58, 10, 14, 16),
(137, 1, 59, 10, 12, 16),
(138, 1, 70, 11, 10, 16),
(139, 1, 71, 11, 14, 16),
(140, 1, 72, 11, 12, 16),
(141, 1, 81, 12, 10, 16),
(142, 1, 82, 12, 9, 16),
(143, 1, 83, 12, 15, 16),
(144, 1, 85, 12, 12, 16),
(145, 1, 4, 1, 2, 17),
(146, 1, 38, 6, 24, 17),
(147, 1, 38, 7, 24, 17),
(148, 1, 46, 8, 24, 17),
(149, 1, 46, 9, 24, 17),
(150, 1, 69, 11, 24, 17),
(151, 1, 80, 12, 24, 17),
(152, 1, 110, 14, 24, 17),
(153, 1, 122, 15, 24, 17),
(154, 2, 130, 16, 22, 7),
(155, 2, 132, 16, 6, 7),
(156, 2, 131, 16, 23, 3),
(157, 2, 134, 16, 16, 3),
(158, 2, 133, 16, 2, 12),
(159, 2, 135, 16, 28, 12),
(160, 2, 136, 16, 25, 15),
(161, 3, 141, 17, 8, 7),
(162, 3, 143, 17, 7, 7),
(163, 3, 144, 17, 22, 7),
(164, 3, 141, 18, 8, 7),
(165, 3, 143, 18, 7, 7),
(166, 3, 144, 18, 22, 7),
(167, 3, 137, 18, 23, 3),
(168, 3, 138, 18, 3, 3),
(169, 3, 145, 18, 16, 3),
(170, 3, 137, 17, 23, 3),
(171, 3, 138, 17, 3, 3),
(172, 3, 145, 17, 16, 3),
(173, 3, 139, 17, 4, 12),
(174, 3, 140, 17, 1, 12),
(175, 3, 146, 17, 28, 12),
(176, 3, 148, 17, 24, 12),
(177, 3, 139, 18, 4, 12),
(178, 3, 140, 18, 1, 12),
(179, 3, 148, 18, 24, 12),
(180, 3, 147, 18, 25, 15),
(181, 3, 147, 17, 25, 15),
(182, 3, 142, 17, 5, 17),
(183, 3, 142, 18, 5, 17),
(184, 3, 146, 18, 28, 12),
(185, 7, 149, 20, 23, 4),
(186, 7, 175, 21, 23, 4),
(187, 7, 186, 21, 20, 2),
(188, 7, 187, 21, 19, 2),
(189, 7, 188, 21, 21, 2),
(190, 7, 177, 21, 4, 5),
(191, 7, 151, 20, 4, 5),
(192, 8, 190, 40, 23, 4),
(193, 11, 224, 37, 3, 4),
(194, 11, 219, 35, 17, 2),
(195, 11, 220, 35, 20, 2),
(196, 11, 221, 35, 19, 2),
(197, 11, 222, 35, 21, 2),
(199, 11, 234, 37, 28, 2),
(200, 11, 235, 37, 20, 2),
(201, 11, 236, 37, 19, 2),
(202, 11, 237, 37, 21, 2),
(203, 11, 238, 37, 26, 2),
(204, 11, 262, 39, 28, 2),
(205, 11, 263, 39, 17, 2),
(206, 11, 264, 39, 20, 2),
(207, 11, 265, 39, 19, 2),
(208, 11, 266, 39, 21, 2),
(209, 11, 267, 39, 26, 2),
(210, 11, 209, 35, 4, 5),
(211, 11, 271, 36, 4, 5),
(212, 11, 225, 37, 4, 5),
(213, 11, 241, 38, 4, 5),
(214, 11, 256, 39, 4, 5),
(215, 11, 200, 34, 22, 34),
(216, 11, 214, 35, 22, 34),
(217, 11, 197, 34, 8, 26),
(218, 11, 211, 35, 8, 26),
(219, 11, 227, 37, 8, 26),
(220, 11, 276, 36, 22, 35),
(221, 11, 230, 37, 22, 35),
(222, 11, 244, 38, 22, 35),
(223, 11, 259, 39, 22, 35),
(224, 11, 198, 34, 5, 36),
(225, 11, 199, 34, 7, 36),
(226, 11, 212, 35, 5, 36),
(227, 11, 213, 35, 7, 36),
(228, 11, 273, 36, 8, 36),
(229, 11, 274, 36, 5, 36),
(230, 11, 275, 36, 7, 36),
(231, 11, 279, 36, 16, 36),
(232, 11, 228, 37, 5, 36),
(233, 11, 229, 37, 7, 36),
(234, 11, 233, 37, 16, 36),
(235, 11, 243, 38, 8, 36),
(236, 11, 251, 38, 11, 36),
(237, 11, 253, 38, 13, 36),
(238, 11, 258, 39, 8, 36),
(239, 11, 268, 39, 18, 36),
(240, 11, 194, 34, 3, 3),
(241, 11, 204, 34, 28, 3),
(242, 11, 208, 35, 3, 3),
(243, 11, 218, 35, 28, 3),
(244, 11, 270, 36, 3, 3),
(245, 11, 240, 38, 3, 3),
(246, 11, 255, 39, 3, 3),
(247, 11, 193, 34, 23, 31),
(248, 11, 192, 35, 23, 31),
(249, 11, 269, 36, 23, 31),
(250, 11, 223, 37, 23, 31),
(251, 11, 239, 38, 23, 31),
(252, 11, 254, 39, 23, 31),
(253, 11, 196, 34, 1, 12),
(254, 11, 210, 35, 1, 12),
(255, 11, 272, 36, 1, 12),
(256, 11, 226, 37, 1, 12),
(257, 11, 242, 38, 1, 12),
(258, 11, 257, 39, 1, 12),
(259, 11, 217, 35, 16, 13),
(260, 11, 277, 36, 25, 13),
(261, 11, 231, 37, 25, 13),
(262, 11, 201, 34, 25, 15),
(263, 11, 203, 34, 16, 15),
(264, 11, 215, 35, 25, 15),
(265, 11, 245, 38, 25, 15),
(266, 11, 260, 39, 25, 15),
(267, 11, 205, 34, 10, 16),
(268, 11, 206, 34, 14, 16),
(269, 11, 207, 34, 12, 16),
(270, 11, 280, 36, 28, 16),
(271, 11, 281, 36, 10, 16),
(272, 11, 282, 36, 14, 16),
(273, 11, 283, 36, 12, 16),
(274, 11, 247, 38, 28, 16),
(275, 11, 248, 38, 10, 16),
(276, 11, 249, 38, 9, 16),
(277, 11, 250, 38, 15, 16),
(278, 11, 252, 38, 12, 16),
(279, 11, 202, 34, 24, 17),
(280, 11, 216, 35, 24, 17),
(281, 11, 278, 36, 24, 17),
(282, 11, 232, 37, 24, 17),
(283, 11, 246, 38, 24, 17),
(284, 11, 261, 39, 24, 17);

-- --------------------------------------------------------

--
-- Estructura de tabla para la tabla `sw_escala_calificaciones`
--

CREATE TABLE `sw_escala_calificaciones` (
  `id_escala_calificaciones` int(11) UNSIGNED NOT NULL,
  `id_periodo_lectivo` int(11) UNSIGNED NOT NULL,
  `ec_cualitativa` varchar(64) NOT NULL,
  `ec_cuantitativa` varchar(16) NOT NULL,
  `ec_nota_minima` float NOT NULL,
  `ec_nota_maxima` float NOT NULL,
  `ec_orden` int(4) NOT NULL,
  `ec_equivalencia` varchar(2) NOT NULL
) ENGINE=InnoDB DEFAULT CHARSET=utf8 COLLATE=utf8_general_ci;

--
-- Volcado de datos para la tabla `sw_escala_calificaciones`
--

INSERT INTO `sw_escala_calificaciones` (`id_escala_calificaciones`, `id_periodo_lectivo`, `ec_cualitativa`, `ec_cuantitativa`, `ec_nota_minima`, `ec_nota_maxima`, `ec_orden`, `ec_equivalencia`) VALUES
(1, 1, 'Domina los aprendizajes requeridos', '9.00 - 10.00', 9, 10, 1, 'DA'),
(2, 1, 'Alcanza los aprendizajes requeridos', '7.00 - 8.99', 7, 8.99, 2, 'AA'),
(3, 1, 'Está próximo a alcanzar los aprendizajes requeridos', '4.01 - 6.99', 4.01, 6.99, 3, 'EA'),
(4, 1, 'No alcanza los aprendizajes requeridos', '<= 4', 0, 4, 4, 'NA'),
(8, 2, 'Domina los aprendizajes requeridos', '9.00 - 10.00', 9, 10, 1, 'DA'),
(9, 2, 'Alcanza los aprendizajes requeridos', '7.00 - 8.99', 7, 8.99, 1, 'AA'),
(10, 2, 'Está próximo a alcanzar los aprendizajes requeridos', '4.01 - 6.99', 4.01, 6.99, 1, 'EA'),
(11, 2, 'No alcanza los aprendizajes requeridos', '<= 4', 0, 4, 1, 'NA'),
(12, 3, 'Domina los aprendizajes requeridos', '9.00 - 10.00', 9, 10, 1, 'DA'),
(13, 3, 'Alcanza los aprendizajes requeridos', '7.00 - 8.99', 7, 8.99, 1, 'AA'),
(14, 3, 'Está próximo a alcanzar los aprendizajes requeridos', '4.01 - 6.99', 4.01, 6.99, 1, 'EA'),
(15, 3, 'No alcanza los aprendizajes requeridos', '<= 4', 0, 4, 1, 'NA'),
(16, 11, 'Domina los aprendizajes requeridos', '9.00 - 10.00', 9, 10, 1, 'DA'),
(17, 11, 'Alcanza los aprendizajes requeridos', '7.00 - 8.99', 7, 8.999, 2, 'AA'),
(18, 11, 'Está próximo a alcanzar los aprendizajes requeridos', '4.01 - 6.99', 4.01, 6.99, 3, 'EA'),
(19, 11, 'No alcanza los aprendizajes requeridos', '<= 4', 0, 4, 4, 'NA');

-- --------------------------------------------------------

--
-- Estructura de tabla para la tabla `sw_escala_comportamiento`
--

CREATE TABLE `sw_escala_comportamiento` (
  `id_escala_comportamiento` int(11) NOT NULL,
  `ec_relacion` varchar(32) NOT NULL,
  `ec_cualitativa` varchar(164) NOT NULL,
  `ec_cuantitativa` varchar(16) NOT NULL,
  `ec_nota_minima` float NOT NULL,
  `ec_nota_maxima` float NOT NULL,
  `ec_equivalencia` varchar(3) NOT NULL,
  `ec_correlativa` int(11) NOT NULL
) ENGINE=MyISAM DEFAULT CHARSET=latin1 COLLATE=latin1_swedish_ci;

--
-- Volcado de datos para la tabla `sw_escala_comportamiento`
--

INSERT INTO `sw_escala_comportamiento` (`id_escala_comportamiento`, `ec_relacion`, `ec_cualitativa`, `ec_cuantitativa`, `ec_nota_minima`, `ec_nota_maxima`, `ec_equivalencia`, `ec_correlativa`) VALUES
(1, 'Muy satisfactorio', 'Lidera el cumplimiento de los compromisos establecidos para la sana convivencia social.', '9 - 10', 9, 10, 'A', 5),
(2, 'Satisfactorio', 'Cumple con los compromisos establecidos para la sana convivencia social.', '7 - 8.99', 7, 8.99, 'B', 4),
(3, 'Poco satisfactorio', 'Falla ocasionalmente en el cumplimiento de los compromisos establecidos para la sana convivencia social.', '6 - 6.99', 6, 6.99, 'C', 3),
(4, 'Mejorable', 'Falla reiteradamente en el cumplimiento de los compromisos establecidos para la sana convivencia social.', '4 - 5.99', 4, 5.99, 'D', 2),
(5, 'Insatisfactorio', 'No cumple con los compromisos establecidos para la sana convivencia social.', '< 4', 0.01, 3.99, 'E', 1),
(6, 'Sin notas', 'Sin notas.', '0', 0, 0, 'S/N', 0);

-- --------------------------------------------------------

--
-- Estructura de tabla para la tabla `sw_especialidad`
--

CREATE TABLE `sw_especialidad` (
  `id_especialidad` int(11) UNSIGNED NOT NULL,
  `id_tipo_educacion` int(11) UNSIGNED NOT NULL,
  `es_nombre` varchar(64) CHARACTER SET latin1 COLLATE latin1_spanish_ci NOT NULL,
  `es_figura` varchar(50) NOT NULL,
  `es_abreviatura` varchar(15) NOT NULL,
  `es_orden` int(11) NOT NULL
) ENGINE=InnoDB DEFAULT CHARSET=latin1 COLLATE=latin1_swedish_ci;

--
-- Volcado de datos para la tabla `sw_especialidad`
--

INSERT INTO `sw_especialidad` (`id_especialidad`, `id_tipo_educacion`, `es_nombre`, `es_figura`, `es_abreviatura`, `es_orden`) VALUES
(1, 1, 'EDUCACION GENERAL BASICA SUPERIOR', 'EDUCACION GENERAL BASICA SUPERIOR', 'EGBS', 1),
(2, 2, 'BACHILLERATO GENERAL UNIFICADO', 'BACHILLERATO GENERAL UNIFICADO', 'BGU', 1),
(3, 3, 'AREA TECNICA DE SERVICIOS', 'CONTABILIDAD', 'CONTA', 1),
(4, 3, 'AREA TECNICA DE SERVICIOS', 'INFORMATICA', 'INFO', 2),
(5, 5, 'EDUCACION GENERAL BASICA SUPERIOR INTENSIVA', 'EGBS INTENSIVA', 'EGBS INTENSIVA', 1),
(6, 6, 'BACHILLERATO GENERAL UNIFICADO INTENSIVO', 'BGU INTENSIVO', 'BGUI', 1),
(10, 11, 'Área Técnica de Servicios', 'CONTABILIDAD', 'CONTA', 1),
(11, 11, 'Área Técnica TICs', 'INFORMATICA', 'INFO', 2),
(12, 12, 'EDUCACION GENERAL BASICA SUPERIOR INTENSIVA', 'EGBS INTENSIVA', 'EGBS INTENSIVA', 1),
(13, 13, 'BACHILLERATO GENERAL UNIFICADO INTENSIVO', 'BGU INTENSIVO', 'BGUI', 1),
(14, 14, 'Área Técnica de Servicios', 'CONTABILIDAD', 'CONTA', 1),
(15, 14, 'Área Técnica TICs', 'INFORMATICA', 'INFO', 2);

-- --------------------------------------------------------

--
-- Estructura de tabla para la tabla `sw_estudiante`
--

CREATE TABLE `sw_estudiante` (
  `id_estudiante` int(11) UNSIGNED NOT NULL,
  `id_tipo_documento` int(11) UNSIGNED NOT NULL,
  `id_def_genero` int(11) UNSIGNED NOT NULL,
  `id_def_nacionalidad` int(11) UNSIGNED NOT NULL,
  `es_apellidos` varchar(32) CHARACTER SET utf8 COLLATE utf8_spanish2_ci NOT NULL,
  `es_nombres` varchar(32) NOT NULL,
  `es_nombre_completo` varchar(64) NOT NULL,
  `es_cedula` varchar(10) NOT NULL,
  `es_email` varchar(64) NOT NULL,
  `es_sector` varchar(36) NOT NULL,
  `es_direccion` varchar(64) NOT NULL,
  `es_telefono` varchar(32) NOT NULL,
  `es_fec_nacim` date NOT NULL
) ENGINE=InnoDB DEFAULT CHARSET=utf8 COLLATE=utf8_general_ci;

--
-- Volcado de datos para la tabla `sw_estudiante`
--

INSERT INTO `sw_estudiante` (`id_estudiante`, `id_tipo_documento`, `id_def_genero`, `id_def_nacionalidad`, `es_apellidos`, `es_nombres`, `es_nombre_completo`, `es_cedula`, `es_email`, `es_sector`, `es_direccion`, `es_telefono`, `es_fec_nacim`) VALUES
(1, 1, 1, 1, 'AGUIRRE MARTINEZ', 'MIREYA CECILIA', 'AGUIRRE MARTINEZ MIREYA CECILIA', '1725741050', 'aguirremireya27@gmail.com', 'LLANO CHICO', 'MARIANO SIMBAÑA Y 19 DE MARZO', '0983167360', '1991-04-12'),
(2, 1, 1, 1, 'ARCE CHAMBER', 'JENNIFER STEFANIA', 'ARCE CHAMBER JENNIFER STEFANIA', '1206208975', 'Jenitef03@gmail.com', 'AMAGUAÑA CUENDINA', 'CALLE LOS SAUCES', '0980796671', '1992-07-04'),
(3, 1, 1, 1, 'ARCOS CORDONES', 'JIMMY XAVIER', 'ARCOS CORDONES JIMMY XAVIER', '1725909806', 'xavierarcos14@hotmail.com', 'JIPIJAPA', 'EL CHINCHINAL E10-150 Y 6 DE DICIEMBRE PORTÓN NEGRO DE TRES PISO', '0983852241', '1992-07-14'),
(4, 1, 1, 1, 'CASTAÑEDA COTACACHI', 'LUZ BELEN', 'CASTAÑEDA COTACACHI LUZ BELEN', '1725413171', 'byronjhair2018@gmail.com', 'CALDERÓN', 'AV. LA BOTA Y FAUSTO CAMANA', '0993930519--3450361', '1995-01-30'),
(5, 1, 2, 1, 'CHANGO MORALES', 'DARIO EMILIANO', 'CHANGO MORALES DARIO EMILIANO', '1723587737', 'darioianita1994@gmail.com', 'CARCELEN', 'ELOY ALFARO  Y  LAS  AVELLANAS', '0999746547', '1994-07-18'),
(6, 1, 2, 1, 'CHAVEZ PULLAGUARI', 'FELIPE SANTIAGO', 'CHAVEZ PULLAGUARI FELIPE SANTIAGO', '1103983159', 'santiago.chavez.ac1980@gmail.com', 'PUCACOCHA', 'CHUQUIBAMBA Y JUAN MONTALVO', '0989507861', '1969-03-27'),
(7, 1, 1, 1, 'CHUTO QUINATA', 'ROSA MARIA', 'CHUTO QUINATA ROSA MARIA', '0602982928', 'rosachuto82@gmail.com', 'OYACOTO', 'JOSÉ VÁSQUEZ  Y ANTONIO ROMÁN LOTE 14', '0988176756', '1978-12-17'),
(8, 2, 2, 3, 'AGUIAR ARREAZA', 'ANGEL ALFONSO', 'AGUIAR ARREAZA ANGEL ALFONSO', '18380215', 'angelalfonsobarretoaguiar04@gmail.com', 'EL INCA', 'JOSE FELIX BARREIRO', '0999708101', '2004-01-23'),
(9, 1, 1, 1, 'ENRIQUEZ NARVAEZ', 'LADY MERCEDES', 'ENRIQUEZ NARVAEZ LADY MERCEDES', '1723873442', 'gata2015lady@gmail.com', 'EL MAYORISTA', 'EL MAYORISTA', '0979083828', '1989-11-20'),
(10, 1, 1, 1, 'ESTRELLA PADILLA', 'MELIDA VERONICA', 'ESTRELLA PADILLA MELIDA VERONICA', '1716343866', 'veronicaestrellapadilla@gmail.com', 'COTOCOLLAO', 'CALLE ZULEMA BLACIO OE17A', '0959738299', '1981-02-07'),
(11, 1, 2, 1, 'FALCONI REINOSO', 'LUIS FABIAN', 'FALCONI REINOSO LUIS FABIAN', '1709625915', 'falconi50@gmail.com', 'FLORESTA', 'GERONA N24-516', '0979350097', '1969-04-15'),
(12, 1, 2, 1, 'FRANCOIS', 'JAMESSON', 'FRANCOIS JAMESSON', '1759264706', 'Jamessonfrancois1234567890@gmail.com', 'COMITE DEL PUEBLO', 'CAMELO  ECHANIQUE  Y  JOSE  FERNANDEZ', '0981402185', '1990-03-16'),
(13, 1, 1, 1, 'MENDOZA MENDIGAÑA', 'NANCY ALEXANDRA', 'MENDOZA MENDIGAÑA NANCY ALEXANDRA', '1311027963', 'alexandracelorio12@gmail.com', 'CHIMBACALLE', 'ANA PAREDES DE ALFARO S9-370 Y ALONSO GÓMEZ', '0964036959', '1983-08-26'),
(14, 1, 1, 1, 'MOROCHO HARO', 'JOHANNA LIZBETH', 'MOROCHO HARO JOHANNA LIZBETH', '1754216172', 'lizbeth97morocho@gmail.com', 'CALDERON', 'SAN JOSE DE MORAN', '0999812720', '1997-03-13'),
(15, 1, 1, 1, 'MOROCHO ZARUMA', 'FLOR MERCEDES', 'MOROCHO ZARUMA FLOR MERCEDES', '0201070364', 'flormorocho@gmail.com', 'QUITUMBE', 'S34 SAN MARTIN DE PORRES MANZANA 7', '0979842654', '1969-03-05'),
(16, 1, 1, 1, 'PILATAXI YANEZ', 'MARIA CECILIA', 'PILATAXI YANEZ MARIA CECILIA', '1713554655', 'ceciliapilaataxi123@gmail.com', 'LA KENEDDY', 'AV. LOS PINOS Y  VICTOR  MIDEROS', '0988660381', '1977-11-20'),
(17, 1, 1, 1, 'PILATAXI YANEZ', 'MARIA ESTHELA', 'PILATAXI YANEZ MARIA ESTHELA', '1718062936', 'pilataximaria842@gmail.com', 'EL INCA', 'LA QUINTANA CALLE PRIMERA Y SÉPTIMA E15-234 LOTE 41', '0985668105', '1981-06-18'),
(18, 1, 1, 1, 'RODRIGUEZ CORAL', 'KARINA ALEXANDRA', 'RODRIGUEZ CORAL KARINA ALEXANDRA', '1722059779', 'hitansaltos1985@hotmail.com', 'SAN MIGUEL DE LOS BANCOS', '6 DE DICIEMBRE', '0978714528', '1985-09-05'),
(19, 1, 1, 1, 'VEGA VALLADARES', 'LORGIA ELIZABETH', 'VEGA VALLADARES LORGIA ELIZABETH', '1716740764', 'lorgia_1991@hotmail.com', 'QUITUMBE', 'SAN CARLOS DEL SUR CALLE E 5C', '0979285417', '1984-07-27'),
(20, 1, 1, 1, 'AGUALSACA PAGUAY', 'XIMENA ARACELY', 'AGUALSACA PAGUAY XIMENA ARACELY', '1721993812', 'agualsacaximena17@gmail.com', 'COTOCOLLAO', 'ATUCUCHO CARLOTA JARAMILLO Y ZULEMA BLACIO N57-38', '0995061159', '1992-12-08'),
(21, 1, 2, 1, 'CACUANGO CHICAIZA', 'KLEBER DAVID', 'CACUANGO CHICAIZA KLEBER DAVID', '1753353091', 'cacuangodavid88@gmail.com', 'EL INCA', 'EL INCA ALAMOS Y JOSE BARREIRO', '0987700957', '1994-02-23'),
(22, 1, 2, 1, 'CONDOR RAMIREZ', 'ANTONY FERNANDO', 'CONDOR RAMIREZ ANTONY FERNANDO', '1753517554', '', 'COCOTOG', 'SANTA ANA BUENOS AIRES TANTALEO', '0990244621', '2004-08-12'),
(23, 1, 2, 1, 'LOOR SOLORZANO', 'LUIS ALFREDO', 'LOOR SOLORZANO LUIS ALFREDO', '1722279518', 'loorluis791@gmail.com', 'IÑAQUITO', 'IÑAQUITO', '0993594622', '1991-04-30'),
(24, 1, 2, 1, 'LUCAS POSLIGUA', 'LUIS EULOGIO', 'LUCAS POSLIGUA LUIS EULOGIO', '1311581498', 'luisposligu@gmail.com', 'SANGOLQUÍ', 'PARQUE TURISMO', '0991182021', '1983-11-28'),
(25, 1, 2, 1, 'MALLAMA CUAICAN', 'JOHANA MARIBEL', 'MALLAMA CUAICAN JOHANA MARIBEL', '1728430412', 'mallanajohana07@gmail.com', 'LA APLANADA', 'CALLE 74 NA Y OE17B', '0990372880', '1997-07-07'),
(26, 1, 1, 1, 'OÑATE HERRERA', 'ANDREA XIMENA', 'OÑATE HERRERA ANDREA XIMENA', '1722804273', 'andreaoñateherrera@gmail.com', 'CALDERÓN', 'SAN JUAN DE BELLAVISTA CA TIMBU N11 352 B PINO 1', '0967552192', '1992-01-13'),
(27, 1, 2, 1, 'PERLAZA GONZALEZ', 'KELVIN ALEJANDRO', 'PERLAZA GONZALEZ KELVIN ALEJANDRO', '2450364308', 'marcoroduigue004@gmail.com', 'CHILLOGALLO', 'MORO MORO S/N', '0986307874', '2005-01-22'),
(28, 1, 1, 1, 'RODRIGUEZ CHAUCA', 'MAYRA XIMENA', 'RODRIGUEZ CHAUCA MAYRA XIMENA', '1720289576', 'mayraximenarodriguez@gmail.com', 'SAN ISIDRO  DEL  INCA', 'TABLÓN NORTE N50DE-19-39E19A', '0979883335', '1986-03-09'),
(29, 1, 1, 1, 'USIÑA BOTINA', 'DAYANA MARIBEL', 'USIÑA BOTINA DAYANA MARIBEL', '1751675354', 'dayamaris.158@gmail.com', 'SAN ISIDRO  DEL  INCA', 'CALLE  MANUEL TAMAYO Y PASAJE LOJA', '0993095459', '1996-03-09'),
(30, 1, 1, 1, 'VILLAGRAN PADILLA', 'DORIS AMANDA', 'VILLAGRAN PADILLA DORIS AMANDA', '1724349202', 'doris1990villagran@gmail.com', 'CONOCOTO', 'CALLE JUAN MONTALVO PASAJE S 8', '0963829030', '1990-04-07'),
(31, 1, 2, 1, 'ZAMBRANO PINCAY', 'DANIEL DARIO', 'ZAMBRANO PINCAY DANIEL DARIO', '1722176482', 'mecanicoleinad@gmail.com', 'CALDERÓN', 'SAN JUAN BELLAVISTA CA TIMBU N11 352 BARRIO PINO 1', '0939239258', '1986-11-16'),
(32, 1, 1, 1, 'CUEVA QUEZADA', 'MIRIAN BEATRIZ', 'CUEVA QUEZADA MIRIAN BEATRIZ', '1724344369', 'mmiriancueva1991@gmail.com', 'JIPIJAPA', 'DE LOS VIÑEDOS N44-282  Y DE LOS TULIPANES', '0963269137', '1991-04-16'),
(33, 1, 1, 1, 'MALLAMA CUAICAN', 'YERLI ABIGAIL', 'MALLAMA CUAICAN YERLI ABIGAIL', '0450184528', 'mallanajohana07@gmail.com', 'LA APLANADA', 'N74A Y 0E7B', '0969512504', '2006-01-01'),
(34, 1, 2, 1, 'ALTAMIRANO MONTALVO', 'OSCAR MAURICIO', 'ALTAMIRANO MONTALVO OSCAR MAURICIO', '1750974261', '', 'CALDERÓN', 'CÓRDOVA Y PAMFLONA E8-17', '0987613044', '1994-01-17'),
(35, 1, 1, 1, 'ANDRANGO GRANDA', 'YEILY CAROLINA', 'ANDRANGO GRANDA YEILY CAROLINA', '1755828066', 'andrangoyeily@gmail.com', 'NAYÓN', 'SAN JOAQUÍN ORIENTAL  NAYÓN   CALLE QUITO Y 19 DE DICIEMBRE  MÁS', '0987663795', '2000-12-16'),
(36, 1, 1, 1, 'AÑAZCO ENCALADA', 'MONICA DEL CARMEN', 'AÑAZCO ENCALADA MONICA DEL CARMEN', '1721934170', 'monica_flaquita88@hotmail.com', 'JIPIJAPA', 'THOMAS DE BERLANGA E ISLA SEYMOUR', '0983789433', '1988-02-10'),
(37, 1, 1, 1, 'CACUANGO CHICAIZA', 'ELVIA JANETH', 'CACUANGO CHICAIZA ELVIA JANETH', '1751940246', 'colcha.adrian23@gmail.com', 'CHILLOGALLO', 'TURUBAMBA ALTO CALLE ALBERTO SPENCER', '0986473871', '1994-09-24'),
(38, 1, 1, 1, 'CAGUA FARIAS', 'MARIA ESTEFANIA', 'CAGUA FARIAS MARIA ESTEFANIA', '1312622457', 'cagua22m@gmail.com', 'COMITÉ DEL PUEBLO', 'PASAJE C Y CARLOS FORTINES', '0963023526', '2002-01-13'),
(39, 1, 2, 1, 'CEVALLOS ANDINO', 'MARCOS WILLIAMS', 'CEVALLOS ANDINO MARCOS WILLIAMS', '1718366675', 'williamscevallos73@gmail.com', 'SAN ANTONIO', 'BAYARDO TOBAR Y ALEJANDEO LOPEZ LOTE 64', '0990388802', '1986-01-10'),
(40, 1, 1, 1, 'CHAVEZ VERA', 'DIANA CAROLINA', 'CHAVEZ VERA DIANA CAROLINA', '1721770897', 'dianachavez616@gmail.com', 'COTOCOLLAO', 'N79 EL MANANTIAL SECTOR RANCHO BAJO CASA OE6-229', '0984906911', '1993-06-08'),
(41, 1, 2, 1, 'GRANDA CARDENAS', 'FREDI HUMBERTO', 'GRANDA CARDENAS FREDI HUMBERTO', '1103946537', 'fredihumbertogransa@hotmail', 'GUAMANI', 'CALLE 8 DE MARZO Y JOSEFA RIOFRIO', '0985029754', '1979-05-26'),
(42, 1, 1, 1, 'GUTAMA PEÑALOZA', 'MAYRA GRACIELA', 'GUTAMA PEÑALOZA MAYRA GRACIELA', '0105568851', 'mayra123gutama@gmail.com', 'CALDERÓN', 'JUAN CALDERÓN CALLE JESÚS DEL GRAN PODER CASA 22', '0997465391', '1989-09-11'),
(43, 1, 2, 1, 'MACHADO BRAVO', 'JOSE MIGUEL', 'MACHADO BRAVO JOSE MIGUEL', '1754390555', 'xavier14@hotmail.com', 'JIPIJAPA', 'EL CHINCHINAL E10-150 Y 6 DE DICIEMBRE FRENTE A LA MECÁNICA AUTO', '0983852241', '1992-07-14'),
(44, 1, 1, 1, 'MERO DELGADO', 'WENDY BETANIA', 'MERO DELGADO WENDY BETANIA', '1729536951', 'Wmero6675@gmail.com', 'MANTA', 'SAN JUAN DE MANTA X LA SEGUNDA IGLESIA', '0963699247', '2005-04-10'),
(45, 1, 1, 1, 'MORALES ALPUSIG', 'VERONICA ESTEFANIA', 'MORALES ALPUSIG VERONICA ESTEFANIA', '1729352755', 'veronica.estefy14@gmail.com', 'SAN ISIDRO DEL INCA', 'CALLE LOS OLIVOS PASAJE A', '0995940945', '2006-09-14'),
(46, 1, 1, 1, 'MOROCHO HARO', 'SUSAN LEONOR', 'MOROCHO HARO SUSAN LEONOR', '1754216222', 'morochosusan10@gmail.com', 'POMASQUI', 'CALLE GARCÍA MORENO SANTA TERESITA BAJA  N270', '0988847038', '1999-04-17'),
(47, 1, 1, 1, 'MOYA ROMERO', 'ELSA ISABEL', 'MOYA ROMERO ELSA ISABEL', '1719966200', 'e_moya@hotmail.com', 'CHILLOGALLO', 'APÓSTOL SIMÓN CONJUNTO ESPERANZA # 4', '0992662337', '1982-09-09'),
(48, 1, 1, 1, 'PALOMO SASIG', 'PAULINA', 'PALOMO SASIG PAULINA', '1718596172', 'yaneshernan04@gmail.com', 'TURUBAMBA', 'TENIENTE HUGO ORTIZ TURUBAMBA', '0984908368', '1987-08-01'),
(49, 1, 1, 1, 'PIJUANGO CHECA', 'MARIA CECILIA', 'PIJUANGO CHECA MARIA CECILIA', '1722914106', 'ceci21-08@outlook.es', 'IÑAQUITO', 'MARIA ANGELICA CARRILLO Y GREGORIO MUNGA', '0987044239', '1987-08-21'),
(50, 1, 2, 1, 'QUEZADA TORRES', 'JOSE LUIS', 'QUEZADA TORRES JOSE LUIS', '1104750797', 'Jose1986torres2016@Gmail.com', 'JIPIJAPA', 'DE LOS VIÑEDOS N44-282 Y DE LOS TULIPANES', '0978803238', '1986-06-18'),
(51, 1, 1, 1, 'QUILSIMBA DE LA CRUZ', 'MARIA EVANGELINA', 'QUILSIMBA DE LA CRUZ MARIA EVANGELINA', '1708150717', 'mariaquilsimba@gmail.com', 'COMITE  DEL  PUEBLO', 'JULIANO  ESTANSA  Y  MARIANO  UREA', '0987732087', '1962-01-10'),
(52, 1, 1, 1, 'SISA SISA', 'MARIA EUGENIA', 'SISA SISA MARIA EUGENIA', '1720889763', 'mariaeugeniasisa@gmail.com', 'BELISARIO QUEVEDO', 'LA BARKA Y MANSANILLO', '0998992350', '1981-04-21'),
(53, 1, 2, 1, 'TAYO CAMPOS', 'DIEGO PATRICIO', 'TAYO CAMPOS DIEGO PATRICIO', '1721650610', 'diegopatricio2206@gmail.com', 'LLANO CHICO', 'GARCÍA MORENO Y 17 DE MARZO', '0987946238', '1988-11-28'),
(54, 1, 1, 1, 'TORRES TROYA', 'MARILIN VALERIA', 'TORRES TROYA MARILIN VALERIA', '1205771155', 'maritotro09@hotmail.com', 'SOLANDA', 'TENIENTE HUGO ORTÍZ S19130 Y SALVADOR BRAVO', '0959623034', '1985-12-09'),
(55, 1, 1, 1, 'UYANA MUZO', 'MARIA ANGELICA', 'UYANA MUZO MARIA ANGELICA', '1715817787', 'angelicauyana60@gmail.com', 'CALDERÓN', 'LLANO GRANDE CALLE CALIXTO MUZO', '0939925702', '1986-04-22'),
(56, 1, 1, 1, 'VALLADARES YANEZ', 'MARIO HERNAN', 'VALLADARES YANEZ MARIO HERNAN', '0504361148', 'yaneshernan04@gmail.com', 'TURUBAMBA', 'TENIENTE HUGO ORTIZ', '0983333714', '1998-04-11'),
(57, 1, 1, 1, 'CHICAIZA DUTAN', 'MARIA ALICIA', 'CHICAIZA DUTAN MARIA ALICIA', '1713665352', 'alichicaiza74@gmail.com', 'BELISARIO QUEVEDO', 'SAN GABRIEL N310E3-62 Y ULLOA', '0990566338', '1975-07-28'),
(58, 1, 2, 1, 'CHICANOY MUÑOZ', 'LUIS DANIEL', 'CHICANOY MUÑOZ LUIS DANIEL', '1752214047', 'Chicanoymunozluisdaniel@gmail.com', 'BATAN ALTO', 'COMUNA DE MIRAFLORES PARQUE METROPOLITANO', '0987590629', '2001-07-27'),
(59, 1, 1, 1, 'CHIMBO CAMBO', 'MARIA LIDA', 'CHIMBO CAMBO MARIA LIDA', '1720888609', 'marialida07@hotmail.com', 'NORTE SAN CARLOS', 'CALLE TEREZA FLOR PASAJE 2', '0968285821', '1988-03-07'),
(60, 1, 2, 1, 'DIAZ MALES', 'CARLOS ALBERTO', 'DIAZ MALES CARLOS ALBERTO', '1723536056', 'gonzalop67@gmail.com', 'QUITO', 'QUITO', '0984893415', '1991-04-19'),
(61, 1, 1, 1, 'DIAZ PURUNCAJAS', 'AMPARO PILAR', 'DIAZ PURUNCAJAS AMPARO PILAR', '1719512699', 'amparo.diaz75@yahoo.com', 'CENTRO HISTÓRICO', 'OE4 VARGAS N10-64 N11 Y GALÁPAGOS', '0991900796', '1989-08-09'),
(62, 1, 2, 1, 'HIDALGO FIGUEROA', 'KEVIN DAVID', 'HIDALGO FIGUEROA KEVIN DAVID', '1756320667', 'Hidalgokevin795@gmail.com', 'COMITÉ DEL PUEBLO', 'FRANCISCO DE ARBOLEDA Y MARIANO BURBANO N65-12', '0991806774', '2003-10-09'),
(63, 1, 1, 1, 'MANOTOA TOAQUIZA', 'MARIA SANDRA', 'MANOTOA TOAQUIZA MARIA SANDRA', '0504638644', 'sandramanotoa6@gmail.com', 'GUAJALO', 'BARRIO SAN CRISTÓBAL DE GUAJALO', '0997179563', '2002-01-13'),
(64, 1, 2, 1, 'NASMUTA ANDRADE', 'LUIS MIGUEL', 'NASMUTA ANDRADE LUIS MIGUEL', '0401862040', '', 'QUITO', 'QUITO', '0995652014', '1994-07-15'),
(65, 1, 2, 1, 'PEREZ BONILLA', 'RICHARD DAVID', 'PEREZ BONILLA RICHARD DAVID', '1726865981', 'davidbonilla143@gmail.com', 'COTOCOLLAO', 'CATZUQUI SE MONCAYO 1TRANVRESAL CALLE LOS PINOS LOTE 18', '0967757179', '1994-03-14'),
(66, 1, 1, 1, 'PERUGACHI FUEREZ', 'MARIA IMELDA', 'PERUGACHI FUEREZ MARIA IMELDA', '1751536861', 'mary.perugachi.fuerez@hotmail.com', 'KENNEDY', 'RAMON BORJA  Y VICTOR  MIDEROS  LA KENNEDY', '0999269437', '1995-12-25'),
(67, 1, 2, 1, 'ROSADO VARGAS', 'CARLOS JULIO', 'ROSADO VARGAS CARLOS JULIO', '1725936999', 'carlosrosadoc099@gmail.com', 'COTOCOLLAO', 'MANUEL AMBROSI Y  DE  LAS  HIGUERAS  N65  E-4  LOTE  70', '0998964012', '2004-06-29'),
(68, 2, 1, 2, 'VIVEROS REYES', 'EMILY YARITZA', 'VIVEROS REYES EMILY YARITZA', '1111661046', 'yaritsareyess8@gmail.com', 'COMITE DEL PUEBLO', 'COMITE DEL PUEBLO', '0963810406', '2004-04-21'),
(69, 1, 2, 1, 'ANDRADE TASIGUANO', 'DANIEL JOEL', 'ANDRADE TASIGUANO DANIEL JOEL', '1756074033', '1manuandra@gmail.com', 'COLLALOMA', 'AV 6 DE DICIEMBRE Y SABANILLA', '0987114416', '2002-08-23'),
(70, 1, 2, 1, 'ARBOLEDA MARTINEZ', 'HENRY DAVID', 'ARBOLEDA MARTINEZ HENRY DAVID', '1726225889', 'davidarboleda7792@gmail.com', 'SAN BARTOLO', 'RAFAEL FERRER OE4-22 Y ALONSO DE ALVARADO', '0984912859', '1992-07-07'),
(71, 1, 2, 1, 'BENITES FONSECA', 'CRISTHIAN PAUL', 'BENITES FONSECA CRISTHIAN PAUL', '1719689273', 'cristianbenitez2012@gmail.com', 'COMITÉ DEL  PUEBLO', 'FRANCISCO  DE LA TORRE N60-91 Y  JORGE  GARCÉS', '0985411698', '1993-03-14'),
(72, 1, 1, 1, 'CARBO BARRIO', 'DOMINGA SUSANA', 'CARBO BARRIO DOMINGA SUSANA', '1205079468', 'Susi20620@gmail', 'ECUATORIANA', 'CDLA IBARRA', '0992359424', '1985-09-01'),
(73, 1, 1, 1, 'CATUCUAMBA YANEZ', 'DIANA CAROLINA', 'CATUCUAMBA YANEZ DIANA CAROLINA', '1717872566', 'diana.14-@gmail.com', 'SAN ISIDRO DEL INCA', 'BARRIO SAN FELIPE  LOS NOGALES VALLE CATAMAYO Y DE LAS UVAS', '0958612372', '1985-04-14'),
(74, 1, 2, 1, 'GUANGA SANGUÑA', 'PAUL SANTIAGO', 'GUANGA SANGUÑA PAUL SANTIAGO', '1715548259', 'paulsantiago1218@gmail.com', 'COTOCOLLAO', 'AV. DE LA PRENSA N58-219 Y VACA DE CASTRO', '0979278721', '1985-08-12'),
(75, 1, 1, 1, 'BERMEO SARANGO', 'GENESSIS DANIELA', 'BERMEO SARANGO GENESSIS DANIELA', '1950027241', 'daniela_bermeo4@hotmail.com', 'CHIMBACALLE', 'LLANGANATES Y CERRO CORAZÓN', '0985732997', '2001-04-04'),
(76, 1, 1, 1, 'MALQUIN MALQUIN', 'TRANSITO INES', 'MALQUIN MALQUIN TRANSITO INES', '1003595004', 'malquinines27@gmail.com', 'NAYÓN', 'MARIANO CRUZ OE929 VICENTE ROCAFUERTE         LAS PALMAS', '0959590294', '1989-02-27'),
(77, 1, 1, 1, 'MINA SOLIS', 'ANA OLGA', 'MINA SOLIS ANA OLGA', '0803677236', 'minaevelyn608@gmail.com', 'NAYÓN', 'CALLE SAN FRANCISCO Y GARCÍA MORENO', '0987078873', '2003-03-03'),
(78, 1, 2, 1, 'MORA FIGUEROA', 'VINICIO EFRAIN', 'MORA FIGUEROA VINICIO EFRAIN', '1751635614', 'Viniciomora656@gmail.com', 'COMITÉ DEL PUEBLO', 'LA QUINTANA', '0986207017', '1995-02-27'),
(79, 1, 1, 1, 'PAEZ LOPEZ', 'SHIRLEY LISSETH', 'PAEZ LOPEZ SHIRLEY LISSETH', '1729052124', 'shirleymauricio2000@gmail.com', 'LA QUINTANA', 'PEDRO GUERRERO Y AGUSTÍN YEROVI E15-51', '0958825959', '2000-06-03'),
(80, 1, 2, 1, 'PERLAZA VELEZ', 'PAUL DAVID', 'PERLAZA VELEZ PAUL DAVID', '0803354927', 'perlazapaul@gmail.com', 'CHILLOGALLO', 'COMPLEJO DEL AUCAS', '0963208777', '2004-12-02'),
(81, 1, 1, 1, 'PERUGACHI CAMPO', 'MAYRA MARISOL', 'PERUGACHI CAMPO MAYRA MARISOL', '1725158081', 'Mayraperugachi@gmail.com', 'CALDERON', 'PIO XXI Y FRANCISCO GUAÑUNA LOTE 40', '0995329527', '1993-04-05'),
(82, 1, 1, 1, 'QUILUMBAQUIN JATIVA', 'DIANA GABRIELA', 'QUILUMBAQUIN JATIVA DIANA GABRIELA', '1725712077', 'gabytta_29@hotmail.com', 'LA ECUATORIANA', 'CDLA. IBARRA CALLE S40 CASA OE6-217 Y ERNESTO ALBAN', '0984332101', '1990-08-16'),
(83, 1, 1, 1, 'QUINAUCHO LASSO', 'ADRIANA ELIZABETH', 'QUINAUCHO LASSO ADRIANA ELIZABETH', '1725417370', 'adrianaquinaucho@gmail.com', 'COLLALOMA', 'AV 6 DE DICIEMBRE Y SABANILLA', '0961426688', '2002-12-24'),
(84, 1, 2, 1, 'RODRIGUEZ IBARRA', 'RUBEN ARMANDO', 'RODRIGUEZ IBARRA RUBEN ARMANDO', '1751367283', 'rubenarmandorodriguez1992@gmail.com', 'SAN ANTONIO DE PICHINCHA', 'PULULAHUA CHEIGUA', '0993972750', '1992-05-12'),
(85, 1, 2, 1, 'SANCHEZ CACUANGO', 'LUIS SEGUNDO', 'SANCHEZ CACUANGO LUIS SEGUNDO', '1003671219', 'luissegundosanchezcacuango@gmail.com', 'COTOCOLLAO', 'JORGE ENRIQUE GARCÉS Y EUGENIO PEYRAMALE- COMITÉ DEL PUEBLO - JU', '0997888399', '1985-09-07'),
(86, 1, 2, 1, 'SOLORZANO SIMBAÑA', 'JUAN ANDRES', 'SOLORZANO SIMBAÑA JUAN ANDRES', '1755904065', 'andres001_solorzano@outlook.com', 'SAN ISIDRO', 'SAN ISIDRO DEL INCA CALLE LOS OLIVOS Y FLORENCIA', '0992699761', '2001-06-25'),
(87, 1, 2, 1, 'SUAREZ CASTILLO', 'CARLOS ANDRES', 'SUAREZ CASTILLO CARLOS ANDRES', '1757543747', 'alexandrasuarez637@gmail.com', 'SAN ISIDRO DEL INCA', 'SAN ISIDRO DEL INCA NOGALES Y CHIGUALCANES  E16-314', '0997752242', '2003-09-03'),
(88, 1, 1, 1, 'TUFIÑO COLLAGUAZO', 'WENDY PATRICIA', 'TUFIÑO COLLAGUAZO WENDY PATRICIA', '1751242445', 'Wendy.collaguazo96@gmail.com', 'LLANO CHICO', '17 DE SEPTIEMBRE Y ELIO HUMBERTO HINOJOSA TUFIÑO', '0993662220/022830784', '1996-01-28'),
(89, 1, 1, 1, 'VELASQUEZ CAMACHO', 'ELVIA CARLOTA', 'VELASQUEZ CAMACHO ELVIA CARLOTA', '1716270309', 'elvia_1992@outlook.com', 'LA ECUATORIANA', 'CALLE OE6D S37 Y S38 CASA 309', '0987661600', '1980-09-10'),
(90, 1, 1, 1, 'VINUEZA MANOBANDA', 'JENNY MARGARITA', 'VINUEZA MANOBANDA JENNY MARGARITA', '1752797744', 'margaritavinuezamanobanda@gmail.com', 'LA PLANADA', 'N74A-OE17B', '0987503146', '2003-09-21'),
(91, 1, 1, 1, 'YANEZ NAVAS', 'SANDRA KARINA', 'YANEZ NAVAS SANDRA KARINA', '1752797553', 'karina8172@gavilanesgmail.com', 'CHIMBACALLE', 'GONZALO MARTÍN DE QUIROZ S9/CHIRIYACU', '0985818962', '2000-09-16'),
(92, 1, 1, 1, 'YEPEZ VERA', 'LORENA ESTEFANIA', 'YEPEZ VERA LORENA ESTEFANIA', '1725060147', 'estefy1993yepez@gmail.com', 'EL INCA', 'SAN ISIDRO DEL INCA JOSE FELIX BARREIRO  PASAJE CASANGA  BARRIO ', '0980671050', '1993-01-23'),
(93, 1, 1, 1, 'ZAMBRANO PAZMIÑO', 'KATHERINE MARILYN', 'ZAMBRANO PAZMIÑO KATHERINE MARILYN', '1725150302', 'Kzambrano414@gmail.com', 'SAN ISIDRO DEL INCA', 'AV. EL INCA DE LOS NOGALES Y CHAMBURROS', '0988276568', '1998-08-28'),
(94, 1, 1, 1, 'ALVAREZ PASQUEL', 'NORMA VERONICA', 'ALVAREZ PASQUEL NORMA VERONICA', '1715639843', 'alvarezveronica438@gmail.com', 'GUAYLLABAMBA', 'GUAYLLABAMBA, BARRIO EL JORDAN CALLE BELEN', '0984431379', '1982-05-10'),
(95, 1, 1, 1, 'ANGULO GONZALEZ', 'POLETH CRISTINA', 'ANGULO GONZALEZ POLETH CRISTINA', '1755761184', 'polethcriss1004@gmail.com', 'GUAMANI', 'LA VENECIA', '0999978218', '2000-04-10'),
(96, 1, 1, 1, 'CORDOVA CORDOVA', 'MARCIA VERONICA', 'CORDOVA CORDOVA MARCIA VERONICA', '1722990163', 'veronicacordova2112@gmail.com', 'AMAGASÍ  DEL  INCA', 'ANA GÁEZ E16  Y  SAN  RAFAEL', '0990887756', '1984-07-27'),
(97, 1, 2, 1, 'CUMBICOS JARAMILLO', 'JOSE IGNACIO', 'CUMBICOS JARAMILLO JOSE IGNACIO', '0703570291', 'Ingacio1978@hotmail.com', 'LA KENNEDY', 'AV. 6 DE DICIEMBRE Y MANUEL LIZARZABURU', '0997755246', '1978-02-01'),
(98, 1, 1, 1, 'CHASIPANTA CHUQUIMARCA', 'ESTHER MAGDALENA', 'CHASIPANTA CHUQUIMARCA ESTHER MAGDALENA', '1719241323', 'chasipanta1987@gmail.com', 'CALDERÓN', 'LOS EUCALIPTOS PASAJE A E-3740', '0983076440', '1987-04-29'),
(99, 1, 1, 1, 'CHIMBO CAMBO', 'NELLY PATRICIA', 'CHIMBO CAMBO NELLY PATRICIA', '0250064284', 'nellychimbo1996@hotmail.com', 'COCHAPAMBA', 'SAN  LORENZO  CALLE TERESA FLOR PASAJE  E', '0968492138', '1996-12-29'),
(100, 1, 2, 1, 'CHIQUITO AMAYA', 'OMAR SANTIAGO', 'CHIQUITO AMAYA OMAR SANTIAGO', '1725307175', 'santiago-lns53@gmail.com', 'EL TEJAR', 'MIRAFLORES ALTO  Y ANTONIO VILLAVICENCIO  PASAJA  A', '0967394506', '1993-05-15'),
(101, 1, 1, 1, 'ERAZO ERAZO', 'TATIANA NOEMI', 'ERAZO ERAZO TATIANA NOEMI', '1752778611', 'tatianaerazo497@gmail.com', 'CHILLOGALLO', 'CHILLOGALLO', '0963737085', '2001-06-15'),
(102, 1, 1, 1, 'IPIALES QUISILEMA', 'DORIS AURORA', 'IPIALES QUISILEMA DORIS AURORA', '1724760036', 'dipiales111@gmail.com', 'ZAMBIZA', 'JARDINES DEL INCA', '0999906522', '1991-05-27'),
(103, 1, 1, 1, 'LARA SANTACRUZ', 'CLAUDIA PATRICIA', 'LARA SANTACRUZ CLAUDIA PATRICIA', '1715128466', '', '', '', '0985972668', '1976-08-11'),
(104, 1, 1, 1, 'LIMAICO ROMERO', 'JENNIFER MISHEL', 'LIMAICO ROMERO JENNIFER MISHEL', '1726196569', '', '', '', '0987761863', '1993-05-26'),
(105, 1, 2, 1, 'LOOR SOLORZANO', 'CESAR ALEJANDRO', 'LOOR SOLORZANO CESAR ALEJANDRO', '1724720238', '', '', '', '0959179051', '1992-10-24'),
(106, 1, 1, 1, 'LOPEZ ROSERO', 'MONICA PATRICIA', 'LOPEZ ROSERO MONICA PATRICIA', '1719091447', 'roseromonica1982@gmail.com', '', '', '0979039318', '1982-04-10'),
(107, 1, 1, 1, 'MALES VASQUEZ', 'KERLLY YESENNIA', 'MALES VASQUEZ KERLLY YESENNIA', '1750240374', 'maleskerly@gmail.com', 'BELISARIO QUEVEDO', 'VISTA HERMOSA DE LAS CASAS CALLE C LOTE 62', '0990527366', '1998-01-23'),
(108, 1, 1, 1, 'MAMALLACTA CHIMBO', 'LUCIA MARTHA', 'MAMALLACTA CHIMBO LUCIA MARTHA', '1500647985', 'amorocho.uean@gmail.com', 'MERCED', 'CIUDADELA IBARRA  BARRIO  LA  MERCED', '0992828399', '1979-10-04'),
(109, 1, 2, 1, 'MONTERO GARCIA', 'ESTEVAN DANILO', 'MONTERO GARCIA ESTEVAN DANILO', '1727470831', '', '', '', '0939315322', '2002-06-29'),
(110, 1, 1, 1, 'MUELA SERNA', 'MARIA DEL CARMEN', 'MUELA SERNA MARIA DEL CARMEN', '1710407287', 'gabrielrea627@gmail.com', 'COTOCOLLAO', 'COMITÉ DEL PUEBLO', '0991181123', '1970-07-30'),
(111, 1, 1, 1, 'PASTUÑA TOAQUIZA', 'JESSICA LIDIA', 'PASTUÑA TOAQUIZA JESSICA LIDIA', '0504203068', 'Jl16demarzo2003@gmail.com', 'CALDERÓN', 'UPC CASA TUYA', '0987702214', '2003-03-16'),
(112, 1, 1, 1, 'POZO QUELAL', 'MONICA JACQUELINE', 'POZO QUELAL MONICA JACQUELINE', '1717918658', 'monitapozo2382@gmail.com', '', '', '0998269319', '1982-03-23'),
(113, 1, 1, 1, 'ROBALINO QUEZADA', 'NANCY ELIZABETH', 'ROBALINO QUEZADA NANCY ELIZABETH', '1713580023', 'nachitaroba@hotmail.com', 'PISULLI', 'PABLO YEROVI Y ANDRES BELLO OE 19-243', '0998550131 -0992448765', '1978-01-18'),
(114, 1, 2, 1, 'SAEZ YUNGAN', 'NESTOR  VINICIO', 'SAEZ YUNGAN NESTOR  VINICIO', '1716680119', 'nestitorsaez82@gmail.com', 'CENTRO HISTÓRICO', 'SECTOR  CIMA  DE LA  LIBERTAD CALLE  JUANA ATAHUALPA Y VÍA  A  C', '0994777272', '1982-03-10'),
(115, 1, 1, 1, 'SANGUCHO AMBATO', 'FERNANDA KATHERINE', 'SANGUCHO AMBATO FERNANDA KATHERINE', '1753974763', '', '', 'LA QUINTAN CALLE RUPERTO ALARCON MANZANAH LOTE 12', '0979124853', '2001-05-28'),
(116, 1, 1, 1, 'SIMBAÑA TASHIGUANO', 'MAYRA ALEXANDRA', 'SIMBAÑA TASHIGUANO MAYRA ALEXANDRA', '1718457698', 'mayra.sim1986@gmail.com', 'CALDERON', 'LLANO GRANDE BARRIO LA TOLA', '0990671830', '1986-02-11'),
(117, 1, 2, 1, 'TENEZACA ROMERO', 'JOSE MARIA', 'TENEZACA ROMERO JOSE MARIA', '0605299700', '', '', '', '0989080519', '2001-07-31'),
(118, 1, 2, 1, 'FLORES FLORES', 'BRAD ESTIVEN', 'FLORES FLORES BRAD ESTIVEN', '1727332171', '', 'CALDERON', 'CARAPUNGO  BARRIO ¨LA MORENITA¨ CALLE ATURIAS Y CEIBOS.', '0995399356', '1998-07-28'),
(119, 1, 2, 1, 'ACHIG GONZALEZ', 'LUIS FERNANDO', 'ACHIG GONZALEZ LUIS FERNANDO', '1718314576', 'negritaseco@gmail.com', 'SOLANDA', 'AV QUIMIAG Y TENIENTE HUGO ORTIZ', '0994259786', '1985-05-30'),
(120, 1, 2, 1, 'BUENO QUIÑONEZ', 'SANDER ANTONIO', 'BUENO QUIÑONEZ SANDER ANTONIO', '0850448325', 'Crisboni28@gmail.com', 'CHILLOGALLO', 'CALLE MORO MORO Y SPENCER', '0959198343', '2005-01-27'),
(121, 1, 1, 1, 'CANDELA SANTANA', 'WALTHER ISRAEL', 'CANDELA SANTANA WALTHER ISRAEL', '1725520868', 'cabdeoa10@gmail.com', 'SAN ISIDRO DEL INCA', 'JOSE  ELIZ  BARREIRO  Y  PASAJE E 18', '0968530076', '2002-10-13'),
(122, 1, 2, 1, 'CARCHI PALACIOS', 'ERICK ARTURO', 'CARCHI PALACIOS ERICK ARTURO', '2450851023', 'Crisboni28@gmail.com', 'CHILLOGALLO', 'CALLE MORO MORO Y SPENCER', '0986988562', '2004-09-09'),
(123, 1, 2, 1, 'CONFORME ZAMBRANO', 'WILMER SAMUEL', 'CONFORME ZAMBRANO WILMER SAMUEL', '1208437846', 'Crisboni28@gmail.com', 'CHILLOGALLO', 'CALLE MORO MORO Y SPENCER', '0993621589', '2004-05-12'),
(124, 1, 1, 1, 'CHIMBO CHACHA', 'MIRIAN JAQUELINE', 'CHIMBO CHACHA MIRIAN JAQUELINE', '0250346731', '', '', '', '0939350384', '2001-12-02'),
(125, 1, 2, 1, 'ENCARNACION BOHORQUEZ', 'ALEXANDER EDERSON', 'ENCARNACION BOHORQUEZ ALEXANDER EDERSON', '1727016923', 'edersonencarnacion10@gmail.com', 'SAN  BLAS', 'N40  GASPAR  DE VILLOREL PINO', '0983237388', '2001-10-10'),
(126, 1, 1, 1, 'GANAN TUBON', 'CARMEN ROCIO', 'GANAN TUBON CARMEN ROCIO', '1713804977', '', '', '', '0959623365', '1978-11-28'),
(127, 1, 1, 1, 'MAIGUA ROSADO', 'TERESA DANIELA', 'MAIGUA ROSADO TERESA DANIELA', '1719489591', '', '', 'EL MANANTIAL', '0984462714', '1986-10-15'),
(128, 1, 1, 1, 'MORENO CADENA', 'JESSICA MARIELA', 'MORENO CADENA JESSICA MARIELA', '1714043526', 'jessica2983mc@gmail.com', 'LA ROLDOS', 'LA ROLDOS', '0978635387', '1983-08-29'),
(129, 1, 1, 1, 'MOROCHO CHIFLA', 'WELINGTON DARIO', 'MOROCHO CHIFLA WELINGTON DARIO', '1722828439', 'welingtonmorochowelingtonchef@hotmail.com', 'NAYON', 'EUGENIO ESPEJO Y EUCALIPTOS', '0999949186', '1988-03-20'),
(130, 1, 1, 1, 'NARVAEZ JARAMILLO', 'MARIA JOSE', 'NARVAEZ JARAMILLO MARIA JOSE', '1754125175', 'narvaezmajo26@gmail.com', '', '', '0990661152', '2000-05-04'),
(131, 1, 1, 1, 'PANCHI TIGSE', 'MARILIN JADIRA', 'PANCHI TIGSE MARILIN JADIRA', '1750892612', 'MarilinkL13@gmail.com', 'LLANO CHICO', 'BARRIO LA LIBERTAD Y 17 DE SEPTIEMBRE', '+593 99 856 4049', '2003-10-10'),
(132, 1, 1, 1, 'QUINALOA ROCHINA', 'ELSA DIOSELINA', 'QUINALOA ROCHINA ELSA DIOSELINA', '1756205132', '', 'COCHAPAMBA', '13AVA TRANSVERSAL', '0989579846', '2001-06-20'),
(133, 1, 1, 1, 'RIOFRIO REYES', 'ERICKA BELEN', 'RIOFRIO REYES ERICKA BELEN', '1725155145', '', 'IÑAQUITO', 'AV. ELOY ALFARO N28 73 Y 10 DE AGOSTO', '0994957546', '2002-09-23'),
(134, 1, 2, 1, 'SANCHEZ SIERRA', 'JEFERSON DANILO', 'SANCHEZ SIERRA JEFERSON DANILO', '1726649005', '', '', '', '0992418348', '1996-01-23'),
(135, 1, 2, 1, 'ZAMBRANO PILLIGUA', 'EDUARDO JAVIER', 'ZAMBRANO PILLIGUA EDUARDO JAVIER', '1756116412', '', '', '', '0980415019', '2000-12-20'),
(136, 1, 1, 1, 'ACOSTA ACURIO', 'ABIGAIL ALEXANDRA', 'ACOSTA ACURIO ABIGAIL ALEXANDRA', '1726095613', '', '', '', '0981066134', '1989-05-13'),
(137, 1, 1, 1, 'BONILLA ALARCON', 'KERLY MARGOTH', 'BONILLA ALARCON KERLY MARGOTH', '1754451746', 'bonillakerly06@Gmail.com', 'CHILLOGALLO', 'AV MARISCAL SUCRE MORAN VALVERDE', '0962824201', '2001-08-23'),
(138, 1, 1, 1, 'CHANO MATANGO', 'CRUZ  EVELYN', 'CHANO MATANGO CRUZ  EVELYN', '1004881221', '', 'CARCELEN', 'CARCELEN', '0989355725', '2001-08-04'),
(139, 1, 2, 1, 'GOMEZ POSLIGUA', 'CRISTIAN BENJAMIN', 'GOMEZ POSLIGUA CRISTIAN BENJAMIN', '1722346036', 'benyagomez8@gmail.com', 'COTOCOLLAO', 'PASAJE AMPUDIA N62-35 Y SABANILLA BARRIO TULIPANES', '0992518854', '1992-09-25'),
(140, 1, 1, 1, 'GUALOTO LASTRA', 'MARILIN SAMANDA', 'GUALOTO LASTRA MARILIN SAMANDA', '1756161939', '', '', '', '0984488000', '2003-09-20'),
(141, 1, 1, 1, 'HERRERA MORALES', 'JENIFER FERNANDA', 'HERRERA MORALES JENIFER FERNANDA', '1755907704', 'jeniferherrera052@gmail.com', 'Pomasqui', 'SAN JOSÉ ALTO - GUILLERMO VALDIVIEZO - EL BUEN PASTOR', '0939963853', '2001-06-28'),
(142, 1, 2, 1, 'LEDESMA VERA', 'DANNY DANIEL', 'LEDESMA VERA DANNY DANIEL', '0941121618', 'dannyledesmavera1996@gmail.com', 'EL VECINO', 'BARRIAL BLANCO SECTOR 3 Y CORDILLERA DE COLONCHE CASA #52', '0979707195', '1996-11-07'),
(143, 1, 1, 1, 'MALLIQUINGA CHASI', 'GLADYS PATRICIA', 'MALLIQUINGA CHASI GLADYS PATRICIA', '1715087621', '', '', '', '0987762857', '1979-08-18'),
(144, 1, 2, 1, 'MORA TAPIA', 'ANDY JAVIER', 'MORA TAPIA ANDY JAVIER', '1754278743', '', '', '', '0994841856', '2001-11-25'),
(145, 1, 1, 1, 'MUÑOZ BONE', 'CAMILA LOURDES', 'MUÑOZ BONE CAMILA LOURDES', '1750148437', '', '', '', '0978704024', '2003-06-02'),
(146, 1, 2, 1, 'ORDOÑEZ SUIN', 'CARLOS ALBERTO', 'ORDOÑEZ SUIN CARLOS ALBERTO', '1715439061', '', '', '', '', '1991-12-11'),
(147, 1, 2, 1, 'OTAVALO CATUCUAMBA', 'LEONIDAS SEGUNDO', 'OTAVALO CATUCUAMBA LEONIDAS SEGUNDO', '1722991393', '', '', '', '0982824192', '1989-04-06'),
(148, 1, 1, 1, 'OYAGATA LINCANGO', 'JHOSELYN VANESSA', 'OYAGATA LINCANGO JHOSELYN VANESSA', '1725159980', 'delialincango46@gmail.com', 'SAN ISIDRO DEL INCA', 'LOTE#25PASAJEB Y LOS CHIGUALCANES', '0989095712', '2001-07-31'),
(149, 1, 1, 1, 'PARRAGA CHICHANDE', 'INGRITH LISSETE', 'PARRAGA CHICHANDE INGRITH LISSETE', '0803499029', 'chichandeingrith123@gmail.com', 'EL INCA', 'AV. JOSE FELIX BARREIRO PRINCIPAL FRENTE AL CONJUNTO VIVE CITY', '0986954036', '1997-06-30'),
(150, 1, 2, 1, 'PEREZ PINEIDA', 'MAURICIO ROMMEL', 'PEREZ PINEIDA MAURICIO ROMMEL', '1721637088', 'mrommel1986@hotmail.com', '', '', '0985761161', '1986-05-05'),
(151, 1, 2, 1, 'ROMAN CEDEÑO', 'KEVIN ALEXANDER', 'ROMAN CEDEÑO KEVIN ALEXANDER', '1753287547', '', '', '', '0997509459', '2002-10-23'),
(152, 1, 2, 1, 'SACAPE MAZA', 'ANDI STALIN', 'SACAPE MAZA ANDI STALIN', '1753057593', '', '', '', '0992539719', '2001-09-20'),
(153, 1, 1, 1, 'SAGBAY SALAGAJE', 'MIRIAN JANETH', 'SAGBAY SALAGAJE MIRIAN JANETH', '1501133621', 'miriansagbay.12@gmail.com', 'San Agustín', '', '0979627036', '2002-04-30'),
(154, 1, 1, 1, 'SALAS LASTRA', 'JHONATHAN JAVIER', 'SALAS LASTRA JHONATHAN JAVIER', '1753627049', '', 'NAYON', 'SANTA ANA DE NAYÓN BARRIO LAS PALMAS EN UNA TIENDA', '0987146805', '2004-08-18'),
(155, 1, 1, 1, 'SINGO LINCANGO', 'MARIA MAGDALENA', 'SINGO LINCANGO MARIA MAGDALENA', '1709096810', 'magdalenasingo1964@gmail.com', 'San José del Inca', 'SAN JOSÉ DEL INCA / EL INCA /MAYAS 144 Y GAVIRIA', '0984400925', '1964-06-27'),
(156, 1, 1, 1, 'VALLA CABA', 'SANDRA ALICIA', 'VALLA CABA SANDRA ALICIA', '1725113185', 'sandraaliciavallacaba@gmail.com', 'SAN ISIDRO DEL INCA', 'AV. EL INCA Y DE LOS GUABOS', '0983536232', '1995-12-14'),
(157, 1, 1, 1, 'VERA CUZME', 'GABRIELA CATHERINE', 'VERA CUZME GABRIELA CATHERINE', '1714639448', 'gabrielaccuzmev@hotmail.com', '', '', '0998039870', '1979-12-01'),
(158, 1, 1, 1, 'VERA LOOR', 'MARIA DEL ROCIO', 'VERA LOOR MARIA DEL ROCIO', '1310855844', '', '', '', '', '1979-09-02'),
(159, 1, 1, 1, 'DELGADO MINDA', 'KENDY STEE', 'DELGADO MINDA KENDY STEE', '0401955216', 'Kendyelrey123@gmail.com', 'Quitumbe', 'CALLE PRINCIPAL PUCARÁ Y SECUNDARIA EL CAPULÍ  NO DE CASA E1-116', '0983958022', '2004-07-07'),
(160, 1, 2, 1, 'REALPE BAUTISTA', 'ANDRES CARLOS', 'REALPE BAUTISTA ANDRES CARLOS', '1753058435', 'Acrealpe.b@gmail.com', 'CHILLOGALLO', 'TURUBAMBA ALTO  MOROMORO POR EL ESTADIO DE AUCAS', '0986520138', '2003-10-05'),
(161, 1, 1, 1, 'ALCACIEGA MORETA', 'ANITA LIZETH', 'ALCACIEGA MORETA ANITA LIZETH', '1850470277', '', '', '', '0963123508', '2001-10-04'),
(162, 1, 1, 1, 'BARAHONA AUSHAY', 'DAMIANA MAGALY', 'BARAHONA AUSHAY DAMIANA MAGALY', '1722719042', 'magalybarahona@outlook.es', 'GUAJALO PUEBLO UNIDO', 'AVENIDA SIMÓN BOLÍVAR PUEBLO UNIDO', '0961633344', '1989-01-27'),
(163, 1, 2, 1, 'CAGUA FARIAS', 'DANIEL ERNESTO', 'CAGUA FARIAS DANIEL ERNESTO', '1720303112', '', '', '', '0983388365', '1988-05-11'),
(164, 1, 2, 1, 'CAMPOS SUAREZ', 'ERICK SEBASTIAN', 'CAMPOS SUAREZ ERICK SEBASTIAN', '1754212494', 'ericksebastiancampossuarez2020@gmail.com', '', 'AV. TARQUI  EL  EJIDO', '0987341630', '2003-02-17'),
(165, 1, 1, 1, 'CASTRO CARRANZA', 'NAYELI NICOLE', 'CASTRO CARRANZA NAYELI NICOLE', '1755134580', 'katherinecastro140@gmail.com', 'QUITUMBE - EL CONDE', 'S38A E1-120 E1A PB-QUITUMBE', '0999748010', '1999-12-27'),
(166, 1, 1, 1, 'CHAMORRO CARPIO', 'ANDREA ESTEFANIA', 'CHAMORRO CARPIO ANDREA ESTEFANIA', '1725371379', '', '', '', '0960666655', '1995-09-24'),
(167, 1, 1, 1, 'CHAVEZ CARCHI', 'JHOSELYN DAYANNA', 'CHAVEZ CARCHI JHOSELYN DAYANNA', '1728610765', 'jdselin1426@gmail.com', 'EL INCA', '', '0995446530', '2002-07-02'),
(168, 1, 2, 1, 'DELAN DOR', 'ROBERT JUNIOR', 'DELAN DOR ROBERT JUNIOR', 'GV4101594', '', '', '', '0987334304', '2000-03-22'),
(169, 1, 2, 1, 'GUALOTO GUAMANZARA', 'LUIS EDUARDO', 'GUALOTO GUAMANZARA LUIS EDUARDO', '1726585746', 'luisgualoto1994@gmail.com', 'BELISARIO QUEVEDO', 'HUMBERTO ALBORNOZ Y SEXTA TRANSVERSAL', '0999866139', '1994-06-26'),
(170, 1, 2, 1, 'GUANOLUISA MUELA', 'CARLOS RODRIGO', 'GUANOLUISA MUELA CARLOS RODRIGO', '1726697004', '', 'MONTESERRIN', 'MENBRILLOS Y REINALDO ESPINOSA', '0969201927', '1993-12-01'),
(171, 1, 2, 1, 'IPIALES ILES', 'ADRIAN ANDRES', 'IPIALES ILES ADRIAN ANDRES', '1004997902', 'andresaene25@gmail.com', 'LA ESPERANZA', 'DE LAS NUECES Y DE LAS UVAS', '0987254135', '2000-05-08'),
(172, 1, 2, 1, 'LAINES BAZAN', 'ANDRES DAVID', 'LAINES BAZAN ANDRES DAVID', '1726697772', 'adlb22@hotmail.com', '', '', '3390260', '1993-10-10'),
(173, 1, 2, 1, 'LEMA QUILLAY', 'HECTOR MAURO', 'LEMA QUILLAY HECTOR MAURO', '0604582429', '', '', '', '0990638526', '1991-06-05'),
(174, 1, 1, 1, 'LLUMIQUINGA GUALOTUÑA', 'JENNY ALEXANDRA', 'LLUMIQUINGA GUALOTUÑA JENNY ALEXANDRA', '1718823691', 'zara.valentina2015@gmail.com', 'AMAGUAÑA', 'AMAGUAÑA CALLE ESPEJO', '0979158050', '1987-04-24'),
(175, 1, 1, 1, 'MACIAS VILLARROEL', 'YAHAIRA ARACELY', 'MACIAS VILLARROEL YAHAIRA ARACELY', '1720357209', 'maciasyahairagor@gmail.com', 'CHAUPICRUZ', 'COCHAPAMBA SUR Y 4 TRANS N44-365', '0988031737', '1990-06-17'),
(176, 1, 1, 1, 'MAISANCHEZ PEREZ', 'ANGELICA LIZBETH', 'MAISANCHEZ PEREZ ANGELICA LIZBETH', '1726081019', '', '', '', '0989068598', '2001-01-21'),
(177, 1, 2, 1, 'MASHIANT TIMIAZA', 'MAYCOL FERNANDO', 'MASHIANT TIMIAZA MAYCOL FERNANDO', '1450117047', '', '', 'COTOCOLLAO FRANCISCO PITA', '0989862905', '2001-02-28'),
(178, 1, 1, 1, 'MONSERRATE GUAÑUNA', 'ANAHI ALEJANDRA', 'MONSERRATE GUAÑUNA ANAHI ALEJANDRA', '1725332835', 'alejandramonserrate54@gmail.com', 'CALDERON', 'GEOVANY CALLES  Y PUNIN', '0992302633', '2002-05-11'),
(179, 1, 2, 1, 'MUÑOZ ARANA', 'ANGEL DANIEL', 'MUÑOZ ARANA ANGEL DANIEL', '1251155030', '', 'QUITO', 'QUITO', '0969385602', '2002-08-16'),
(180, 1, 2, 1, 'PALACIOS ZAMBRANO', 'LUIS VICENTE', 'PALACIOS ZAMBRANO LUIS VICENTE', '1722462494', '', '', '', '0969812707', '1998-03-11'),
(181, 1, 1, 1, 'PASTUÑA TOAQUIZA', 'ANA LUCIA', 'PASTUÑA TOAQUIZA ANA LUCIA', '1750919928', '', 'SAN CARLOS', 'AV OCCIDENTAL FLAVIO ALFARO', '0998296969', '1995-03-20'),
(182, 1, 1, 1, 'PASTUÑA TOAQUIZA', 'SANDRA MONICA', 'PASTUÑA TOAQUIZA SANDRA MONICA', '1728120187', '', 'SAN CARLOS', 'AV OCCIDENTAL Y FLAVIO ALFARO', '0981700345', '1996-08-14'),
(183, 1, 2, 1, 'PAUCAR ROBLES', 'HUGO SEBASTIAN', 'PAUCAR ROBLES HUGO SEBASTIAN', '1753443819', '', '', '', '0999280923', '2001-06-13'),
(184, 1, 2, 1, 'PERALTA MAYORGA', 'HECTOR JACINTO', 'PERALTA MAYORGA HECTOR JACINTO', '1203571276', 'hectorperalta76@hotmail.com', 'EL INCA', 'LOS MADROÑOS Y EL INCA', '0969380880', '1976-10-29'),
(185, 1, 1, 1, 'PILATAXI SINGO', 'ANA NOEMI', 'PILATAXI SINGO ANA NOEMI', '1753059219', 'yuribetIsabella@gmail.com', 'LLANO CHICO', '17 DE SEPTIEMBRE ESQUINA DEL MOVIMIENTO CALLE CARAPUNGO', '0992332052', '2000-07-04'),
(186, 1, 2, 1, 'PORTILLA JIMENEZ', 'GUSTAVO ADOLFO', 'PORTILLA JIMENEZ GUSTAVO ADOLFO', '0401942453', '', 'NORTE', 'SAN CARLOS', '0983837885', '1990-09-20'),
(187, 1, 1, 1, 'QUIJIA LEON', 'SHEILA MAILI', 'QUIJIA LEON SHEILA MAILI', '1756254189', '', '', '', '0995350379', '2002-12-02'),
(188, 1, 2, 1, 'RODRIGUEZ SAQUINGA', 'ROBERTH WELLINGTON', 'RODRIGUEZ SAQUINGA ROBERTH WELLINGTON', '1803564952', '', '', '', '0987567555', '1980-11-24'),
(189, 1, 2, 1, 'ROMERO LOACHAMIN', 'DIEGO PAUL', 'ROMERO LOACHAMIN DIEGO PAUL', '1718833831', '', '', '', '0992125430', '1994-09-25'),
(190, 1, 2, 1, 'SALAZAR MALES', 'BYRON FERNANDO', 'SALAZAR MALES BYRON FERNANDO', '1723075287', '', '', '', '0969492283', '1989-12-28'),
(191, 1, 1, 1, 'SIGCHA MINGA', 'PAULA', 'SIGCHA MINGA PAULA', '1755552393', '', '', '', '0989537167', '1999-11-24'),
(192, 1, 2, 1, 'SIGCHA PUETATE', 'CESAR DANIEL', 'SIGCHA PUETATE CESAR DANIEL', '1725254740', 'sigchacesar96@gmail.com', 'SAN ISIDRO DEL INCA', 'AV. ELOY ALFARO N50 234', '0985704838', '2002-10-21'),
(193, 1, 1, 1, 'SUAREZ PASMIÑO', 'MARIA SINALDA', 'SUAREZ PASMIÑO MARIA SINALDA', '1308035565', 'suarezm476@gmail.com', 'SANGOLQUÍ', 'PARQUE TURISMO', '0994276125', '1971-08-24'),
(194, 1, 1, 1, 'SUATUNSE SINGO', 'PAMELA ALEJANDRA', 'SUATUNSE SINGO PAMELA ALEJANDRA', '1752841963', '', '', '', '0997755603', '2002-03-12'),
(195, 1, 1, 1, 'VEGA SANCHEZ', 'KATY ARACELY', 'VEGA SANCHEZ KATY ARACELY', '1752948024', 'katyvega251@hotmail.com', 'CHILLOGALLO', 'CDLA. IBARRA CALLE 7', '0984793811', '1999-03-12'),
(196, 1, 1, 1, 'VILLACRES DELGADO', 'ALISSON MARICELA', 'VILLACRES DELGADO ALISSON MARICELA', '1756109862', 'alissonvillacres24@gmail.com', 'KENNEDY', 'MANUEL CABEZA DE VACA Y PINOS NRO. 53 122', '0987806955', '2001-10-24'),
(197, 1, 1, 1, 'ACERO CEBALLOS', 'MARIA CAMILA', 'ACERO CEBALLOS MARIA CAMILA', '1727096776', 'camila1234abcabc@gmail.com', '', '', '0998069776', '1999-03-20'),
(198, 1, 2, 1, 'ALBA ALBA', 'EDGAR GEOVANI', 'ALBA ALBA EDGAR GEOVANI', '1003140835', '', '', '', '0997242103', '1985-10-22'),
(199, 1, 1, 1, 'ANTE CHILIUSA', 'FABIOLA  BEATRIZ', 'ANTE CHILIUSA FABIOLA  BEATRIZ', '1726231143', '', '', '', '0968125581', '1991-12-31'),
(200, 1, 2, 1, 'APOLO GUAYANAY', 'DANIEL SANTIAGO', 'APOLO GUAYANAY DANIEL SANTIAGO', '1722068366', 'apolodaniel501@gmail.com', 'SAN ANTONIO (MITAD DEL MUNDO)', 'MORASPUNGO Y JOSÉ CORRELLA PASAJE A LOTE 1 CASA S/N', '0992239578', '1988-03-21'),
(201, 1, 2, 1, 'ATUPAÑA PAGUAY', 'STALIN ISMAEL', 'ATUPAÑA PAGUAY STALIN ISMAEL', '1756076764', '', '', '', '0969140786', '2002-09-30'),
(202, 1, 1, 1, 'BENALCAZAR CAICEDO', 'PRISCILA MICHELLE', 'BENALCAZAR CAICEDO PRISCILA MICHELLE', '1753117736', 'Michelle162802@outlook.com', 'COMITE DEL PUEBLO', 'AV. LA BOTA', '0998208517', '1999-04-16'),
(203, 1, 1, 1, 'CACHIMUELA PATIÑO', 'JULISSA STEFANIA', 'CACHIMUELA PATIÑO JULISSA STEFANIA', '1725271223', 'julystefajs@gmail.com', 'BELISARIO QUEVEDO', 'HUMBERTO ALBORNOS N25-104 LA COMUNA', '0984220197', '2001-02-02'),
(204, 1, 2, 1, 'CARDENAS SALAZAR', 'EDISON DAVID', 'CARDENAS SALAZAR EDISON DAVID', '1753326394', '', '', '', '0984542104', '1993-03-31'),
(205, 1, 1, 1, 'CARLOSAMA CHULDE', 'AMBAR ILENIA', 'CARLOSAMA CHULDE AMBAR ILENIA', '1752502227', 'ambarcarlosamachulde@gmail.com', 'CALDERÓN', 'SAN JOSÉ DE MORÁN', '0992944107', '2000-10-18'),
(206, 1, 2, 1, 'CHARCOPA  ORTIZ', 'CARLOS ALEJANDRO', 'CHARCOPA  ORTIZ CARLOS ALEJANDRO', '1725584195', 'charcopaalejandro5@gmail.com', 'EL INCA', 'PALMERAS Y VIÑEDOS', '0987247639', '2000-11-21'),
(207, 1, 2, 1, 'CHIMBOLEMA GUANDINANGO', 'JONATHAN JAVIER', 'CHIMBOLEMA GUANDINANGO JONATHAN JAVIER', '1756153803', '', 'MONTESERRIN', '', '0995484449', '2002-03-06'),
(208, 1, 2, 1, 'DE LA CRUZ VACA', 'DIEGO FABIAN', 'DE LA CRUZ VACA DIEGO FABIAN', '1719353623', 'gogoshh22diego@gmail.com', '', '', '0999791053', '1986-06-25'),
(209, 1, 2, 1, 'DUARTE GUEVARA', 'ESTEBAN ANDRES', 'DUARTE GUEVARA ESTEBAN ANDRES', '1724724230', 'duarteandres70@gmail.com', 'LA CAMPIÑA DEL INCA', 'JOSE FELIX BARREIRO Y PASAJE E', '3262125', '1997-07-12'),
(210, 1, 1, 1, 'ESPINOZA CALDERON', 'LUZMILA PATRICIA', 'ESPINOZA CALDERON LUZMILA PATRICIA', '1003973722', '', '', '', '0993372149', '1989-02-13'),
(211, 1, 2, 1, 'FERNANDEZ MOROCHO', 'JAIRO JOSUE', 'FERNANDEZ MOROCHO JAIRO JOSUE', '1751484161', '', '', '', '0962638808/0983876182', '2002-01-06'),
(212, 1, 1, 1, 'GONZALEZ OTAVALO', 'DORIS PRISCILA', 'GONZALEZ OTAVALO DORIS PRISCILA', '1726642141', '', 'LLANO CHICO', 'VELLA AURORA CALE EL ORO Y MANABI', '0959297281', '1996-09-18'),
(213, 1, 2, 1, 'GUAYANAY ABAD', 'JUAN CARLOS', 'GUAYANAY ABAD JUAN CARLOS', '1725049694', '', '', '', '0990666260', '1993-02-07'),
(214, 1, 1, 1, 'GUZMAN LUNA', 'MARIA SOLEDAD', 'GUZMAN LUNA MARIA SOLEDAD', '1713665634', '', '', '', '0994632593', '1980-05-13'),
(215, 1, 2, 1, 'ICHAU ICHAU', 'JOSE RAMIRO', 'ICHAU ICHAU JOSE RAMIRO', '1002830873', '', '', '', '0990664896', '1980-02-14'),
(216, 1, 2, 1, 'INTRIAGO PEÑARRIETA', 'JAMES MIKE', 'INTRIAGO PEÑARRIETA JAMES MIKE', '1725093270', '', '', '', '0999931362', '2002-03-29'),
(217, 1, 1, 1, 'IZA TIPANLUISA', 'VERONICA TATIANA', 'IZA TIPANLUISA VERONICA TATIANA', '1752832749', 'tatiana.iza2d@gmail.com', 'LA ARGELINA ALTA', 'CALLE S21BY E13', '0967716732', '2000-08-27'),
(218, 1, 1, 1, 'LAPO VALLE', 'DIANA MARIBEL', 'LAPO VALLE DIANA MARIBEL', '1724737281', '', '', '', '0968071020', '1993-10-07'),
(219, 1, 1, 1, 'LASINQUIZA BONILLA', 'VIVIANA ARACELY', 'LASINQUIZA BONILLA VIVIANA ARACELY', '1728023670', 'vivifutbolista.99@gmail.com', 'CARAPUNGO', 'LLANO GRANDE- PARADA 7- SAN JUAN LOMA', '099 56 76 414', '2001-09-27'),
(220, 1, 2, 1, 'LOAYZA TORRES', 'JUAN CARLOS', 'LOAYZA TORRES JUAN CARLOS', '2100703236', '', '', '', '0959532275', '1991-10-07'),
(221, 1, 1, 1, 'PALACIOS ZAMBRANO', 'GEOVANNA ELIZABETH', 'PALACIOS ZAMBRANO GEOVANNA ELIZABETH', '1720548815', 'geovannapalacios1990@gmail.com', 'SAN ISIDRO', 'PALMERAS Y TULIPANES', '0986001326', '1990-02-26'),
(222, 1, 1, 1, 'PALOMO CHILUISA', 'JESSICA ESTEFANIA', 'PALOMO CHILUISA JESSICA ESTEFANIA', '1756184055', '', '', '', '0984846407', '2001-10-22'),
(223, 1, 2, 1, 'PIERRE', 'LECNY', 'PIERRE LECNY', '1756662316', '', '', '', '0961849117', '1982-07-31'),
(224, 1, 1, 1, 'PILLAJO OROZCO', 'SOLANGE CAMILA', 'PILLAJO OROZCO SOLANGE CAMILA', '1755653126', 'pillajocamila8@gmail.com', 'LA COMUNA', 'FRANCISCO VALENZUELA LT 91 OE10 FULGENCIO ARAUJO', '0969049977', '2002-10-01'),
(225, 1, 1, 1, 'PINDO TOAQUIZA', 'GENESIS JACQUELINE', 'PINDO TOAQUIZA GENESIS JACQUELINE', '1726498577', '', '', '', '0981183814', '1997-10-03'),
(226, 1, 1, 1, 'QUISPE MONTALVO', 'DIANA CAROLINA', 'QUISPE MONTALVO DIANA CAROLINA', '1719291070', '', 'LLANO CHICO', 'LOS NOGALES  Y BELLA AURORA', '0987214770', '1989-08-25'),
(227, 1, 1, 1, 'RODRIGUEZ PULLAS', 'KAREN KATIUSKA', 'RODRIGUEZ PULLAS KAREN KATIUSKA', '1206924324', 'karenkatiuska4@gmail.com', 'COMITÉ DEL PUEBLO', '6 DE JULIO', '0986053205', '2003-06-04'),
(228, 1, 2, 1, 'RUIZ SOLANO', 'CRISTIAN PAUL', 'RUIZ SOLANO CRISTIAN PAUL', '1726609652', '', '', '', '0998832096', '1996-12-21'),
(229, 1, 2, 1, 'TAMBI YAUTIBUG', 'BRAULIO PAUL', 'TAMBI YAUTIBUG BRAULIO PAUL', '1752282507', 'paul.tambi03@gmail.com', 'LLANO CHICO', 'CALLE SAN MIGUEL Y PASAJE LOS BÚFALOS', '0967974185', '2002-10-05'),
(230, 1, 2, 1, 'VELEZ INTRIAGO', 'CARLOS ENRIQUE', 'VELEZ INTRIAGO CARLOS ENRIQUE', '1350943385', 'carlos25022000@gmail.com', '6 DE JULIO -COMITE DEL PUEBLO', 'JOSÉ BUSTOS Y AGUSTÍN YEROVI', '0992975379', '2000-02-25'),
(231, 1, 2, 1, 'VELEZ YUPA', 'MOISES ALEXANDER', 'VELEZ YUPA MOISES ALEXANDER', '1752178879', '', '', '', '0968425912', '2001-09-05'),
(232, 1, 2, 1, 'VILLACIS CACUANGO', 'STEVEN DAVID', 'VILLACIS CACUANGO STEVEN DAVID', '1725866220', 'stevenvavuango04@gmail.com', 'LA MORENITA', 'CALDERÓN SECTOR LA MORENITA', '09987547365', '2001-05-14'),
(233, 1, 1, 1, 'ANDRANGO GUATEMAL', 'REBECA', 'ANDRANGO GUATEMAL REBECA', '1726490368', 'rbk093andrango@gmail.com', 'AMAGASI DEL INCA', 'NOGALES Y UVAS E57-92', '096 006 3221', '1993-05-09'),
(234, 1, 1, 1, 'BAEZ ALVAREZ', 'DEISY PILAR', 'BAEZ ALVAREZ DEISY PILAR', '1717485278', 'DeisyBaezA1990@outlook.com', 'GUAYLLABAMBA', 'CALLE PRINCIPAL 10 DE AGOSTO Y SECUNDARIA CALLE LA ALEGRÍA #DE C', '0998689441', '1990-10-21'),
(235, 1, 1, 1, 'BENITEZ PEREIRA', 'LUCY MARY', 'BENITEZ PEREIRA LUCY MARY', '0400997193', 'Mb048642@gmail.com', 'FERROVIARIA', 'DIEGO DE OSORIO Y COLTA', '0993254747', '1974-03-13'),
(236, 1, 1, 1, 'BORBOR ZAMBRANO', 'ALEJANDRA BEATRIZ', 'BORBOR ZAMBRANO ALEJANDRA BEATRIZ', '1207036219', 'alejandrabeatriz_14@hotmail.com', 'CHAUPICRUZ', 'EL BOSQUE FRANCISCO MONTALVO OE9-401 Y BELLA AURORA', '0979027807', '1996-09-16'),
(237, 1, 1, 1, 'CONDOR CONDOR', 'VERONICA KARINA', 'CONDOR CONDOR VERONICA KARINA', '1720074598', 'veronica_87nov@live.com', 'LLANO CHICO', 'AMAGASI DEL INCA', '0992916309', '1987-11-23'),
(238, 1, 1, 1, 'CHICAIZA BARRENO', 'JOSELYN YAHAIRA', 'CHICAIZA BARRENO JOSELYN YAHAIRA', '1752439842', 'Joselyn.dilan.alan@gmail.com', 'LA MAGDALENA', 'EL PARAIZO Y CHÁVEZ PUGRO', '0984164883', '2000-10-23'),
(239, 2, 2, 2, 'CHIMBOLEMA GUAMAN', 'CARLOS BACILIO', 'CHIMBOLEMA GUAMAN CARLOS BACILIO', 'A4035585', 'carloschimbolema4@gmail.com', 'SANGOLQUÍ', 'AV. JUAN DE SALINAS #480', '0998078183', '1995-11-20'),
(240, 1, 1, 1, 'CHITO CANDO', 'ERIKA JAZMIN', 'CHITO CANDO ERIKA JAZMIN', '1727199943', 'erikajazmin342@gmail.com', 'NAYON', '', '0963018036', '2000-05-04'),
(241, 1, 2, 1, 'ESPINOSA VARGAS', 'DANNY JEFERSON', 'ESPINOSA VARGAS DANNY JEFERSON', '1753039872', 'edith14silvestre@hotmail.com', 'CALDERON', 'CALLE JACAMAR Y AMILIA URIGUEN', '0983460267', '2000-01-20'),
(242, 1, 1, 1, 'GONZALEZ ROMERO', 'CARMEN DEL ROCIO', 'GONZALEZ ROMERO CARMEN DEL ROCIO', '1708736846', 'carsar.67@gmail.com', 'LA APLANADA', 'LA APLANADA', '0983477472', '1967-07-16'),
(243, 1, 1, 1, 'LECHON TARABATA', 'DIGNA SALOME', 'LECHON TARABATA DIGNA SALOME', '1721846424', 'd7salome@hotmail.com', 'EL EDÉN', 'AV. ARGIDAS Y DE LOS CHOLANES', '0981383535', '1990-06-15'),
(244, 1, 1, 1, 'LOGACHO CASTILLO', 'ANA ISABEL', 'LOGACHO CASTILLO ANA ISABEL', '1717943599', 'anitatauro2004@hotmail.com', 'CARCELEN', 'CARCELEN BAJO N91_34', '0981547073', '1985-09-18'),
(245, 1, 1, 1, 'LOPEZ ANTE', 'NAYELI FERNANDA', 'LOPEZ ANTE NAYELI FERNANDA', '1754218558', 'Marciavelasco221984@gmail.com', 'QUITUMBE', 'E7 S38_30', '0969518957', '2002-03-21'),
(246, 1, 1, 1, 'PICUASI DIAS', 'DAMARIS ABIGAIL', 'PICUASI DIAS DAMARIS ABIGAIL', '1750207217', '', '', '', '0998834421', '2003-07-13'),
(247, 1, 1, 1, 'QUEMAG ALVAREZ', 'MARIA MARGARITA', 'QUEMAG ALVAREZ MARIA MARGARITA', '1726889288', 'Mariquemag055@gmail.com', 'GUAYLLABAMBA', 'CHAQUIBAMBA BARRIO SAN FRANCISCO', '0967207662', '1996-07-14'),
(248, 1, 1, 1, 'ROJAS DIAZ', 'BLANCA YULISA', 'ROJAS DIAZ BLANCA YULISA', '1725584245', 'yulexhitha1406001@gmail.com', 'EL BATÁN ALTO', 'COMUNA MIRAFLORES MANZANA J LOTE 76', '0983232789', '2001-06-14'),
(249, 2, 1, 2, 'SINISTERRA SEGURA', 'ANNY LIBE', 'SINISTERRA SEGURA ANNY LIBE', 'AWO24504', 'seguraanny65@gmail.com', 'QUITO', 'BARTOLOMÉ DE LAS CASA E1-24 Y 10  DE AGOSTO', '0962744365', '2003-11-04'),
(250, 1, 1, 1, 'SOPALO ROMERO', 'TATIANA ELIZABETH', 'SOPALO ROMERO TATIANA ELIZABETH', '1718234717', 'josuejohan1307@gmail.com', 'NAYÓN', 'EUGENIO ESPEJO PASAJE GUAROS Y PINOS', '0979193731', '1997-01-22'),
(251, 1, 1, 1, 'VILLALTA MOROCHO', 'RUTH ELIZABETH', 'VILLALTA MOROCHO RUTH ELIZABETH', '1722652573', 'rutheli134@outlook.com', 'COMITÉ DEL PUEBLO', 'ELOY ALFARO Y MANUEL AMBROSI', '0979396551', '1993-07-04'),
(252, 1, 1, 1, 'CARRASCO QUIÑONEZ', 'SHARELY NICOLE', 'CARRASCO QUIÑONEZ SHARELY NICOLE', '1726469461', 'sharelycarrasco6@gmail.com', 'COTOCOLLAO', 'EL CONDADO LA ROLDÓS EL CONSEJO PROVINCIAL', '0985100421', '2000-03-23'),
(253, 1, 1, 1, 'CUENCA CHANGA', 'MARLLORY ROCIO', 'CUENCA CHANGA MARLLORY ROCIO', '0605679810', 'marllorycuenca86@gmail.com', 'CUMBAYÁ', 'AV. PAMPITE Y VÍA INTEROCÉANICA', '0998158667', '2002-03-04'),
(254, 1, 2, 1, 'CHUNEZ BATALLAS', 'FIDEL MARCELO', 'CHUNEZ BATALLAS FIDEL MARCELO', '1002241709', 'fidel-chunez@hotmail.com', 'GUAJALÓ', 'AV.PEDRO VICENTE MALDONADO Y CUSUBAMBA', '0981398030', '1975-03-29'),
(255, 1, 1, 1, 'DIAZ CHILUISA', 'GINA CAROLINA', 'DIAZ CHILUISA GINA CAROLINA', '1728796515', '', '', '', '0986312623', '2003-01-25'),
(256, 1, 1, 1, 'DIAZ CHILUISA', 'LIZBETH  ABIGAIL', 'DIAZ CHILUISA LIZBETH  ABIGAIL', '1751172576', '', '', '', '0968115326', '1999-05-25'),
(257, 1, 2, 1, 'FUEREZ COYAGO', 'JOSE SANTOS', 'FUEREZ COYAGO JOSE SANTOS', '1751239953', 'santosfuerez@gmail.com', '', '', '0992111406', '2001-01-14'),
(258, 1, 1, 1, 'GUALOTO LASTRA', 'GENESIS MARIELA', 'GUALOTO LASTRA GENESIS MARIELA', '1727242776', '', '', '', '0997915833', '1999-04-11'),
(259, 1, 2, 1, 'JAMI MAZA', 'ROBERTO WASHINGTON', 'JAMI MAZA ROBERTO WASHINGTON', '1726662255', 'roberto172jami@gmail.com', 'LLANO CHICO', '17 DE SEPTIEMBRE Y ELIOT HUMBERTO HINOJOSA TUFIÑO', '0988522900', '1994-05-02'),
(260, 1, 1, 1, 'LEMA MORA', 'LOURDES TALIA', 'LEMA MORA LOURDES TALIA', '1750518035', '', '', '', '0995724804', '2004-01-17'),
(261, 1, 1, 1, 'LIDIOMA DIAS', 'MARIA DOLORES', 'LIDIOMA DIAS MARIA DOLORES', '0504172586', 'Marilynlidioma99@outlook.com', 'CARCELÉN BAJO', '', '0959190585', '1999-05-23'),
(262, 1, 1, 1, 'MAYACU ATZUTA', 'JESSICA TATIANA', 'MAYACU ATZUTA JESSICA TATIANA', '1723353999', '', '', '', '0992503302', '1993-06-15'),
(263, 1, 2, 1, 'MORAN CACHIMUEL', 'ZAYA ISRAEL', 'MORAN CACHIMUEL ZAYA ISRAEL', '1725704868', 'ismaelpmx100pre@gmail.com', '', 'AV. AMAZONAS Y JOAQUIN PINTO E540', '0988414627', '1998-06-09'),
(264, 1, 1, 1, 'MUESMUERAN JIMENEZ', 'ANGELICA MARIA', 'MUESMUERAN JIMENEZ ANGELICA MARIA', '1714433529', '', '', '', '0999051566', '1981-12-19'),
(265, 1, 1, 1, 'PABON USHIÑA', 'SILVIA JOSEFINA', 'PABON USHIÑA SILVIA JOSEFINA', '1718946682', '', '', '', '', '1986-06-14'),
(266, 1, 1, 1, 'PICHUCHO FERNANDEZ', 'JAZMIN ESTEFANIA', 'PICHUCHO FERNANDEZ JAZMIN ESTEFANIA', '1725685141', 'jazmin.99912@hotmail.com', 'COTOCOLLAO', 'LA LEGARDA Y SANTA MARIA OE-13', '0983078432', '1994-12-06'),
(267, 1, 2, 1, 'PILAGUANO CATOTA', 'JOSE LUIS', 'PILAGUANO CATOTA JOSE LUIS', '0504148727', 'Josepilaguano469@gmail.com', 'CHILLOGALLO', 'GARCÍA VALVERDE Y DIEGO BARBA', '0960614820', '2001-03-23'),
(268, 1, 2, 1, 'PUMA IBAZA', 'EDWIN PATRICIO', 'PUMA IBAZA EDWIN PATRICIO', '1004744338', '', 'COMITE DEL PUEBLO ', 'LA QUINTANDA ', '0968491275', '1997-08-27');
INSERT INTO `sw_estudiante` (`id_estudiante`, `id_tipo_documento`, `id_def_genero`, `id_def_nacionalidad`, `es_apellidos`, `es_nombres`, `es_nombre_completo`, `es_cedula`, `es_email`, `es_sector`, `es_direccion`, `es_telefono`, `es_fec_nacim`) VALUES
(269, 1, 1, 1, 'QUINCHIGUANGO CHILUISA', 'ANA KARINA', 'QUINCHIGUANGO CHILUISA ANA KARINA', '1720010303', 'anakarina1990mishijos@gmail.com', 'LA PULIDA', 'JORGE PIEDRA Y LEOPOLDO ARCOS OE13-319', '0939120770', '1990-08-01'),
(270, 1, 1, 1, 'QUISE USHIÑA', 'CAMILA ANDREA', 'QUISE USHIÑA CAMILA ANDREA', '1752185239', 'josequise1968@gmail.com', 'COCOTOG', 'CALLE BUENOS AIRES Y TANTALEO BARRIO SANTA ANA', '0993246097', '2004-02-20'),
(271, 1, 1, 1, 'ROMERO LEMA', 'ANA LUCIA', 'ROMERO LEMA ANA LUCIA', '1716856685', 'anitaromerobb86@gmail.com', 'MAGDALENA', 'CHILIBULO LA DOLOROSA ALTA OE-10-167', '0984928144', '1986-12-20'),
(272, 1, 1, 1, 'ROSADO GUILSE', 'LIDIA DEVERLLY', 'ROSADO GUILSE LIDIA DEVERLLY', '0951842418', '', 'DURÁN', '5 DE JUNIO BLOQUE G SOLAR 139', '0939690080', '1995-03-25'),
(273, 1, 2, 1, 'SANDOYA GUERRERO', 'DARWIN IVAN', 'SANDOYA GUERRERO DARWIN IVAN', '1103929632', 'darsand2011@hotmail.com', 'COTOCOLLAO', 'AV. LA PRENSA Y  RAMON CHIRIBOGA', '0987713729', '1983-12-28'),
(274, 1, 1, 1, 'ZAMBRANO LOOR', 'JOSSELYN BELEN', 'ZAMBRANO LOOR JOSSELYN BELEN', '1317488938', 'loorjosselyn6@gmail.com', 'ARMENIA', 'FACUNDO CABRAL S/N', '0984960894', '2003-12-27'),
(275, 1, 2, 1, 'BURBANO GUANGA', 'CESAR DAVID', 'BURBANO GUANGA CESAR DAVID', '1724263775', 'david-burbano-25@outlook.com', 'SAN ISIDRO DEL INCA', 'BUENOS AIRES', '0990185653', '1993-07-27'),
(276, 1, 1, 1, 'BURGOS MOREIRA', 'NARCISA JANETH', 'BURGOS MOREIRA NARCISA JANETH', '1723399448', 'jjanethburgos@gmail.com', 'CHAUPICRUZ', 'FRANCISCO DE LA PITA Y 9 TRANSVERSAL', '983514781', '1986-04-08'),
(277, 1, 1, 1, 'CACHIPUENDO MORALES', 'NATHALI PRISCILA', 'CACHIPUENDO MORALES NATHALI PRISCILA', '1727372409', 'prisilamorales88@gmail.com', '', '', '0986776740', '2001-02-07'),
(278, 1, 1, 1, 'CANO HERRERA', 'ZULY GABRIELA', 'CANO HERRERA ZULY GABRIELA', '1207801323', 'gabycano155@gmail.com', 'FERROVIARIA BAJA', 'GUALBERTO PÉREZ Y FRANCISCO HALL', '0963630182', '1994-07-02'),
(279, 1, 2, 1, 'DE LA CRUZ QUIÑONEZ', 'STUARDO EDELINO', 'DE LA CRUZ QUIÑONEZ STUARDO EDELINO', '0805141264', '', '', '', '0989504507', '1999-03-10'),
(280, 1, 1, 1, 'GONZALEZ CAMPO', 'MARIA ELIZABETH', 'GONZALEZ CAMPO MARIA ELIZABETH', '1725625279', '', '', '', '0988728255', '1997-10-06'),
(281, 1, 1, 1, 'JIMENEZ ABAD', 'MONICA LUCIA', 'JIMENEZ ABAD MONICA LUCIA', '1725746836', 'monicalucia12@outlook.com', 'LLANO CHICO', 'SAUCES Y OLIVOS', '0983058379', '1990-10-11'),
(282, 1, 1, 1, 'LLUMIGUSIN SANDOVAL', 'JESSICA MARIANA', 'LLUMIGUSIN SANDOVAL JESSICA MARIANA', '1725192312', 'tifajhoelromi@gmail.com', 'COTOCOLLAO', 'FRANCISCO ROMÁN Y CALLE E', '0958820402', '1989-07-30'),
(283, 1, 2, 1, 'MALES TITUAÑA', 'CARLOS ANDRES', 'MALES TITUAÑA CARLOS ANDRES', '1726834649', '', '', '', '0994527051', '1997-12-23'),
(284, 1, 2, 1, 'PEÑAFIEL MONCAYO', 'BRYAN FABRICIO', 'PEÑAFIEL MONCAYO BRYAN FABRICIO', '1725548364', 'liga_acme@hotmail.com', 'LLANO CHICO', 'SAUCES Y OLIVOS', '0963021542', '1996-02-16'),
(285, 1, 2, 1, 'PILLAJO QUIJIA', 'EDSON ALEXANDER', 'PILLAJO QUIJIA EDSON ALEXANDER', '1751533371', '', '', '', '0989182703', '2000-11-18'),
(286, 1, 1, 1, 'QUINTANILLA TUPIZA', 'ESPERANZA MARISOL', 'QUINTANILLA TUPIZA ESPERANZA MARISOL', '1727402701', 'solmarii943@gmail.com', 'TUMBACO', 'CALLE SAN FRANCISCO Y CARRIZAL JUSTO EN LA ESQUINA', '0985541191', '2000-04-17'),
(287, 1, 1, 1, 'SERAQUIVE CARRERA', 'PAOLA LIZBETH', 'SERAQUIVE CARRERA PAOLA LIZBETH', '1725255812', '', '', '', '0988198496', '1989-12-20'),
(288, 1, 1, 1, 'SOLORZANO SIMBAÑA', 'PAOLA CAROLINA', 'SOLORZANO SIMBAÑA PAOLA CAROLINA', '1755153861', '', '', '', '0991755433', '1998-09-14'),
(289, 1, 1, 1, 'SUAREZ CASTILLO', 'MARIBEL ALEXANDRA', 'SUAREZ CASTILLO MARIBEL ALEXANDRA', '1725624975', '', '', '', '0991286487', '2001-02-18'),
(290, 1, 2, 1, 'USIÑA ORTIZ', 'JUAN JOSE', 'USIÑA ORTIZ JUAN JOSE', '1726274820', '', '', '', '0999035115', '1991-07-02'),
(291, 1, 2, 1, 'VALDIVIEZO FALLAIN', 'CRISTIAN SEGUNDO', 'VALDIVIEZO FALLAIN CRISTIAN SEGUNDO', '1309269460', 'crismateo2007@hotmail.com', 'CHAUPICRUZ', 'JOSÉ PUERTA Y ELOY ALFARO', '0988781315', '1981-11-22'),
(292, 1, 1, 1, 'VASQUEZ DIAS', 'ALLISON BRIGITTE', 'VASQUEZ DIAS ALLISON BRIGITTE', '1750800482', '', '', '', '0969023395', '2001-08-14'),
(293, 1, 1, 1, 'VERA CHILA', 'BETTY ALEJANDRA', 'VERA CHILA BETTY ALEJANDRA', '1724178544', '', 'CARAPUNGO ', 'ETAPA E', '0998720071', '1988-01-01'),
(294, 1, 2, 1, 'ZAMBRANO SANCHEZ', 'JEFFERSON WLADIMIR', 'ZAMBRANO SANCHEZ JEFFERSON WLADIMIR', '1751155373', '', '', '', '0999831901', '2003-01-16'),
(295, 1, 1, 1, 'ZAMBRANO VALENCIA', 'ANGELA VIRGINIA', 'ZAMBRANO VALENCIA ANGELA VIRGINIA', '0924171465', 'angelizam_24@hotmail.com', '', '', '0958705800', '1998-08-02'),
(296, 1, 2, 1, 'ALBARRACIN AGURTO', 'JONATHAN DAVID', 'ALBARRACIN AGURTO JONATHAN DAVID', '1725620684', 'albarraanita@gmail.com', 'SAN ISIDRO DEL INCA', 'CALLE OLIVOS Y MINAS 48_208', '0985415667', '2001-08-21'),
(297, 1, 1, 1, 'CABEZAS SUAREZ', 'CAROLINA ROCIO', 'CABEZAS SUAREZ CAROLINA ROCIO', '1716333909', 'Carolinacabezassuarez@gmail.com', 'KENNEDY', 'ABELARDO MONTALVO Y FRANCISCO NIETO', '0988918680', '1982-01-11'),
(298, 1, 2, 1, 'COLCHA ALBA', 'LUIS FERNANDO', 'COLCHA ALBA LUIS FERNANDO', '1717090300', 'fernandocolchaalba@gmail.com', 'AMAGASÍ DEL INCA', 'CALLE LAS CAMELIAS E15-74 Y ANAGAES EX PARADA BUSES DEL EDEN', '0979473119', '1982-04-22'),
(299, 1, 2, 1, 'GUAJAN PERUGACHI', 'ANDY MATEO', 'GUAJAN PERUGACHI ANDY MATEO', '1751800259', '', '', '', '0989606395', '2000-07-07'),
(300, 1, 1, 1, 'GUERRA LOPEZ', 'TANIA NATHALY', 'GUERRA LOPEZ TANIA NATHALY', '1722515812', 'tatijoel88@gmail.com', 'ECUATORIANA', 'AV.MARTAR BUCARAN MARCO CHIRIBOGA Y FRANCISCO BECERRA CASA 1912', '0992220914', '1988-07-22'),
(301, 1, 1, 1, 'LECHON CALCAN', 'BLANCA DOLORES', 'LECHON CALCAN BLANCA DOLORES', '1718587940', 'blancalechon123@hotmail.com', '', '', '0990904598', '1984-08-23'),
(302, 1, 1, 1, 'PUJOTA  COLLAGUAZO', 'NANCY ELIZABETH', 'PUJOTA  COLLAGUAZO NANCY ELIZABETH', '1716914625', 'koga90210@hotmail.com', 'CARCELEN', 'PARQUES DEL RECUERDO OE2-137', '0992697007', '1985-02-16'),
(303, 1, 2, 1, 'PULLAY DAQUILEMA', 'LUIS HERNAN', 'PULLAY DAQUILEMA LUIS HERNAN', '0605339654', '', '', '', '0994073812', '1996-08-02'),
(304, 1, 1, 1, 'VIRACOCHA MUZO', 'MONICA DEL PILAR', 'VIRACOCHA MUZO MONICA DEL PILAR', '1712288404', 'Viracochamoni07@gmail.com', '', '', '968478233', '1976-05-02'),
(305, 1, 2, 1, 'YUMICEBA CRIOLLO', 'MANUEL', 'YUMICEBA CRIOLLO MANUEL', '1714427984', 'manuelyumicebacriollo@gmail.com.ec', 'COTOCOLLAO', 'ATUCUCHO SECTOR  LA ESCUELA', '0959738299', '1977-07-01'),
(306, 1, 1, 1, 'ACOSTA VENENAULA', 'MERCY NATHALY', 'ACOSTA VENENAULA MERCY NATHALY', '0107954190', 'nathiacosta54@gmail.com', 'COMITE DEL PUEBLO', 'CALLE FRANCISCO DE LA TORRE Y EUGENIO DELGADO', '0995832250', '1999-05-27'),
(307, 1, 1, 1, 'ACOSTA VENENAULA', 'PAMELA LIZBETH', 'ACOSTA VENENAULA PAMELA LIZBETH', '0107954414', 'acostavenenaula@gmail.com', 'COMITE DEL PUEBLO', 'CALLE MANUEL CARRILLO Y EUGENIO DELGADO', '0999710154', '1997-06-23'),
(308, 1, 1, 1, 'AGUAS CONGO', 'SONIA MARITZA', 'AGUAS CONGO SONIA MARITZA', '1717176695', 'Sonia.maritza1984@gmail.com', 'COCHAPAMBA', 'ATUCUCHO LA ESCUELA CALLE 17B', '0981868591', '1984-07-05'),
(309, 1, 1, 1, 'CADENA VIRACUCHA', 'DAISY ANAHI', 'CADENA VIRACUCHA DAISY ANAHI', '1753238417', 'cadenaviracuchad@gmail.com', 'SAN ISIDRO DEL INCA', 'TABLÓN SUR Y JOSÉ RICARDO CHIRIBOGA', '0959936906', '2001-07-09'),
(310, 1, 1, 1, 'CEPEDA SOLORZANO', 'FANNY ISABEL', 'CEPEDA SOLORZANO FANNY ISABEL', '1751285709', 'fannyxcepeda@gmail.com', '', '', ' 593 96 278 2944', '2001-02-01'),
(311, 1, 1, 1, 'COLUMBA SHIGUANGO', 'KATHERINE ARACELY', 'COLUMBA SHIGUANGO KATHERINE ARACELY', '1501047797', 'katycolshi@outlook.com', 'LLANO CHICO', 'LOS NOGALES -BELLA AURORA', '0988994848', '1995-09-15'),
(312, 1, 2, 1, 'FARIAS CEDEÑO', 'WILSON ANDRES', 'FARIAS CEDEÑO WILSON ANDRES', '1311388969', '?wilson1987farias@outlook.com', 'Cochapamba', 'LEGARDA Y CUARTA TRANSVERSAL', '0969321393', '1987-10-02'),
(313, 1, 2, 1, 'GARCIA CHUQUIMARCA', 'WAGNER DENNYS', 'GARCIA CHUQUIMARCA WAGNER DENNYS', '1722715081', '', 'COCHAPAMBA SUR', 'SAN FRANCISCO DE LA PITA', '0984600530', '1993-08-07'),
(314, 1, 1, 1, 'ILES FARINANGO', 'ELVIA XIMENA', 'ILES FARINANGO ELVIA XIMENA', '1004887707', 'ximenailes898@gmail.com', '', '', '0991211224', '2003-07-26'),
(315, 1, 2, 1, 'JAMI MACHAY', 'LUIS EDGAR', 'JAMI MACHAY LUIS EDGAR', '0504781063', '', '', '', '0981824607', '2001-12-20'),
(316, 1, 1, 1, 'QUINTUÑA LINCANGO', 'MAIRA LUCIA', 'QUINTUÑA LINCANGO MAIRA LUCIA', '1720307923', 'Flacalucia@hotmail.es', 'LLANO CHICO', 'MAXIMILIANO GALARZA ILUSIONES', '0986195283', '1984-12-20'),
(317, 1, 2, 1, 'REMACHE LOJA', 'JUAN LEONARDO', 'REMACHE LOJA JUAN LEONARDO', '0105873855', 'juuanremache@gmail.com', 'COMITÉ DEL PUEBLO', 'EUGENIO DELGADO Y MANUEL CARRILLO', '0999710146', '1997-09-01'),
(318, 1, 2, 1, 'SANDOVAL LECHON', 'LUIS ROLANDO', 'SANDOVAL LECHON LUIS ROLANDO', '1004338347', 'rolandosandoval1991@hotmail.com', '', '', '0969738874', '1991-07-26'),
(319, 1, 1, 1, 'TIRIRA FRAGA', 'VANESSA NATHALY', 'TIRIRA FRAGA VANESSA NATHALY', '1725150229', 'vanessa1995tirira@gmail.com', '', '', '0979219422', '1995-12-17'),
(320, 1, 1, 1, 'USIÑA ORTIZ', 'DINA GISSELA', 'USIÑA ORTIZ DINA GISSELA', '1726837204', 'gisselausina963@gmail.com', '', 'VALLE  DE  CARCELÉN', '0969709453', '1995-07-13'),
(321, 1, 1, 1, 'VASQUEZ NAPA', 'JENNIFFER ESTEFANIA', 'VASQUEZ NAPA JENNIFFER ESTEFANIA', '1754610002', 'Cedeodomeni@yahoo.com', 'COMITÉ DEL PUEBLO', 'WLADIMIR LENIN E17-70 Y DOLORES CACUANGO', '0989754462', '1996-05-04'),
(322, 1, 2, 1, 'ARAGON GONZALEZ', 'CARLOS FABIAN', 'ARAGON GONZALEZ CARLOS FABIAN', '1720473840', 'Link4702@gmail.com', 'CALDERÓN', 'CALIXTO MAZO Y CLEMENTE PULULA ESQ.', '0979232513', '1987-12-19'),
(323, 1, 1, 1, 'BOWEN SANCHEZ', 'LISSETTE ALEXANDRA', 'BOWEN SANCHEZ LISSETTE ALEXANDRA', '0928096957', '', '', '', '0999595013', '1999-02-22'),
(324, 1, 2, 1, 'CANENCIA COLUMBA', 'DAVID ALEXANDER', 'CANENCIA COLUMBA DAVID ALEXANDER', '1725860140', '', '', '', '0983953082', '2002-06-26'),
(325, 1, 1, 1, 'CARLOSAMA ILES', 'DIGNA VERONICA', 'CARLOSAMA ILES DIGNA VERONICA', '1050076635', 'carlosamaveronica@gmail.com', 'COMITE DEL PUEBLO', '6 DE JULIO', '0939512069', '1998-02-11'),
(326, 1, 1, 1, 'CASTAÑEDA MALDONADO', 'MISHELL ESTEFANIA', 'CASTAÑEDA MALDONADO MISHELL ESTEFANIA', '1725326019', 'Marthi-28@hotmail.com', 'LA ROLDÓS', 'SANTA TERESITA', '0979765818', '1997-12-05'),
(327, 1, 2, 1, 'DE LA CRUZ AÑAPA', 'JUAN CARLOS', 'DE LA CRUZ AÑAPA JUAN CARLOS', '1752417541', 'juandelacruz20@outlook.es', '', '', '0959249931', '1993-10-01'),
(328, 1, 2, 1, 'ESPINOZA ESPINOZA', 'ROMMEL FABRICIO', 'ESPINOZA ESPINOZA ROMMEL FABRICIO', '1751525369', '', '', '', '0939872811', '2001-01-22'),
(329, 1, 1, 1, 'FUEREZ PAGUAY', 'YAJAIRA LISBETH', 'FUEREZ PAGUAY YAJAIRA LISBETH', '1753988722', '', '', '', '0991181865', '2001-11-05'),
(330, 1, 2, 1, 'GOMEZ MOREIRA', 'AUSTIN JAVIER', 'GOMEZ MOREIRA AUSTIN JAVIER', '1313896902', 'javierfutballer@hotmail.com', 'EL CONDADO', 'N80A OE65', '0991976505', '1994-04-01'),
(331, 1, 2, 1, 'GUACHAMIN TASHIGUANO', 'CARLOS ANDRES', 'GUACHAMIN TASHIGUANO CARLOS ANDRES', '1725382228', '', '', '', '0969801790', '1999-06-11'),
(332, 1, 2, 1, 'JIMENEZ CHIRIAP', 'JOSE LUIS', 'JIMENEZ CHIRIAP JOSE LUIS', '1726234337', '', '', '', '0962871996', '1999-10-17'),
(333, 1, 1, 1, 'LOPEZ CERON', 'ADRIANA MISHELLE', 'LOPEZ CERON ADRIANA MISHELLE', '1726513201', '', '', '', '0958945554', '1996-07-31'),
(334, 1, 2, 1, 'LUGMAÑA TOAQUIZA', 'RICHARD EDUARDO', 'LUGMAÑA TOAQUIZA RICHARD EDUARDO', '1727338806', 'richardlugana35@gmail.com', 'COMUNA DE MIRAFLORES DENTRO DEL PARQ', 'CALLE A PASAJE E', '0982659163', '2002-07-05'),
(335, 1, 2, 1, 'LLUMITASIG LOGRO', 'EDISON PAUL', 'LLUMITASIG LOGRO EDISON PAUL', '0504753161', 'edisonllumitasig1999@gmail.com', 'SAN ISIDRO DEL INCA', 'FÉLIX BARREIRO PASAJE E17-A', '0992322950', '1999-03-06'),
(336, 1, 1, 1, 'MUELA CAIZA', 'DORIS LISETH', 'MUELA CAIZA DORIS LISETH', '1725194144', '', '', '', '0992916030', '2002-07-01'),
(337, 1, 1, 1, 'PILLAJO LASSO', 'KATHERINE DAYANA', 'PILLAJO LASSO KATHERINE DAYANA', '1725430456', 'katherine.p12deoctubre@gmail.com', 'AMAGASI DEL INCA', 'DE LOS NOGALES Y AMAGASI DEL INCA', '0978759999', '2001-08-17'),
(338, 1, 1, 1, 'PILLAJO LASSO', 'MARIBEL STEFANIA', 'PILLAJO LASSO MARIBEL STEFANIA', '1725430449', 'stefaniapillajo@hotmail.com', 'AMAGASÍ', 'LOS NOGALES Y AMAGASÍ DEL INCA', '0997420469', '1995-11-03'),
(339, 1, 2, 1, 'QUILLAY GUAMAN', 'JESUS ADRIAN', 'QUILLAY GUAMAN JESUS ADRIAN', '0605588110', '', '', '', '0969810631', '2002-01-15'),
(340, 1, 2, 1, 'SUAREZ INTRIAGO', 'MICHAEL JOSUE', 'SUAREZ INTRIAGO MICHAEL JOSUE', '1752578409', '', '', '', '0960281821', '2001-06-05'),
(341, 1, 2, 1, 'TOAZO QUELAL', 'JEFFERSON ALEXANDER', 'TOAZO QUELAL JEFFERSON ALEXANDER', '1752444180', '', '', '', '0979857823', '2002-11-20'),
(342, 1, 1, 1, 'VELEZ OCHOA', 'MARIA ANTONIA', 'VELEZ OCHOA MARIA ANTONIA', '1725077950', 'antoniavelez95@gmail.com', 'LA KENNEDY', 'LUIS CALISTO E7-39 Y MORLÁN', '0967193459', '1995-02-25'),
(343, 1, 1, 1, 'ALBARRACIN AGURTO', 'ANA MARGARITA', 'ALBARRACIN AGURTO ANA MARGARITA', '0703507855', 'albarranita@gmail.com', 'EL INCA', 'QUITO EN SAN ISIDRO DEL INCA OLIVOS Y MINAS N 48 _208', '0985415667', '1978-12-09'),
(344, 1, 2, 1, 'AMBAS GUALLASAMIN', 'PATRICIO RAFAEL', 'AMBAS GUALLASAMIN PATRICIO RAFAEL', '1723298376', 'patrell1205@gmail.com', 'BELISARIO QUEVEDO', 'DÍAS DE LA MADRID 2008 PEDRO PIERRE COUDRIN', '0998887224', '1991-05-12'),
(345, 1, 1, 1, 'BARZALLO CASERES', 'VERONICA PATRICIA', 'BARZALLO CASERES VERONICA PATRICIA', '1721584033', 'edgarnunes83@gmail.com', 'CHILLOGALLO', 'COOP.QUITO OCCIDENTAL ...PROFETA AGEO Y MANUELA CAÑIZARES', '0997693004', '1988-10-21'),
(346, 1, 1, 1, 'CAIZA VILLACRES', 'MARITZA SOLEDAD', 'CAIZA VILLACRES MARITZA SOLEDAD', '1725649451', 'chamitamary1992@gmail.com', 'CAMAL METROPOLITANO', 'CALLE PRINCIPAL: CAMILO DE OREJUELA CALLE SECUNDARIA:12 DE DICIE', '0984284177', '1992-01-30'),
(347, 1, 2, 1, 'CUYO VEGA', 'JOSE HUMBERTO', 'CUYO VEGA JOSE HUMBERTO', '0501953947', 'dilancuyo2003@gmail.com', 'IÑAQUITO', 'AV NACIONES UNIDAS Y JAPON', '0939279489', '1974-07-15'),
(348, 1, 2, 1, 'DURAN SARAGURO', 'JOSE DAVID', 'DURAN SARAGURO JOSE DAVID', '1711098044', 'josedavidduran71@gmail.com', 'CUENCA', 'MANUEL COELLO', '0985777818-74111681', '1971-12-06'),
(349, 1, 2, 1, 'GALARZA PORRAS', 'HENRY DAMIAN', 'GALARZA PORRAS HENRY DAMIAN', '1718488867', 'henry_baby25@hotmail.com', 'LA MAGDALENA', 'MARIANA JUAN ALEMANA  Y JOSE JORI', '0979002566', '1989-07-25'),
(350, 1, 1, 1, 'GAMBOA SANCHEZ', 'JOSELYN ELIANA', 'GAMBOA SANCHEZ JOSELYN ELIANA', '0931446637', 'elianagamboa88@gmail.com', 'CALDERÓN', 'SAN JUAN DE CALDERÓN BARRIO REINA DEL CISNE 1', '0961568919', '1991-09-28'),
(351, 1, 1, 1, 'GUEVARA YUPA', 'JOSELIN GISELLA', 'GUEVARA YUPA JOSELIN GISELLA', '0605243880', 'guevarajoselyn30@gmail.com', 'CUTUGLAGUA', 'SAN JOSÉ  DE CUTUGLAGUA', '0983534316', '2001-05-30'),
(352, 1, 2, 1, 'LECHON HERMOSA', 'EDISON PATRICIO', 'LECHON HERMOSA EDISON PATRICIO', '1721630257', 'domjuli599@gmail.com', 'QUITO', 'CALDERÓN', '0962216043/0963039920', '1992-01-18'),
(353, 1, 1, 1, 'MALES SUAREZ', 'LEONILA SOLEDAD', 'MALES SUAREZ LEONILA SOLEDAD', '1714479449', 'creacioneslar@gmail.com', 'LABOTA', 'LA BOTA WLADIMIR LENIN E1673 Y JONÁS ESCALANTE', '0983760254/23595350', '1980-02-14'),
(354, 1, 1, 1, 'MINDA BUITRON', 'MARIA MERCEDES', 'MINDA BUITRON MARIA MERCEDES', '1724010069', 'mindamercedes643@gmail.com', 'EL CONDADO', 'ME A 56 LT42', '0939186223', '1991-03-14'),
(355, 1, 1, 1, 'PALOMO TONATO', 'JOSSELYN SOFIA', 'PALOMO TONATO JOSSELYN SOFIA', '1753772878', 'josselynpalomo2@gmail.com', 'LA LIBERTAD', 'CALLE 16 DE MAYO Y CALLE 16 DE JUNIO', '0995855969', '2002-05-20'),
(356, 1, 2, 1, 'PIGUAVE SANCAN', 'PACO ARTURO', 'PIGUAVE SANCAN PACO ARTURO', '1714740436', 'arpiguave321@gmail.com', 'PISULI', 'PISULI TIWINZA LOTE 597 PASAJE 13', '0959620385/3396398', '1978-02-04'),
(357, 1, 2, 1, 'PILLISA TONATO', 'RAFAEL', 'PILLISA TONATO RAFAEL', '1716333552', 'rafaelpillisa18@gmail.com', 'TOCTIUCO', 'GASPAR CENTURIÓN OE 15 -28', '0984265543', '1979-08-12'),
(358, 1, 2, 1, 'PILLISA TONATO', 'WILLIAM GEOVANNY', 'PILLISA TONATO WILLIAM GEOVANNY', '1721443594', 'williangeovany1989@gmail.com', 'TOCTIUCO', 'JUAN JOSE SOTO Y ALVARO DE CEVALLOS', '0962994817', '1989-01-14'),
(359, 1, 2, 1, 'QUILCA PUMA', 'JOSE RAMON', 'QUILCA PUMA JOSE RAMON', '1002296505', 'josequilcavr@gmail.com', 'LLANO CHICO', 'LOS NOGALES', '0984772404', '1975-06-13'),
(360, 1, 1, 1, 'RIVERA MENDEZ', 'ELSA GABRIELA', 'RIVERA MENDEZ ELSA GABRIELA', '1727299271', 'riveraelsa048@gmail.com', 'SAN PEDRO DE TABOADA CALLE JUAN AUQU', 'SANGOLQUI SAN PEDRO DE TABOADA EL.PURUN CALLE JUAN AUQUI', '0958828979/0978600906', '1992-12-28'),
(361, 1, 1, 1, 'SANDOYA GUERRERO', 'DORA ESTHELA', 'SANDOYA GUERRERO DORA ESTHELA', '1718340852', 'sandoyadora@gmail.com', 'MIRAVALLE TANDA', 'ROMULO VALLEJO Y EUGENESIA ESPEJO', '0987543779/0962805955', '1985-05-18'),
(362, 1, 1, 1, 'SIMBAÑA SIMBAÑA', 'ELIZABETH PAULINA', 'SIMBAÑA SIMBAÑA ELIZABETH PAULINA', '1717878647', 'elizapauli1981@gmail.com', 'EL INCA', 'CUCARDAS E10-44 CONGONAS', '0979057698', '1981-10-05'),
(363, 1, 1, 1, 'TAMAY CRUZ', 'ODALIS GISSELA', 'TAMAY CRUZ ODALIS GISSELA', '1756198980', 'odalistamay@gmail.com', 'ADRIAN NAVARRO', 'FERROVIARIA MEDIA ADRIAN NAVARRO', '0990609226/0990128432', '2001-09-20'),
(364, 1, 2, 1, 'TOMALA LARA', 'ANTONIO MARTIN', 'TOMALA LARA ANTONIO MARTIN', '0917223893', 'tomalalara1976@gmail.com', 'EL RECREO', 'CDLA EL RECREO 4TA ETAPA MZ400 V14', '0958821117/0987647295', '1976-06-11'),
(365, 1, 1, 1, 'TUQUERES PERUGACHI', 'BLANCA CELINA', 'TUQUERES PERUGACHI BLANCA CELINA', '1726950387', 'blancatuqueres4@gmail.com', 'SAN MIGUEL DE CALDERÓN', 'PANAMERICANA NORTE KILÓMETRO 2 Y TANDAPI NO.S2-165', '0998226952/0984350859', '1990-09-12'),
(366, 1, 2, 1, 'VILLA SAMANIEGO', 'FERNANDO LUIS', 'VILLA SAMANIEGO FERNANDO LUIS', '1722894167', 'nandoluis.1991@hotmail.com', 'EL TEJAR', 'MARIANO ONTADENA', '0987109118', '1991-10-17'),
(367, 1, 2, 1, 'ZAMBRANO LOPEZ', 'CARLOS LEONARDO', 'ZAMBRANO LOPEZ CARLOS LEONARDO', '1309531067', 'czambranoiyg@gmail.com', 'CALDERÓN', 'MARIA DUCHICELA 1', '0994868580', '1977-06-10'),
(368, 4, 1, 1, 'VALVERDE TAIMAL', 'BLANCA LIDIA', 'VALVERDE TAIMAL BLANCA LIDIA', '1088589962', 'blancavalverde087@gmail.com', 'CARAPUNGO', 'CALLE PRINCIPAL GALO PLAZA ENTRE ISLA FLOREANA E ISLA PINTA ETAP', '0979194461/0983477335', '1987-06-12'),
(369, 1, 2, 1, 'AJILA SANTANA', 'PABLO MANUEL', 'AJILA SANTANA PABLO MANUEL', '1750535302', 'pablo25@gmail.com', 'LOTE 46', 'NUECES Y CANELOS', '0995472755/0963928202', '1993-10-25'),
(370, 1, 1, 1, 'ANCHUNDIA VALENCIA', 'ARCELIA MARISOL', 'ANCHUNDIA VALENCIA ARCELIA MARISOL', '1311457491', 'marysolanchundia@gmail.com', 'ANA MARIA', 'MARISCAL SUCRE Y CÉSAR VILLACRES', '0989996710-0988009911', '1982-04-01'),
(371, 1, 1, 1, 'ANGULO ARIAS', 'MONICA ELIZABETH', 'ANGULO ARIAS MONICA ELIZABETH', '1715708705', '', '', '', '0994247473', '1979-08-01'),
(372, 1, 1, 1, 'CACARIN PEÑA', 'MYRIAM DE LOS ANGELES', 'CACARIN PEÑA MYRIAM DE LOS ANGELES', '1719028613', 'myriam1719028613@gmail.com', 'SANTA ANITA DE COTOCOLLAO', 'BERNARDO DE LEGARDA N64-29 Y PASAJE A', '0980351904-0998626595', '1982-12-25'),
(373, 1, 1, 1, 'CAJAMARCA CORREA', 'CAROLINA ESTEFANIA', 'CAJAMARCA CORREA CAROLINA ESTEFANIA', '1721252664', 'carolinacc0618@gmail.com', 'LA COMUNA', '6TA TRANSVERSAL 171 Y HUMBERTO ALBORNOZ', '0984600089-0959155790', '1991-12-28'),
(374, 1, 1, 1, 'CEDEÑO BERMEO', 'SARA ELIZABETH', 'CEDEÑO BERMEO SARA ELIZABETH', '0918778119', 'elizabethbermeo74@gmail.com', 'LA GASCA', 'BARROS DE SAN MILLAN-N122', '0998272938', '1977-05-15'),
(375, 1, 2, 1, 'CONDO TAIPE', 'ANDERSON ISRAEL', 'CONDO TAIPE ANDERSON ISRAEL', '1727520023', 'condoanderson2@gmail.com', 'HIRBA BUENA #1', 'CHURA Y GUADUAL', '0984701421', '2001-03-01'),
(376, 1, 1, 1, 'CHALA OÑATE', 'ERELMA MARGOTH', 'CHALA OÑATE ERELMA MARGOTH', '1717921694', 'chalamargoth39@gmail.com', 'CARCELEN', 'CARCELEN BAJO CALLE N92B INTERSECCIÓN 8 CASA E7_106', '0998427440-0994108035', '1986-01-06'),
(377, 1, 1, 1, 'CHILUISA YUGCHA', 'JESSICA MARISOL', 'CHILUISA YUGCHA JESSICA MARISOL', '1754678751', 'derekadrian51119@gmail.com', 'LLANO CHICO', 'LA DOLOROSA E2-208 Y 2 DE AGOSTO', '0990734584-0983819996', '1996-12-12'),
(378, 1, 1, 1, 'FARFAN MORENO', 'JOHANNA MARIBEL', 'FARFAN MORENO JOHANNA MARIBEL', '1755206701', '', '', '', '0993817569', '2002-02-03'),
(379, 1, 1, 1, 'IÑEGUEZ ROA', 'VANESSA DEL CISNE', 'IÑEGUEZ ROA VANESSA DEL CISNE', '1105192700', 'alealdaz1719@gmail.com', 'POMASQUI', 'MANUEL CÓRDOBA GALARZA', '0968382287', '1990-01-31'),
(380, 1, 1, 1, 'LASO TACO', 'JOSSELYN DAYANA', 'LASO TACO JOSSELYN DAYANA', '1755171285', 'josselynlaso40@gmail.com', 'COMITÉ DEL PUEBLO', 'CARLOS FORTINES N84E', '0979022651', '2000-06-25'),
(381, 1, 1, 1, 'LATA YAUTIBUG', 'JHENY PATRICIA', 'LATA YAUTIBUG JHENY PATRICIA', '1725814857', 'jhenylata@outlook.com', 'ZAMBIZA', 'COCOTOG', '0980333130', '1988-09-23'),
(382, 1, 2, 1, 'MENDEZ GARCIA', 'LUIS ALEJANDRO', 'MENDEZ GARCIA LUIS ALEJANDRO', '0850317165', 'camila.esmeralda2005@gmail.com', 'QUITO', 'JORGE GARCÉS AV CARLOS DE SALA Y ALEJO HERRERA N: E14-30', '0997107571', '2001-07-23'),
(383, 1, 2, 1, 'OROZCO PAGUAY', 'STIVEN JOEL', 'OROZCO PAGUAY STIVEN JOEL', '0202454666', 'stivenorozco348@gmail.com', 'GUAMANI', 'CALLE 3 Y PASAJE ISRAEL', '0993990900-0986708723', '2002-01-21'),
(384, 1, 1, 1, 'PASTILLO QUILUMBAQUIN', 'MONICA BEATRIZ', 'PASTILLO QUILUMBAQUIN MONICA BEATRIZ', '1716580194', 'beautifulsonscore@hotmail.com', 'QUITO', 'BOSMEDIANO Y PASAJE BAQUERO L27', '0983591417', '1986-12-22'),
(385, 1, 1, 1, 'PILA MENESES', 'KATTERIN SUSANA', 'PILA MENESES KATTERIN SUSANA', '1725079691', 'casasangunaalexjavier@gmail.com', 'LLANO CHICO', 'ESTADIO DE LLANO CHICO', '0999884538-4500649', '1997-10-25'),
(386, 2, 2, 3, 'RODRIGUEZ PINO', 'IVERSON ALFONZO', 'RODRIGUEZ PINO IVERSON ALFONZO', '148979042', 'iverson.alfonzo12@gmail.com', 'QUITO', 'MIGUEL GAVIRIA- MAYAS', '0963360630-0961215452', '2001-12-02'),
(387, 1, 1, 1, 'ROMERO DELGADO', 'CARMEN DEL PILAR', 'ROMERO DELGADO CARMEN DEL PILAR', '1713528873', 'pilar_romerobaganty@hotmail.com', 'SAN JUAN DE CALDERON', 'FRANCISCO YAGUNA', '0987999245', '1972-10-05'),
(388, 1, 2, 1, 'SALAZAR TORRES', 'LEONEL VINICIO', 'SALAZAR TORRES LEONEL VINICIO', '1723267363', 'leotorres9003dj@gmail.com', 'TREBOLES DEL SUR', 'AV. LA COCHA Y CALLE E5C', '0983577225-0998802943', '1990-03-20'),
(389, 1, 1, 1, 'SUATUNSE SINGO', 'KATHERINE MISHELL', 'SUATUNSE SINGO KATHERINE MISHELL', '1719944017', 'collaguazod42@gmail.com', 'QUITO', '17 DES SEPTIEMBRE Y CARAPUNGO', '0998988549', '1998-11-12'),
(390, 1, 1, 1, 'TOAQUIZA JUNTA', 'MAYRA VIVIANA', 'TOAQUIZA JUNTA MAYRA VIVIANA', '1720107398', 'mayravivianatoaquiza1990@gmail.com', 'COMUNA MIRAFLORES', 'CALLE A PASAJE 4', '0981882954', '1990-02-23'),
(391, 1, 1, 1, 'TUQUERREZ QUIMBA', 'PATRICIA CAROLINA', 'TUQUERREZ QUIMBA PATRICIA CAROLINA', '1755499447', 'tuquerrezcarolina032@gmail.com', 'MENA 2', 'MENA 2 REINO DE QUITO CALLE PEDRO SABIO Y MOCOA', '0979479404-0995278255', '2001-03-26'),
(392, 1, 1, 1, 'VELEZ AMPUERO', 'JENNIFER CAROLINA', 'VELEZ AMPUERO JENNIFER CAROLINA', '1314491687', 'velezjennifer378@gmail.com', 'COMITÉ DEL PUEBLO', 'ANGEL ESPINOZA N64-299 Y ADOLFO KLINGER', '0968910942-0999978222', '1997-11-29'),
(393, 1, 1, 1, 'VERA GARCIA', 'MIRIAM DEL ROCIO', 'VERA GARCIA MIRIAM DEL ROCIO', '1716980808', 'mirian-vera30@hotmail.com', 'QUITO', 'GARCIA MORENO CONJUNTO PARQUE ALEGRE #152', '0982601157', '1981-11-07'),
(394, 1, 1, 1, 'VILLALOBOS DELGADO', 'MONICA GISSELA', 'VILLALOBOS DELGADO MONICA GISSELA', '1714964747', 'monyvillalobos12@hotmail.com', 'CARAPUNGO', 'ISLA DE LA PLATA CASA 12 MZ9', '0993476885-0993055129', '1978-04-12'),
(395, 1, 1, 1, 'ANCHALI FLORES', 'DAYSI PAMELA', 'ANCHALI FLORES DAYSI PAMELA', '1721920997', 'pamelaanchali4@gmail.com', 'LA LOMA GRANDE', 'ANTONIO DE RIVERA Y ROCAFUERTE', '0995493086-0979196424', '1998-11-27'),
(396, 1, 1, 1, 'ANGO CHUNGANDRO', 'CRISTINA ALEXANDRA', 'ANGO CHUNGANDRO CRISTINA ALEXANDRA', '1724687221', 'alexitha.1208@hotmail.com', 'LA MERCED', 'LA MERCED BARRIO SAN FRANCISCO CALLE SEÑOR DE LOS MILAGROS OE3 _', '0999680121', '1988-12-08'),
(397, 1, 2, 1, 'ARIAS TARCO', 'ALEX DARIO', 'ARIAS TARCO ALEX DARIO', '1752151512', 'ariastarcoalexdario@gmail.com', 'LLANO CHICO', 'LLANO CHICO _GUALO', '0978996176', '2001-11-20'),
(398, 1, 1, 1, 'BERMEO SARANGO', 'ROSA KATHERINE', 'BERMEO SARANGO ROSA KATHERINE', '1900736495', 'zaidbermeo_95@hotmail.com', 'CHIMBACALLE', 'ANTISANA Y CERRO CORAZÓN', '0959708119', '1990-05-16'),
(399, 1, 1, 1, 'CAIZA VERA', 'AMPARO CECILIA', 'CAIZA VERA AMPARO CECILIA', '1717007270', 'damian0508@hotmail.com', 'FERROVIARIA ALTA', 'CALLES EDUARDO MORLEY S 11- 305 Y RICARDO VALDIVIEZO', '0998869360 0987908074', '1979-11-26'),
(400, 1, 2, 1, 'CARRERA OSTAIZA', 'NIXON GABRIEL', 'CARRERA OSTAIZA NIXON GABRIEL', '1752500395', 'gabocarrera593@gmail.com', 'LA MARISCAL', '9 DE OCTUBRE  Y PASAJE JOSE MURILLO', '0990909721', '2000-12-28'),
(401, 1, 2, 1, 'CUASCOTA GUALAN', 'JULIO CESAR', 'CUASCOTA GUALAN JULIO CESAR', '1720983038', '', '', '', '0984351564', '1989-06-23'),
(402, 1, 1, 1, 'CHUGA SILVA', 'GABRIELA ESTEFANIA', 'CHUGA SILVA GABRIELA ESTEFANIA', '1722687355', 'gchuga519@gmail.com', 'CALDERONEN SAN JUAN', 'CARLOS MANTILLA - BARRIO SAN CARLOS', '0992784235', '1995-07-13'),
(403, 1, 2, 1, 'FLORES ARIAS', 'DENNIS ALEX', 'FLORES ARIAS DENNIS ALEX', '1751591551', 'floresariasdennisalex@gmail.com', 'QUITO', 'CALLE LOS GERANIOS', '0987231290', '2001-08-15'),
(404, 1, 2, 1, 'GREFA ANDI', 'KLEVER RICARDO', 'GREFA ANDI KLEVER RICARDO', '1500462609', 'klevergrefa45@gmail.com', 'CONDE', 'S38E TURUBAMBA Y SUSANA LETORT', '0958885109', '1973-12-09'),
(405, 1, 2, 1, 'LAINES PILATUÑA', 'EDISON MANUEL', 'LAINES PILATUÑA EDISON MANUEL', '1722898325', 'edisonlaines40@gmail.com', 'CONDADO', 'MENA DEL HIERRO SECTOR CONDADO', '0998274062-0999852048', '1991-12-24'),
(406, 1, 1, 1, 'NAPA BARRE', 'JENNIFER YAMILE', 'NAPA BARRE JENNIFER YAMILE', '1315672111', 'Jennifernapabarre@gmail.com', 'SAN CARLOS', 'PEDRO DE ALVARADO Y FERNÁNDEZ SALVADOR', '0987969149', '1999-09-11'),
(407, 1, 1, 1, 'OYAGATA SANTILLAN', 'JESSSICA ESTEFANIA', 'OYAGATA SANTILLAN JESSSICA ESTEFANIA', '1725023715', '', '', '', '0998871045', '2000-07-14'),
(408, 1, 2, 1, 'PILA GUANOLUISA', 'ERICK MICHAEL', 'PILA GUANOLUISA ERICK MICHAEL', '1755683503', 'erikpila2001@gmail.com', 'LA BATEA', 'NARIZ DEL DIABLO', '0992961321-0939231243', '2001-03-03'),
(409, 1, 1, 1, 'PILACUAN ZAVALA', 'PATRICIA ELISA', 'PILACUAN ZAVALA PATRICIA ELISA', '1723127682', 'rodrigomorocho593@gmail.com', 'COMITE DEL PUEBLO', 'CAMILO MORENO N64-186', '0990468158 0991757760', '1992-02-20'),
(410, 1, 2, 1, 'PILAY DELGADO', 'CRISTIAN DARIO', 'PILAY DELGADO CRISTIAN DARIO', '1727636787', 'nicolemedinaar@gmail.com', 'CARMEN BAJO', 'GALO PLAZA LASSO Y LOS OLIVOS', '0995329914-0961601402', '1995-07-27'),
(411, 1, 2, 1, 'TITUAÑA GUALOTO', 'JUAN CARLOS', 'TITUAÑA GUALOTO JUAN CARLOS', '1718457714', 'carlos.2832623@hotmail.com', 'LLANO CHICO', 'DE LOS NOGALES Y GRANADOS', '0994563898', '1985-03-25'),
(412, 1, 1, 1, 'TOCTAGUANO SIVINTA', 'KELLY YAJAHIRA', 'TOCTAGUANO SIVINTA KELLY YAJAHIRA', '1729162865', 'kelintoctaguano22@gmail.com', 'KENNEDY', '6 DE DICIEMBRE ÁLAMOS Y ALMERÍA N51-06', '0988256851 0983952921', '2003-05-18'),
(413, 1, 1, 1, 'TRONCOSO MERA', 'GEOMAIRA LIZBETH', 'TRONCOSO MERA GEOMAIRA LIZBETH', '1729184802', 'jhomairatroncoso01@gmail.com', 'LA ARGELIA', 'LA ARGELIA BAJA', '0961345330', '1999-09-01'),
(414, 1, 1, 1, 'VEGA VILLAR', 'CARMEN ROCIO', 'VEGA VILLAR CARMEN ROCIO', '1721098471', 'rociocarmenvega@gmail.com', 'CARAPUNGO', 'M LT 36 VIA A MORAN /LA ESPERANZA/CALDERÓN ( CARAPUNGO)- QUITO', '0995851497', '1985-08-27'),
(415, 1, 1, 1, 'VELEZ VITE', 'DAYANA NOEMI', 'VELEZ VITE DAYANA NOEMI', '1313706002', 'dayana99b@gmail.com', 'MITAD DEL MUNDO', 'PULULAHUA Y SHEYGUA', '0979857774', '1998-01-12'),
(416, 1, 1, 1, 'VILATUÑA TOAPANTA', 'ERIKA DAYANNA', 'VILATUÑA TOAPANTA ERIKA DAYANNA', '1753166790', 'erikpila2001@gmail.com', 'LA BATEA', 'NARIZ DEL DIABLO', '0992961421 0939231243', '2001-04-24'),
(417, 1, 1, 1, 'VILATUÑA TOAPANTA', 'MARJORIE ESTEFANY', 'VILATUÑA TOAPANTA MARJORIE ESTEFANY', '1723720049', 'marjorievilatuna@gmail.com', 'LA BATEA', 'NARIZ DEL DIABLO', '0992771028', '1994-06-22'),
(418, 1, 1, 1, 'VILLACRES RODRIGUEZ', 'MIRIAM SUSANA', 'VILLACRES RODRIGUEZ MIRIAM SUSANA', '1715775753', 'guanojhoana150@gmail.com', 'LA ECUATORIANA', 'CIUDADELA IBARRA  BARRIO  LA  MERCED', '0980959557', '1981-07-02'),
(419, 1, 2, 1, 'YUPANGUI DIAS', 'SANTIAGO BALTAZAR', 'YUPANGUI DIAS SANTIAGO BALTAZAR', '1755162326', 'santiagoyupangui617@gmail.com', 'QUITUMBE', 'TERRAZAS DE GUAJALO', '0984521593', '2000-08-15'),
(420, 1, 2, 1, 'ZUMARRAGA CAÑAR', 'RONNY ANDRES', 'ZUMARRAGA CAÑAR RONNY ANDRES', '1726192220', 'sebaszuma50@gmail.com', 'CALDERÓN', 'JULIO RAMOS N 170 Y MARÍA DUCHICELA', '0994744656 0979782558', '1999-05-03'),
(421, 1, 1, 1, 'ALTAMIRANO ESPINEL', 'MIRYAM GEOVANNA', 'ALTAMIRANO ESPINEL MIRYAM GEOVANNA', '1717582116', 'walterin008@gmail.com', 'KENNEDY', 'RAFAEL BUSTAMANTE Y DIOGENES PAREDES, BLOQUE 9 LA LUZ, DEPARTEME', '0983513001 / 22411729', '1980-11-11'),
(422, 1, 2, 1, 'CASTAÑEDA CORDOVA', 'GIOVANNY XAVIER', 'CASTAÑEDA CORDOVA GIOVANNY XAVIER', '1721168290', 'johanskt@hotmail.com', 'PUERTAS DEL SOL', 'DE LOS ACEITUNOS Y LAS AZALEAS LOTE 31', '0987303347', '1991-01-17'),
(423, 1, 1, 1, 'CONDOR VICENTE', 'MARIA INES', 'CONDOR VICENTE MARIA INES', '1713670519', 'ines71663@gmail.com', 'KENNEDY', 'CONGONAS # 366 Y CUCARDAS', '0983515169', '1997-04-13'),
(424, 1, 2, 1, 'MORALES PIEDRA', 'CRISTIAN MARCELO', 'MORALES PIEDRA CRISTIAN MARCELO', '1717212946', 'cristianmoralesp@hotmail.com', 'LLANO CHICO', 'CALLE PICHINCHA LT 82 Y CATAMAYO', '0981176632 / 0995639921', '1982-01-09'),
(425, 1, 1, 1, 'USHIÑA SIMBAÑA', 'GLADYS NOHEMI', 'USHIÑA SIMBAÑA GLADYS NOHEMI', '1722063995', 'alejandrosimbana36@gmail.com', 'LLANO CHICO', 'LATACUNGA Y GRAN COLOMBIA', '0967195739', '1990-11-17'),
(426, 1, 2, 1, 'AÑAPA QUIÑONEZ', 'LUIS MANUEL', 'AÑAPA QUIÑONEZ LUIS MANUEL', '1752485209', 'luis1752485209@gmail.com', 'NAYON', 'MANUELA SAENZ Y LUIS CARVAJAL', '0961697005', '1993-03-27'),
(427, 1, 1, 1, 'ARTEAGA DELGADO', 'INDELIRA YACQUELINE', 'ARTEAGA DELGADO INDELIRA YACQUELINE', '1725809105', 'jaqueline123arteaga@gmail.com', 'COTOCOLLAO', 'LA ROLDOS', '0985807818', '1992-08-10'),
(428, 1, 2, 1, 'DE LA CRUZ TOAPANTA', 'JHOSTYN STALIN', 'DE LA CRUZ TOAPANTA JHOSTYN STALIN', '1728811835', 'jhostyndelacruz47@gmail.com', 'EL BATÁN', 'AV ELOY ALFARO Y IÑAQUITO', '0990624142 / 0997048203', '2004-12-06'),
(429, 2, 2, 3, 'ECHEVERRIA ORTEGA', 'ALLAN IVERSON', 'ECHEVERRIA ORTEGA ALLAN IVERSON', '31637422', 'allanecheverria212@gmail.com', 'IÑAQUITO', 'DE LOS GRANADOS Y 6 DE DICIEMBRE', '096394235', '2005-06-06'),
(430, 1, 2, 1, 'MALES CHILUISA', 'LUIS FELIPE', 'MALES CHILUISA LUIS FELIPE', '1728966183', 'luismales2708@gmail.com', 'SAN ANTONIO', 'CASPIGASI', '0963015637 / 0980424470', '2001-08-27'),
(431, 1, 2, 1, 'QUINTERO MONTESDEOCA', 'GEOVANNY STUARD', 'QUINTERO MONTESDEOCA GEOVANNY STUARD', '1729326973', 'geovaquintero18@gmail.com', 'POMASQUI', 'CIUDAD BICENTENARIO', '0984260576', '2005-08-15'),
(432, 1, 1, 1, 'AMAGUAÑA ANGUAYA', 'VIRGINIA', 'AMAGUAÑA ANGUAYA VIRGINIA', '1715541858', 'virginiamaguana@gmail.com', 'COTOCOLLAO', 'VISTA HERMOSA N78-328', '0987646868 / 0989083988', '1978-11-06'),
(433, 1, 2, 1, 'CAICEDO PINCAY', 'SAILAS JAMMAL', 'CAICEDO PINCAY SAILAS JAMMAL', '2350161275', 'caicedojuan637@gmail.com', 'SAN ISIDRO DEL INCA', 'DE LOS CONGONAS 178 Y CUCARDAS', '0987160442', '2004-02-10'),
(434, 1, 1, 1, 'CASIGÑA REINO', 'MARIA TERESA', 'CASIGÑA REINO MARIA TERESA', '1710836634', 'terecasig@outlook.com', 'KENNEDY', 'AV DE LOS PINOS Y 10 DE AGOSTO', '0995882437 / 22030898', '1971-01-24'),
(435, 1, 2, 1, 'COLUMBA SHIGUANGO', 'LEANDRO ANDRES', 'COLUMBA SHIGUANGO LEANDRO ANDRES', '1550251308', 'columbaleandro7@gmail.com', 'LLANO CHICO', 'LOS NOGALES BELLA AURORA', '0962665191', '2001-06-17'),
(436, 1, 2, 1, 'COLLAGUAZO MARCATOMA', 'MARCO VINICIO', 'COLLAGUAZO MARCATOMA MARCO VINICIO', '0919572446', 'collaguasonm102@gmail.com', 'GUAJALO', 'GUAJALO', '0999547579', '1978-01-11'),
(437, 1, 1, 1, 'LOOR SOLORZANO', 'MAYRA TATIANA', 'LOOR SOLORZANO MAYRA TATIANA', '1753249562', 'loorluis791@gmail.com', 'CHAUPICRUZ', 'CALLE JOSE FELIX BARREIRO', '0998710338', '1974-07-29'),
(438, 1, 1, 1, 'MORALES ALPUSIG', 'MARIA CAMILA', 'MORALES ALPUSIG MARIA CAMILA', '1729163095', 'camilazeuskiara2003@gmail.com', 'SAN ISIDRO DEL INCA', 'CALLE LOS OLIVOS PASAJE', '0995162933', '2003-11-07'),
(439, 1, 2, 1, 'PADILLA UGSHA', 'CARLOS VINICIO', 'PADILLA UGSHA CARLOS VINICIO', '1719365510', 'carlos86vinicio@gmail.com', 'ZAMBIZA', 'JOSÉ RICARDO CHIRIBOGA CALLE F', '0939400245', '1986-10-06'),
(440, 1, 2, 1, 'PIANCHICHE TAPUYO', 'ANCELMO JAIME', 'PIANCHICHE TAPUYO ANCELMO JAIME', '0803928118', 'jaimerapuyo28@gmail.com', 'NAYON', 'ELOY ALFARO Y HUAYACA CAPAC', '0967620403', '1991-08-16'),
(441, 1, 1, 1, 'VIANA TREJO', 'ADELA ESPERANZA', 'VIANA TREJO ADELA ESPERANZA', '0401371455', 'mindamercedes6436@gmail.com', 'COTOCOLLAO', 'COMITÉ DEL PUEBLO', '0969307159', '1982-04-24'),
(442, 1, 1, 1, 'CACUANGO CHUGA', 'IRMA MARIBEL', 'CACUANGO CHUGA IRMA MARIBEL', '1002768222', 'marycacuango.1983@gmail.com', 'CARCELÉN', 'PASAJE 24 N92', '0999190941 / 0969716925', '1983-07-04'),
(443, 1, 1, 1, 'CUSME CARRASCO', 'ERIKA XIMENA', 'CUSME CARRASCO ERIKA XIMENA', '1313579938', 'erikacusme1998@gmail.com', 'BOYACA', 'EL MORLAN', '0993160842', '1998-07-27'),
(444, 2, 1, 3, 'MONTEROLA PADRÓN  ', 'ANYILETH CAROLINA ', 'MONTEROLA PADRÓN   ANYILETH CAROLINA ', '6225030920', 'carolsmith.14.a@gmail.com', 'ARUPOS II', 'AV. FLORIDA Y LOS YUMBOS', '0939236776', '0000-00-00'),
(445, 2, 1, 1, 'TIMOTE CHICO ', 'MARIA ALEJANDRA', 'TIMOTE CHICO  MARIA ALEJANDRA', '155056647', 'marytimotecgico@gmail.com', 'IÑAQUITO ', 'EL TIEMPO Y PASAJE MONACO', '0979351190', '0000-00-00');

-- --------------------------------------------------------

--
-- Estructura de tabla para la tabla `sw_estudiante_periodo_lectivo`
--

CREATE TABLE `sw_estudiante_periodo_lectivo` (
  `id_estudiante_periodo_lectivo` int(11) UNSIGNED NOT NULL,
  `id_estudiante` int(11) UNSIGNED NOT NULL,
  `id_periodo_lectivo` int(11) UNSIGNED NOT NULL,
  `id_paralelo` int(11) UNSIGNED NOT NULL,
  `es_estado` char(1) NOT NULL,
  `es_retirado` varchar(1) NOT NULL,
  `nro_matricula` int(11) UNSIGNED NOT NULL,
  `activo` int(1) UNSIGNED NOT NULL
) ENGINE=InnoDB DEFAULT CHARSET=utf8 COLLATE=utf8_general_ci;

--
-- Volcado de datos para la tabla `sw_estudiante_periodo_lectivo`
--

INSERT INTO `sw_estudiante_periodo_lectivo` (`id_estudiante_periodo_lectivo`, `id_estudiante`, `id_periodo_lectivo`, `id_paralelo`, `es_estado`, `es_retirado`, `nro_matricula`, `activo`) VALUES
(1, 1, 1, 1, 'N', 'N', 1, 1),
(2, 2, 1, 1, 'N', 'N', 2, 1),
(3, 3, 1, 1, 'N', 'N', 3, 1),
(4, 4, 1, 1, 'N', 'N', 4, 1),
(5, 5, 1, 1, 'N', 'N', 5, 1),
(6, 6, 1, 1, 'N', 'N', 6, 1),
(7, 7, 1, 1, 'N', 'N', 7, 1),
(8, 8, 1, 1, 'N', 'N', 8, 0),
(9, 9, 1, 1, 'N', 'N', 9, 1),
(10, 10, 1, 1, 'N', 'N', 10, 1),
(11, 11, 1, 1, 'N', 'N', 11, 1),
(12, 12, 1, 1, 'N', 'N', 12, 1),
(13, 13, 1, 1, 'N', 'N', 13, 1),
(14, 14, 1, 1, 'N', 'N', 14, 1),
(15, 15, 1, 1, 'N', 'N', 15, 1),
(16, 16, 1, 1, 'N', 'N', 16, 1),
(17, 17, 1, 1, 'N', 'N', 17, 1),
(18, 18, 1, 1, 'N', 'N', 18, 1),
(19, 19, 1, 1, 'N', 'N', 19, 1),
(20, 20, 1, 2, 'N', 'N', 20, 1),
(21, 21, 1, 2, 'N', 'N', 21, 1),
(22, 22, 1, 2, 'N', 'N', 22, 1),
(23, 23, 1, 2, 'N', 'N', 23, 1),
(24, 24, 1, 2, 'N', 'N', 24, 1),
(25, 25, 1, 2, 'N', 'N', 25, 1),
(26, 26, 1, 2, 'N', 'N', 26, 1),
(27, 27, 1, 2, 'N', 'N', 27, 1),
(28, 28, 1, 2, 'N', 'N', 28, 1),
(29, 29, 1, 2, 'N', 'N', 29, 1),
(30, 30, 1, 2, 'N', 'N', 30, 1),
(31, 31, 1, 2, 'N', 'N', 31, 1),
(32, 32, 1, 2, 'N', 'N', 32, 1),
(33, 33, 1, 2, 'N', 'N', 33, 1),
(34, 34, 1, 3, 'N', 'N', 34, 1),
(35, 35, 1, 3, 'N', 'N', 35, 1),
(36, 36, 1, 3, 'N', 'N', 36, 1),
(37, 37, 1, 3, 'N', 'N', 37, 1),
(38, 38, 1, 3, 'N', 'N', 38, 1),
(39, 39, 1, 3, 'N', 'N', 39, 1),
(40, 40, 1, 3, 'N', 'N', 40, 1),
(41, 41, 1, 1, 'N', 'N', 41, 1),
(42, 42, 1, 1, 'N', 'N', 42, 1),
(43, 43, 1, 1, 'N', 'N', 43, 1),
(44, 44, 1, 1, 'N', 'N', 44, 1),
(45, 45, 1, 1, 'N', 'N', 45, 1),
(46, 46, 1, 1, 'N', 'N', 46, 1),
(47, 47, 1, 1, 'N', 'N', 47, 1),
(48, 48, 1, 1, 'N', 'N', 48, 1),
(49, 49, 1, 1, 'N', 'N', 49, 1),
(50, 50, 1, 1, 'N', 'N', 50, 1),
(51, 51, 1, 1, 'N', 'N', 51, 1),
(52, 52, 1, 1, 'N', 'N', 52, 1),
(53, 53, 1, 1, 'N', 'N', 53, 1),
(54, 54, 1, 1, 'N', 'N', 54, 1),
(55, 55, 1, 1, 'N', 'N', 55, 1),
(56, 56, 1, 1, 'N', 'N', 56, 1),
(57, 57, 1, 3, 'N', 'N', 57, 1),
(58, 58, 1, 3, 'N', 'N', 58, 1),
(59, 59, 1, 3, 'N', 'N', 59, 1),
(60, 60, 1, 3, 'N', 'N', 60, 1),
(61, 61, 1, 3, 'N', 'N', 61, 1),
(62, 62, 1, 3, 'N', 'N', 62, 1),
(63, 63, 1, 3, 'N', 'N', 63, 1),
(64, 64, 1, 3, 'N', 'N', 64, 1),
(65, 65, 1, 3, 'N', 'N', 65, 1),
(66, 66, 1, 3, 'N', 'N', 66, 1),
(67, 67, 1, 3, 'N', 'N', 67, 1),
(68, 68, 1, 3, 'N', 'N', 68, 1),
(69, 69, 1, 4, 'N', 'N', 69, 1),
(70, 70, 1, 4, 'N', 'N', 70, 1),
(71, 71, 1, 4, 'N', 'N', 71, 1),
(72, 72, 1, 4, 'N', 'N', 72, 1),
(73, 73, 1, 4, 'N', 'N', 73, 1),
(74, 74, 1, 4, 'N', 'N', 74, 1),
(75, 75, 1, 4, 'N', 'N', 75, 1),
(76, 76, 1, 4, 'N', 'N', 76, 1),
(77, 77, 1, 4, 'N', 'N', 77, 1),
(78, 78, 1, 4, 'N', 'N', 78, 1),
(79, 79, 1, 4, 'N', 'N', 79, 1),
(80, 80, 1, 4, 'N', 'N', 80, 1),
(81, 81, 1, 4, 'N', 'N', 81, 1),
(82, 82, 1, 4, 'N', 'N', 82, 1),
(83, 83, 1, 4, 'N', 'N', 83, 1),
(84, 84, 1, 4, 'N', 'N', 84, 1),
(85, 85, 1, 4, 'N', 'N', 85, 1),
(86, 86, 1, 4, 'N', 'N', 86, 1),
(87, 87, 1, 4, 'N', 'N', 87, 1),
(88, 88, 1, 4, 'N', 'N', 88, 1),
(89, 89, 1, 4, 'N', 'N', 89, 1),
(90, 90, 1, 4, 'N', 'N', 90, 1),
(91, 91, 1, 4, 'N', 'N', 91, 1),
(92, 92, 1, 4, 'N', 'N', 92, 1),
(93, 93, 1, 4, 'N', 'N', 93, 1),
(94, 94, 1, 5, 'N', 'N', 94, 1),
(95, 95, 1, 5, 'N', 'N', 95, 1),
(96, 96, 1, 5, 'N', 'N', 96, 1),
(97, 97, 1, 5, 'N', 'N', 97, 1),
(98, 98, 1, 5, 'N', 'N', 98, 1),
(99, 99, 1, 5, 'N', 'N', 99, 1),
(100, 100, 1, 5, 'N', 'N', 100, 1),
(101, 101, 1, 5, 'N', 'N', 101, 1),
(102, 102, 1, 5, 'N', 'N', 102, 1),
(103, 103, 1, 5, 'N', 'N', 103, 1),
(104, 104, 1, 5, 'N', 'N', 104, 1),
(105, 105, 1, 5, 'N', 'N', 105, 1),
(106, 106, 1, 5, 'N', 'N', 106, 1),
(107, 107, 1, 5, 'N', 'N', 107, 1),
(108, 108, 1, 5, 'N', 'N', 108, 1),
(109, 109, 1, 5, 'N', 'N', 109, 1),
(110, 110, 1, 5, 'N', 'N', 110, 1),
(111, 111, 1, 5, 'N', 'N', 111, 1),
(112, 112, 1, 5, 'N', 'N', 112, 1),
(113, 113, 1, 5, 'N', 'N', 113, 1),
(114, 114, 1, 5, 'N', 'N', 114, 1),
(115, 115, 1, 5, 'N', 'N', 115, 1),
(116, 116, 1, 5, 'N', 'N', 116, 1),
(117, 117, 1, 5, 'N', 'N', 117, 1),
(118, 118, 1, 5, 'N', 'N', 118, 1),
(119, 119, 1, 6, 'N', 'N', 119, 1),
(120, 120, 1, 6, 'N', 'N', 120, 1),
(121, 121, 1, 6, 'N', 'N', 121, 1),
(122, 122, 1, 6, 'N', 'N', 122, 1),
(123, 123, 1, 6, 'N', 'N', 123, 1),
(124, 124, 1, 6, 'N', 'N', 124, 1),
(125, 125, 1, 6, 'N', 'N', 125, 1),
(126, 126, 1, 6, 'N', 'N', 126, 1),
(127, 127, 1, 6, 'N', 'N', 127, 1),
(128, 128, 1, 6, 'N', 'N', 128, 1),
(129, 129, 1, 6, 'N', 'N', 129, 1),
(130, 130, 1, 6, 'N', 'N', 130, 1),
(131, 131, 1, 6, 'N', 'N', 131, 1),
(132, 132, 1, 6, 'N', 'N', 132, 1),
(133, 133, 1, 6, 'N', 'N', 133, 1),
(134, 134, 1, 6, 'N', 'N', 134, 1),
(135, 135, 1, 6, 'N', 'N', 135, 1),
(136, 136, 1, 7, 'N', 'N', 136, 1),
(137, 137, 1, 7, 'N', 'N', 137, 1),
(138, 138, 1, 7, 'N', 'N', 138, 1),
(139, 139, 1, 7, 'N', 'N', 139, 1),
(140, 140, 1, 7, 'N', 'N', 140, 1),
(141, 141, 1, 7, 'N', 'N', 141, 1),
(142, 142, 1, 7, 'N', 'N', 142, 1),
(143, 143, 1, 7, 'N', 'N', 143, 1),
(144, 144, 1, 7, 'N', 'N', 144, 1),
(145, 145, 1, 7, 'N', 'N', 145, 1),
(146, 146, 1, 7, 'N', 'N', 146, 1),
(147, 147, 1, 7, 'N', 'N', 147, 1),
(148, 148, 1, 7, 'N', 'N', 148, 1),
(149, 149, 1, 7, 'N', 'N', 149, 1),
(150, 150, 1, 7, 'N', 'N', 150, 1),
(151, 151, 1, 7, 'N', 'N', 151, 1),
(152, 152, 1, 7, 'N', 'N', 152, 1),
(153, 153, 1, 7, 'N', 'N', 153, 1),
(154, 154, 1, 7, 'N', 'N', 154, 1),
(155, 155, 1, 7, 'N', 'N', 155, 1),
(156, 156, 1, 7, 'N', 'N', 156, 1),
(157, 157, 1, 7, 'N', 'N', 157, 1),
(158, 158, 1, 7, 'N', 'N', 158, 1),
(159, 159, 1, 7, 'N', 'N', 159, 1),
(160, 160, 1, 7, 'N', 'N', 160, 1),
(161, 161, 1, 8, 'N', 'N', 161, 1),
(162, 162, 1, 8, 'N', 'N', 162, 1),
(163, 163, 1, 8, 'N', 'N', 163, 1),
(164, 164, 1, 8, 'N', 'N', 164, 1),
(165, 165, 1, 8, 'N', 'N', 165, 1),
(166, 166, 1, 8, 'N', 'N', 166, 1),
(167, 167, 1, 8, 'N', 'N', 167, 1),
(168, 168, 1, 8, 'N', 'N', 168, 1),
(169, 169, 1, 8, 'N', 'N', 169, 1),
(170, 170, 1, 8, 'N', 'N', 170, 1),
(171, 171, 1, 8, 'N', 'N', 171, 1),
(172, 172, 1, 8, 'N', 'N', 172, 1),
(173, 173, 1, 8, 'N', 'N', 173, 1),
(174, 174, 1, 8, 'N', 'N', 174, 1),
(175, 175, 1, 8, 'N', 'N', 175, 1),
(176, 176, 1, 8, 'N', 'N', 176, 1),
(177, 177, 1, 8, 'N', 'N', 177, 1),
(178, 178, 1, 8, 'N', 'N', 178, 1),
(179, 179, 1, 8, 'N', 'N', 179, 1),
(180, 180, 1, 8, 'N', 'N', 180, 1),
(181, 181, 1, 8, 'N', 'N', 181, 1),
(182, 182, 1, 8, 'N', 'N', 182, 1),
(183, 183, 1, 8, 'N', 'N', 183, 1),
(184, 184, 1, 8, 'N', 'N', 184, 1),
(185, 185, 1, 8, 'N', 'N', 185, 1),
(186, 186, 1, 8, 'N', 'N', 186, 1),
(187, 187, 1, 8, 'N', 'N', 187, 1),
(188, 188, 1, 8, 'N', 'N', 188, 1),
(189, 189, 1, 8, 'N', 'N', 189, 1),
(190, 190, 1, 8, 'N', 'N', 190, 1),
(191, 191, 1, 8, 'N', 'N', 191, 1),
(192, 192, 1, 8, 'N', 'N', 192, 1),
(193, 193, 1, 8, 'N', 'N', 193, 1),
(194, 194, 1, 8, 'N', 'N', 194, 1),
(195, 195, 1, 8, 'N', 'N', 195, 1),
(196, 196, 1, 8, 'N', 'N', 196, 1),
(197, 197, 1, 9, 'N', 'N', 197, 1),
(198, 198, 1, 9, 'N', 'N', 198, 1),
(199, 199, 1, 9, 'N', 'N', 199, 1),
(200, 200, 1, 9, 'N', 'N', 200, 1),
(201, 201, 1, 9, 'N', 'N', 201, 1),
(202, 202, 1, 9, 'N', 'N', 202, 1),
(203, 203, 1, 9, 'N', 'N', 203, 1),
(204, 204, 1, 9, 'N', 'N', 204, 1),
(205, 205, 1, 9, 'N', 'N', 205, 1),
(206, 206, 1, 9, 'N', 'N', 206, 1),
(207, 207, 1, 9, 'N', 'N', 207, 1),
(208, 208, 1, 9, 'N', 'N', 208, 1),
(209, 209, 1, 9, 'N', 'N', 209, 1),
(210, 210, 1, 9, 'N', 'N', 210, 1),
(211, 211, 1, 9, 'N', 'N', 211, 1),
(212, 212, 1, 9, 'N', 'N', 212, 1),
(213, 213, 1, 9, 'N', 'N', 213, 1),
(214, 214, 1, 9, 'N', 'N', 214, 1),
(215, 215, 1, 9, 'N', 'N', 215, 1),
(216, 216, 1, 9, 'N', 'N', 216, 1),
(217, 217, 1, 9, 'N', 'N', 217, 1),
(218, 218, 1, 9, 'N', 'N', 218, 1),
(219, 219, 1, 9, 'N', 'N', 219, 1),
(220, 220, 1, 9, 'N', 'N', 220, 1),
(221, 221, 1, 9, 'N', 'N', 221, 1),
(222, 222, 1, 9, 'N', 'N', 222, 1),
(223, 223, 1, 9, 'N', 'N', 223, 1),
(224, 224, 1, 9, 'N', 'N', 224, 1),
(225, 225, 1, 9, 'N', 'N', 225, 1),
(226, 226, 1, 9, 'N', 'N', 226, 1),
(227, 227, 1, 9, 'N', 'N', 227, 1),
(228, 228, 1, 9, 'N', 'N', 228, 1),
(229, 229, 1, 9, 'N', 'N', 229, 1),
(230, 230, 1, 9, 'N', 'N', 230, 1),
(231, 231, 1, 9, 'N', 'N', 231, 1),
(232, 232, 1, 9, 'N', 'N', 232, 1),
(233, 233, 1, 10, 'N', 'N', 233, 1),
(234, 234, 1, 10, 'N', 'N', 234, 1),
(235, 235, 1, 10, 'N', 'N', 235, 1),
(236, 236, 1, 10, 'N', 'N', 236, 1),
(237, 237, 1, 10, 'N', 'N', 237, 1),
(238, 238, 1, 10, 'N', 'N', 238, 1),
(239, 239, 1, 10, 'N', 'N', 239, 1),
(240, 240, 1, 10, 'N', 'N', 240, 1),
(241, 241, 1, 10, 'N', 'N', 241, 1),
(242, 242, 1, 10, 'N', 'N', 242, 1),
(243, 243, 1, 10, 'N', 'N', 243, 1),
(244, 244, 1, 10, 'N', 'N', 244, 1),
(245, 245, 1, 10, 'N', 'N', 245, 1),
(246, 246, 1, 10, 'N', 'N', 246, 1),
(247, 247, 1, 10, 'N', 'N', 247, 1),
(248, 248, 1, 10, 'N', 'N', 248, 1),
(249, 249, 1, 10, 'N', 'N', 249, 1),
(250, 250, 1, 10, 'N', 'N', 250, 1),
(251, 251, 1, 10, 'N', 'N', 251, 1),
(252, 252, 1, 11, 'N', 'N', 252, 1),
(253, 253, 1, 11, 'N', 'N', 253, 1),
(254, 254, 1, 11, 'N', 'N', 254, 1),
(255, 255, 1, 11, 'N', 'N', 255, 1),
(256, 256, 1, 11, 'N', 'N', 256, 1),
(257, 257, 1, 11, 'N', 'N', 257, 1),
(258, 258, 1, 11, 'N', 'N', 258, 1),
(259, 259, 1, 11, 'N', 'N', 259, 1),
(260, 260, 1, 11, 'N', 'N', 260, 1),
(261, 261, 1, 11, 'N', 'N', 261, 1),
(262, 262, 1, 11, 'N', 'N', 262, 1),
(263, 263, 1, 11, 'N', 'N', 263, 1),
(264, 264, 1, 11, 'N', 'N', 264, 1),
(265, 265, 1, 11, 'N', 'N', 265, 1),
(266, 266, 1, 11, 'N', 'N', 266, 1),
(267, 267, 1, 11, 'N', 'N', 267, 1),
(268, 268, 1, 11, 'N', 'N', 268, 1),
(269, 269, 1, 11, 'N', 'N', 269, 1),
(270, 270, 1, 11, 'N', 'N', 270, 1),
(271, 271, 1, 11, 'N', 'N', 271, 1),
(272, 272, 1, 11, 'N', 'N', 272, 1),
(273, 273, 1, 11, 'N', 'N', 273, 1),
(274, 274, 1, 11, 'N', 'N', 274, 1),
(275, 275, 1, 12, 'N', 'N', 275, 1),
(276, 276, 1, 12, 'N', 'N', 276, 1),
(277, 277, 1, 12, 'N', 'N', 277, 1),
(278, 278, 1, 12, 'N', 'N', 278, 1),
(279, 279, 1, 12, 'N', 'N', 279, 1),
(280, 280, 1, 12, 'N', 'N', 280, 1),
(281, 281, 1, 12, 'N', 'N', 281, 1),
(282, 282, 1, 12, 'N', 'N', 282, 1),
(283, 283, 1, 12, 'N', 'N', 283, 1),
(284, 284, 1, 12, 'N', 'N', 284, 1),
(285, 285, 1, 12, 'N', 'N', 285, 1),
(286, 286, 1, 12, 'N', 'N', 286, 1),
(287, 287, 1, 12, 'N', 'N', 287, 1),
(288, 288, 1, 12, 'N', 'N', 288, 1),
(289, 289, 1, 12, 'N', 'N', 289, 1),
(290, 290, 1, 12, 'N', 'N', 290, 1),
(291, 291, 1, 12, 'N', 'N', 291, 1),
(292, 292, 1, 12, 'N', 'N', 292, 1),
(293, 293, 1, 12, 'N', 'N', 293, 1),
(294, 294, 1, 12, 'N', 'N', 294, 1),
(295, 295, 1, 12, 'N', 'N', 295, 1),
(296, 296, 1, 13, 'N', 'N', 296, 1),
(297, 297, 1, 13, 'N', 'N', 297, 1),
(298, 298, 1, 13, 'N', 'N', 298, 1),
(299, 299, 1, 13, 'N', 'N', 299, 1),
(300, 300, 1, 13, 'N', 'N', 300, 1),
(301, 301, 1, 13, 'N', 'N', 301, 1),
(302, 302, 1, 13, 'N', 'N', 302, 1),
(303, 303, 1, 13, 'N', 'N', 303, 1),
(304, 304, 1, 13, 'N', 'N', 304, 1),
(305, 305, 1, 13, 'N', 'N', 305, 1),
(306, 306, 1, 14, 'N', 'N', 306, 1),
(307, 307, 1, 14, 'N', 'N', 307, 1),
(308, 308, 1, 14, 'N', 'N', 308, 1),
(309, 309, 1, 14, 'N', 'N', 309, 1),
(310, 310, 1, 14, 'N', 'N', 310, 1),
(311, 311, 1, 14, 'N', 'N', 311, 1),
(312, 312, 1, 14, 'N', 'N', 312, 1),
(313, 313, 1, 14, 'N', 'N', 313, 1),
(314, 314, 1, 14, 'N', 'N', 314, 1),
(315, 315, 1, 14, 'N', 'N', 315, 1),
(316, 316, 1, 14, 'N', 'N', 316, 1),
(317, 317, 1, 14, 'N', 'N', 317, 1),
(318, 318, 1, 14, 'N', 'N', 318, 1),
(319, 319, 1, 14, 'N', 'N', 319, 1),
(320, 320, 1, 14, 'N', 'N', 320, 1),
(321, 321, 1, 14, 'N', 'N', 321, 1),
(322, 322, 1, 15, 'N', 'N', 322, 1),
(323, 323, 1, 15, 'N', 'N', 323, 1),
(324, 324, 1, 15, 'N', 'N', 324, 1),
(325, 325, 1, 15, 'N', 'N', 325, 1),
(326, 326, 1, 15, 'N', 'N', 326, 1),
(327, 327, 1, 15, 'N', 'N', 327, 1),
(328, 328, 1, 15, 'N', 'N', 328, 1),
(329, 329, 1, 15, 'N', 'N', 329, 1),
(330, 330, 1, 15, 'N', 'N', 330, 1),
(331, 331, 1, 15, 'N', 'N', 331, 1),
(332, 332, 1, 15, 'N', 'N', 332, 1),
(333, 333, 1, 15, 'N', 'N', 333, 1),
(334, 334, 1, 15, 'N', 'N', 334, 1),
(335, 335, 1, 15, 'N', 'N', 335, 1),
(336, 336, 1, 15, 'N', 'N', 336, 1),
(337, 337, 1, 15, 'N', 'N', 337, 1),
(338, 338, 1, 15, 'N', 'N', 338, 1),
(339, 339, 1, 15, 'N', 'N', 339, 1),
(340, 340, 1, 15, 'N', 'N', 340, 1),
(341, 341, 1, 15, 'N', 'N', 341, 1),
(342, 342, 1, 15, 'N', 'N', 342, 1),
(343, 343, 2, 16, 'N', 'N', 1, 1),
(344, 344, 2, 16, 'N', 'N', 2, 0),
(345, 345, 2, 16, 'N', 'N', 3, 1),
(346, 346, 2, 16, 'N', 'N', 4, 1),
(347, 347, 2, 16, 'N', 'N', 5, 1),
(348, 348, 2, 16, 'N', 'N', 6, 0),
(349, 349, 2, 16, 'N', 'N', 7, 1),
(350, 350, 2, 16, 'N', 'N', 8, 0),
(351, 351, 2, 16, 'N', 'N', 9, 1),
(352, 352, 2, 16, 'N', 'N', 10, 1),
(353, 353, 2, 16, 'N', 'N', 11, 1),
(354, 354, 2, 16, 'N', 'N', 12, 1),
(355, 355, 2, 16, 'N', 'N', 13, 0),
(356, 356, 2, 16, 'N', 'N', 14, 1),
(357, 357, 2, 16, 'N', 'N', 15, 1),
(358, 358, 2, 16, 'N', 'N', 16, 1),
(359, 359, 2, 16, 'N', 'N', 17, 1),
(360, 360, 2, 16, 'N', 'N', 18, 0),
(361, 361, 2, 16, 'N', 'N', 19, 1),
(362, 362, 2, 16, 'N', 'N', 20, 1),
(363, 363, 2, 16, 'N', 'N', 21, 0),
(364, 364, 2, 16, 'N', 'N', 22, 0),
(365, 365, 2, 16, 'N', 'N', 23, 0),
(366, 366, 2, 16, 'N', 'N', 24, 1),
(367, 367, 2, 16, 'N', 'N', 25, 0),
(368, 368, 2, 16, 'N', 'N', 26, 1),
(369, 369, 3, 17, 'N', 'N', 1, 1),
(370, 370, 3, 17, 'N', 'N', 2, 1),
(371, 371, 3, 17, 'N', 'N', 3, 0),
(372, 372, 3, 17, 'N', 'N', 4, 1),
(373, 373, 3, 17, 'N', 'N', 5, 1),
(374, 374, 3, 17, 'N', 'N', 6, 1),
(375, 375, 3, 17, 'N', 'N', 7, 0),
(376, 376, 3, 17, 'N', 'N', 8, 1),
(377, 377, 3, 17, 'N', 'N', 9, 1),
(378, 378, 3, 17, 'N', 'N', 10, 1),
(379, 379, 3, 17, 'N', 'N', 11, 1),
(380, 380, 3, 17, 'N', 'N', 12, 1),
(381, 381, 3, 17, 'N', 'N', 13, 0),
(382, 382, 3, 17, 'N', 'N', 14, 1),
(383, 383, 3, 17, 'N', 'N', 15, 0),
(384, 384, 3, 17, 'N', 'N', 16, 1),
(385, 385, 3, 17, 'N', 'N', 17, 1),
(386, 386, 3, 17, 'N', 'N', 18, 1),
(387, 387, 3, 17, 'N', 'N', 19, 0),
(388, 388, 3, 17, 'N', 'N', 20, 1),
(389, 389, 3, 17, 'N', 'N', 21, 1),
(390, 390, 3, 17, 'N', 'N', 22, 1),
(391, 391, 3, 17, 'N', 'N', 23, 0),
(392, 392, 3, 17, 'N', 'N', 24, 0),
(393, 393, 3, 17, 'N', 'N', 25, 1),
(394, 394, 3, 17, 'N', 'N', 26, 1),
(395, 395, 3, 18, 'N', 'N', 27, 1),
(396, 396, 3, 18, 'N', 'N', 28, 1),
(397, 397, 3, 18, 'N', 'N', 29, 1),
(398, 398, 3, 18, 'N', 'N', 30, 1),
(399, 399, 3, 18, 'N', 'N', 31, 1),
(400, 400, 3, 18, 'N', 'N', 32, 1),
(401, 401, 3, 18, 'N', 'N', 33, 0),
(402, 402, 3, 18, 'N', 'N', 34, 1),
(403, 403, 3, 18, 'N', 'N', 35, 1),
(404, 404, 3, 18, 'N', 'N', 36, 1),
(405, 405, 3, 18, 'N', 'N', 37, 0),
(406, 406, 3, 18, 'N', 'N', 38, 1),
(407, 407, 3, 18, 'N', 'N', 39, 1),
(408, 408, 3, 18, 'N', 'N', 40, 1),
(409, 409, 3, 18, 'N', 'N', 41, 1),
(410, 410, 3, 18, 'N', 'N', 42, 0),
(411, 411, 3, 18, 'N', 'N', 43, 1),
(412, 412, 3, 18, 'N', 'N', 44, 1),
(413, 413, 3, 18, 'N', 'N', 45, 1),
(414, 414, 3, 18, 'N', 'N', 46, 1),
(415, 415, 3, 18, 'N', 'N', 47, 1),
(416, 416, 3, 18, 'N', 'N', 48, 1),
(417, 417, 3, 18, 'N', 'N', 49, 1),
(418, 418, 3, 18, 'N', 'N', 50, 1),
(419, 419, 3, 18, 'N', 'N', 51, 0),
(420, 420, 3, 18, 'N', 'N', 52, 1),
(421, 421, 7, 20, 'N', 'N', 1, 1),
(422, 422, 7, 20, 'N', 'N', 2, 1),
(423, 423, 7, 20, 'N', 'N', 3, 1),
(424, 424, 7, 20, 'N', 'N', 4, 1),
(425, 83, 7, 20, 'N', 'N', 5, 1),
(426, 425, 7, 20, 'N', 'N', 6, 1),
(427, 426, 7, 21, 'N', 'N', 7, 1),
(428, 427, 7, 21, 'N', 'N', 8, 1),
(429, 4, 7, 21, 'N', 'N', 9, 1),
(430, 428, 7, 21, 'N', 'N', 10, 1),
(431, 429, 7, 21, 'N', 'N', 11, 1),
(432, 23, 7, 21, 'N', 'N', 12, 1),
(433, 430, 7, 21, 'N', 'N', 13, 1),
(434, 431, 7, 21, 'N', 'N', 14, 1),
(435, 432, 9, 26, 'N', 'N', 1, 1),
(436, 433, 9, 26, 'N', 'N', 2, 1),
(437, 434, 9, 26, 'N', 'N', 3, 1),
(438, 435, 9, 26, 'N', 'N', 4, 1),
(439, 436, 9, 26, 'N', 'N', 5, 1),
(440, 437, 9, 26, 'N', 'N', 6, 1),
(441, 438, 9, 26, 'N', 'N', 7, 1),
(442, 439, 9, 26, 'N', 'N', 8, 1),
(443, 440, 9, 26, 'N', 'N', 9, 1),
(444, 441, 9, 26, 'N', 'N', 10, 1),
(445, 2, 9, 26, 'N', 'N', 11, 1),
(446, 3, 9, 26, 'N', 'N', 12, 1),
(447, 22, 9, 26, 'N', 'N', 13, 1),
(448, 11, 9, 26, 'N', 'N', 14, 1),
(449, 13, 9, 26, 'N', 'N', 15, 1),
(450, 14, 9, 26, 'N', 'N', 16, 1),
(451, 46, 9, 26, 'N', 'N', 17, 1),
(452, 15, 9, 26, 'N', 'N', 18, 1),
(453, 16, 9, 26, 'N', 'N', 19, 1),
(454, 17, 9, 26, 'N', 'N', 20, 1),
(455, 18, 9, 26, 'N', 'N', 21, 1),
(456, 28, 9, 26, 'N', 'N', 22, 1),
(457, 29, 9, 26, 'N', 'N', 23, 1),
(458, 19, 9, 26, 'N', 'N', 24, 1),
(459, 442, 11, 34, 'N', 'N', 1, 1),
(460, 443, 11, 34, 'N', 'N', 2, 1),
(461, 444, 8, 40, 'N', 'N', 1, 1),
(462, 445, 8, 40, 'N', 'N', 2, 1);

-- --------------------------------------------------------

--
-- Estructura de tabla para la tabla `sw_exam_category`
--

CREATE TABLE `sw_exam_category` (
  `id` int(5) NOT NULL,
  `id_usuario` int(11) UNSIGNED NOT NULL,
  `category` varchar(100) NOT NULL,
  `exam_time_in_minutes` varchar(5) NOT NULL
) ENGINE=InnoDB DEFAULT CHARSET=utf8mb4 COLLATE=utf8mb4_general_ci;

--
-- Volcado de datos para la tabla `sw_exam_category`
--

INSERT INTO `sw_exam_category` (`id`, `id_usuario`, `category`, `exam_time_in_minutes`) VALUES
(1, 3, 'OPERACIONES COMBINADAS CON ENTEROS', '60'),
(2, 3, 'DIAGNOSTICO BASICA SUPERIOR', '10'),
(3, 3, 'MOVIMIENTO RECTILINEO UNIFORME', '20'),
(4, 3, 'CULTURA GENERAL', '1'),
(5, 3, 'MOVIMIENTO RECTILINEO UNIFORMEMENTE VARIADO', '20');

-- --------------------------------------------------------

--
-- Estructura de tabla para la tabla `sw_exam_results`
--

CREATE TABLE `sw_exam_results` (
  `id` int(5) NOT NULL,
  `username` varchar(100) NOT NULL,
  `exam_type` varchar(100) NOT NULL,
  `total_question` varchar(10) NOT NULL,
  `correct_answer` varchar(10) NOT NULL,
  `wrong_answer` varchar(10) NOT NULL,
  `exam_time` varchar(50) NOT NULL
) ENGINE=InnoDB DEFAULT CHARSET=utf8mb4 COLLATE=utf8mb4_general_ci;

-- --------------------------------------------------------

--
-- Estructura de tabla para la tabla `sw_horario`
--

CREATE TABLE `sw_horario` (
  `id_horario` int(11) UNSIGNED NOT NULL,
  `id_asignatura` int(11) UNSIGNED NOT NULL,
  `id_paralelo` int(11) UNSIGNED NOT NULL,
  `id_dia_semana` int(11) UNSIGNED NOT NULL,
  `id_hora_clase` int(11) UNSIGNED NOT NULL,
  `id_usuario` int(11) UNSIGNED NOT NULL
) ENGINE=InnoDB DEFAULT CHARSET=utf8 COLLATE=utf8_general_ci;

--
-- Volcado de datos para la tabla `sw_horario`
--

INSERT INTO `sw_horario` (`id_horario`, `id_asignatura`, `id_paralelo`, `id_dia_semana`, `id_hora_clase`, `id_usuario`) VALUES
(1, 23, 1, 1, 1, 10),
(2, 2, 1, 1, 2, 17),
(3, 6, 1, 1, 3, 8),
(4, 16, 1, 1, 4, 9),
(10, 2, 1, 3, 1, 17),
(11, 23, 1, 3, 2, 10),
(12, 6, 1, 3, 3, 8),
(13, 25, 1, 3, 4, 13),
(14, 23, 1, 5, 1, 10),
(15, 6, 1, 5, 2, 8),
(16, 22, 1, 5, 3, 14),
(17, 25, 1, 5, 4, 13),
(18, 16, 2, 1, 1, 9),
(19, 2, 2, 1, 2, 9),
(20, 23, 2, 1, 3, 10),
(21, 6, 2, 1, 4, 6),
(22, 6, 2, 1, 5, 6),
(23, 25, 2, 3, 1, 13),
(24, 2, 2, 3, 2, 9),
(25, 22, 2, 3, 3, 14),
(26, 23, 2, 3, 4, 10),
(27, 25, 2, 5, 1, 13),
(28, 23, 2, 5, 2, 10),
(29, 6, 2, 5, 3, 6),
(30, 22, 2, 5, 4, 14),
(31, 23, 3, 1, 1, 11),
(32, 23, 3, 1, 2, 11),
(33, 25, 3, 1, 3, 15),
(34, 25, 3, 1, 4, 15),
(35, 16, 3, 3, 1, 9),
(36, 22, 3, 3, 2, 14),
(37, 6, 3, 3, 3, 6),
(38, 6, 3, 3, 4, 6),
(39, 23, 3, 5, 1, 11),
(40, 22, 3, 5, 2, 14),
(41, 2, 3, 5, 3, 9),
(42, 2, 3, 5, 4, 9),
(43, 6, 3, 5, 5, 6),
(44, 25, 4, 1, 1, 15),
(45, 25, 4, 1, 2, 15),
(46, 6, 4, 1, 3, 6),
(47, 23, 4, 1, 4, 4),
(48, 22, 4, 3, 1, 14),
(49, 6, 4, 3, 2, 6),
(50, 23, 4, 3, 3, 4),
(51, 16, 4, 3, 4, 9),
(52, 2, 4, 5, 1, 9),
(53, 2, 4, 5, 2, 9),
(54, 23, 4, 5, 3, 4),
(55, 6, 4, 5, 4, 6),
(56, 22, 4, 5, 5, 14),
(57, 8, 5, 1, 1, 6),
(58, 23, 5, 1, 2, 10),
(59, 1, 5, 1, 3, 5),
(60, 25, 5, 1, 4, 13),
(61, 22, 5, 1, 5, 14),
(62, 25, 5, 2, 1, 13),
(63, 3, 5, 2, 2, 4),
(64, 7, 5, 2, 3, 6),
(65, 5, 5, 2, 4, 8),
(66, 22, 5, 2, 5, 14),
(67, 3, 5, 4, 1, 4),
(68, 24, 5, 4, 2, 6),
(69, 23, 5, 4, 3, 10),
(70, 4, 5, 4, 4, 5),
(71, 4, 5, 4, 5, 5),
(72, 25, 6, 1, 1, 13),
(73, 22, 6, 1, 2, 14),
(74, 1, 6, 1, 3, 9),
(75, 4, 6, 1, 4, 5),
(76, 24, 6, 1, 5, 17),
(77, 3, 6, 2, 1, 4),
(78, 23, 6, 2, 2, 10),
(79, 4, 6, 2, 3, 5),
(80, 7, 6, 2, 4, 6),
(81, 8, 6, 2, 5, 8),
(82, 5, 6, 4, 1, 8),
(83, 22, 6, 4, 2, 14),
(84, 25, 6, 4, 3, 13),
(85, 23, 6, 4, 4, 10),
(86, 3, 6, 4, 5, 4),
(87, 24, 7, 1, 1, 17),
(88, 3, 7, 1, 2, 4),
(89, 1, 7, 1, 3, 9),
(90, 4, 7, 1, 4, 5),
(91, 23, 7, 1, 5, 10),
(92, 22, 7, 2, 1, 14),
(93, 8, 7, 2, 2, 8),
(94, 4, 7, 2, 3, 5),
(95, 23, 7, 2, 4, 10),
(96, 25, 7, 2, 5, 13),
(97, 7, 7, 4, 1, 6),
(98, 25, 7, 4, 2, 13),
(99, 5, 7, 4, 3, 8),
(100, 3, 7, 4, 4, 4),
(101, 22, 7, 4, 5, 14),
(102, 3, 8, 1, 1, 4),
(103, 8, 8, 1, 2, 8),
(104, 22, 8, 1, 3, 14),
(105, 24, 8, 1, 4, 17),
(106, 1, 8, 1, 5, 5),
(107, 4, 8, 2, 1, 5),
(108, 4, 8, 2, 2, 5),
(109, 25, 8, 2, 3, 13),
(110, 22, 8, 2, 4, 14),
(111, 23, 8, 2, 5, 10),
(112, 23, 8, 4, 1, 10),
(113, 8, 8, 4, 2, 8),
(114, 3, 8, 4, 3, 4),
(115, 25, 8, 4, 4, 13),
(116, 4, 9, 1, 1, 5),
(117, 4, 9, 1, 2, 5),
(118, 24, 9, 1, 3, 17),
(119, 22, 9, 1, 4, 14),
(120, 25, 9, 1, 5, 13),
(121, 8, 9, 2, 1, 8),
(122, 25, 9, 2, 2, 13),
(123, 23, 9, 2, 3, 10),
(124, 3, 9, 2, 4, 4),
(125, 1, 9, 3, 1, 5),
(126, 8, 9, 3, 2, 8),
(127, 23, 9, 3, 3, 10),
(128, 3, 9, 3, 4, 4),
(129, 22, 9, 3, 5, 14),
(130, 22, 10, 1, 1, 14),
(131, 8, 10, 1, 2, 6),
(132, 25, 10, 1, 3, 13),
(133, 5, 10, 1, 4, 8),
(134, 3, 10, 1, 5, 4),
(135, 23, 10, 2, 1, 10),
(136, 7, 10, 2, 2, 6),
(137, 10, 10, 2, 3, 16),
(138, 10, 10, 2, 4, 16),
(139, 1, 10, 2, 5, 5),
(140, 3, 10, 3, 1, 4),
(141, 25, 10, 3, 2, 13),
(142, 12, 10, 3, 3, 16),
(143, 12, 10, 3, 4, 16),
(144, 23, 10, 3, 5, 10),
(145, 14, 10, 4, 1, 16),
(146, 14, 10, 4, 2, 16),
(147, 22, 10, 4, 3, 14),
(148, 24, 10, 4, 4, 6),
(149, 10, 10, 5, 1, 16),
(150, 10, 10, 5, 2, 16),
(151, 4, 10, 5, 3, 5),
(152, 4, 10, 5, 4, 5),
(153, 8, 11, 1, 1, 8),
(154, 25, 11, 1, 2, 13),
(155, 3, 11, 1, 3, 4),
(156, 23, 11, 1, 4, 10),
(157, 10, 11, 1, 5, 16),
(158, 7, 11, 2, 1, 6),
(159, 22, 11, 2, 2, 14),
(160, 8, 11, 2, 3, 8),
(161, 1, 11, 2, 4, 9),
(162, 12, 11, 3, 1, 16),
(163, 12, 11, 3, 2, 16),
(164, 4, 11, 3, 3, 5),
(165, 24, 11, 3, 4, 17),
(166, 10, 11, 3, 5, 16),
(167, 22, 11, 4, 1, 14),
(168, 23, 11, 4, 2, 10),
(169, 4, 11, 4, 3, 5),
(170, 10, 11, 4, 4, 16),
(171, 10, 11, 4, 5, 16),
(172, 3, 11, 5, 1, 4),
(173, 25, 11, 5, 2, 13),
(174, 12, 11, 5, 3, 16),
(175, 12, 11, 5, 4, 16),
(176, 10, 11, 5, 5, 16),
(177, 9, 12, 1, 1, 16),
(178, 9, 12, 1, 2, 16),
(179, 10, 12, 1, 3, 16),
(180, 10, 12, 1, 4, 16),
(181, 8, 12, 1, 5, 8),
(182, 15, 12, 2, 1, 16),
(183, 15, 12, 2, 2, 16),
(184, 22, 12, 2, 3, 14),
(185, 25, 12, 2, 4, 13),
(186, 12, 12, 2, 5, 16),
(187, 8, 12, 3, 1, 8),
(188, 3, 12, 3, 2, 4),
(189, 24, 12, 3, 3, 17),
(190, 1, 12, 3, 4, 5),
(191, 11, 12, 3, 5, 4),
(192, 25, 12, 4, 1, 13),
(193, 3, 12, 4, 2, 4),
(195, 10, 12, 4, 3, 16),
(196, 22, 12, 4, 4, 14),
(197, 23, 12, 4, 5, 10),
(198, 4, 12, 5, 1, 5),
(199, 4, 12, 5, 2, 5),
(200, 23, 12, 5, 3, 10),
(201, 13, 12, 5, 4, 4),
(202, 22, 13, 1, 1, 14),
(203, 8, 13, 1, 2, 6),
(204, 25, 13, 1, 3, 13),
(205, 5, 13, 1, 4, 8),
(206, 3, 13, 1, 5, 4),
(207, 23, 13, 2, 1, 10),
(208, 7, 13, 2, 2, 6),
(209, 20, 13, 2, 3, 2),
(210, 20, 13, 2, 4, 2),
(211, 1, 13, 2, 5, 5),
(212, 3, 13, 3, 1, 4),
(213, 25, 13, 3, 2, 13),
(214, 19, 13, 3, 3, 2),
(215, 19, 13, 3, 4, 2),
(216, 23, 13, 3, 5, 10),
(217, 21, 13, 4, 1, 2),
(218, 21, 13, 4, 2, 2),
(219, 22, 13, 4, 3, 14),
(220, 24, 13, 4, 4, 6),
(221, 17, 13, 5, 1, 2),
(222, 17, 13, 5, 2, 2),
(223, 4, 13, 5, 3, 5),
(224, 4, 13, 5, 4, 5),
(225, 8, 14, 1, 1, 8),
(226, 25, 14, 1, 2, 13),
(227, 3, 14, 1, 3, 4),
(228, 23, 14, 1, 4, 10),
(229, 26, 14, 1, 5, 2),
(230, 7, 14, 2, 1, 6),
(231, 22, 14, 2, 2, 14),
(232, 5, 14, 2, 3, 8),
(233, 1, 14, 2, 4, 9),
(234, 26, 14, 2, 5, 2),
(235, 20, 14, 3, 1, 2),
(236, 20, 14, 3, 2, 2),
(237, 4, 14, 3, 3, 5),
(238, 24, 14, 3, 4, 17),
(239, 22, 14, 4, 1, 14),
(240, 23, 14, 4, 2, 10),
(241, 4, 14, 4, 3, 5),
(242, 19, 14, 4, 4, 2),
(243, 19, 14, 4, 5, 2),
(244, 3, 14, 5, 1, 4),
(245, 25, 14, 5, 2, 13),
(246, 21, 14, 5, 3, 2),
(247, 21, 14, 5, 4, 2),
(248, 19, 15, 1, 1, 2),
(249, 19, 15, 1, 2, 2),
(254, 3, 15, 2, 3, 4),
(255, 1, 15, 2, 4, 5),
(256, 18, 15, 2, 5, 4),
(257, 23, 15, 3, 1, 10),
(258, 24, 15, 3, 2, 17),
(259, 25, 15, 3, 3, 13),
(260, 22, 15, 3, 4, 14),
(262, 4, 15, 4, 1, 5),
(263, 4, 15, 4, 2, 5),
(265, 8, 15, 4, 4, 8),
(266, 25, 15, 4, 5, 13),
(267, 22, 15, 5, 1, 14),
(268, 3, 15, 5, 2, 4),
(269, 8, 15, 5, 3, 8),
(270, 23, 15, 5, 4, 10),
(272, 17, 15, 1, 3, 2),
(273, 17, 15, 1, 4, 2),
(274, 26, 15, 2, 1, 2),
(275, 26, 15, 2, 2, 2),
(276, 20, 15, 3, 5, 2),
(277, 21, 15, 4, 3, 2),
(278, 20, 15, 5, 5, 2),
(279, 23, 16, 7, 7, 3),
(280, 23, 16, 7, 8, 3),
(281, 2, 16, 7, 9, 12),
(282, 2, 16, 7, 10, 12),
(284, 6, 16, 7, 11, 7),
(285, 6, 16, 7, 12, 7),
(286, 28, 16, 8, 7, 12),
(287, 22, 16, 8, 8, 7),
(288, 22, 16, 8, 9, 7),
(289, 6, 16, 8, 10, 7),
(290, 23, 16, 8, 11, 3),
(291, 23, 16, 8, 12, 3),
(292, 16, 16, 9, 7, 3),
(293, 6, 16, 9, 8, 7),
(294, 6, 16, 9, 9, 7),
(295, 22, 16, 9, 10, 7),
(296, 2, 16, 9, 11, 12),
(297, 2, 16, 9, 12, 12),
(298, 25, 16, 10, 7, 15),
(299, 25, 16, 10, 8, 15),
(300, 23, 16, 10, 9, 3),
(301, 23, 16, 10, 10, 3),
(302, 22, 16, 10, 11, 7),
(303, 22, 16, 10, 12, 7),
(304, 2, 16, 11, 7, 12),
(305, 22, 16, 11, 8, 7),
(306, 22, 16, 11, 9, 7),
(307, 22, 16, 11, 10, 7),
(309, 23, 16, 11, 11, 3),
(310, 23, 16, 11, 12, 3),
(311, 16, 17, 12, 13, 3),
(312, 16, 17, 12, 14, 3),
(313, 5, 17, 12, 15, 17),
(314, 3, 17, 12, 16, 3),
(315, 3, 17, 12, 17, 3),
(316, 25, 17, 12, 18, 15),
(317, 28, 17, 13, 13, 12),
(318, 28, 17, 13, 14, 12),
(319, 1, 17, 13, 15, 12),
(320, 1, 17, 13, 16, 12),
(321, 24, 17, 13, 17, 12),
(322, 24, 17, 13, 18, 12),
(323, 23, 17, 14, 13, 3),
(324, 23, 17, 14, 14, 3),
(325, 22, 17, 14, 15, 7),
(326, 22, 17, 14, 16, 7),
(327, 25, 17, 14, 17, 15),
(328, 5, 17, 14, 18, 17),
(329, 4, 17, 15, 13, 12),
(330, 4, 17, 15, 14, 12),
(331, 22, 17, 15, 15, 7),
(332, 22, 17, 15, 16, 7),
(333, 7, 17, 15, 17, 7),
(334, 7, 17, 15, 18, 7),
(335, 23, 17, 17, 13, 3),
(336, 23, 17, 17, 14, 3),
(337, 4, 17, 17, 15, 12),
(338, 4, 17, 17, 16, 12),
(339, 8, 17, 17, 17, 7),
(340, 8, 17, 17, 18, 7),
(341, 5, 18, 12, 13, 17),
(342, 1, 18, 12, 14, 12),
(343, 1, 18, 12, 15, 12),
(344, 25, 18, 12, 16, 15),
(345, 22, 18, 12, 17, 7),
(346, 22, 18, 12, 18, 7),
(347, 16, 18, 13, 13, 3),
(348, 16, 18, 13, 14, 3),
(349, 8, 18, 13, 15, 7),
(350, 8, 18, 13, 16, 7),
(351, 23, 18, 13, 17, 3),
(352, 23, 18, 13, 18, 3),
(353, 5, 18, 14, 13, 17),
(354, 28, 18, 14, 14, 12),
(355, 28, 18, 14, 15, 12),
(356, 3, 18, 14, 16, 3),
(357, 3, 18, 14, 17, 3),
(358, 25, 18, 14, 18, 15),
(359, 22, 18, 15, 13, 7),
(360, 22, 18, 15, 14, 7),
(361, 4, 18, 15, 15, 12),
(362, 4, 18, 15, 16, 12),
(363, 23, 18, 15, 17, 3),
(364, 23, 18, 15, 18, 3),
(365, 4, 18, 17, 13, 12),
(366, 4, 18, 17, 14, 12),
(367, 7, 18, 17, 15, 7),
(368, 7, 18, 17, 16, 7),
(369, 24, 18, 17, 17, 12),
(370, 24, 18, 17, 18, 12);

-- --------------------------------------------------------

--
-- Estructura de tabla para la tabla `sw_horario_def`
--

CREATE TABLE `sw_horario_def` (
  `id_horario_def` int(11) NOT NULL,
  `id_periodo_lectivo` int(11) UNSIGNED NOT NULL,
  `ho_titulo` varchar(255) NOT NULL,
  `fecha_creacion` timestamp NOT NULL DEFAULT current_timestamp() ON UPDATE current_timestamp(),
  `fecha_inicial` date NOT NULL,
  `fecha_final` date NOT NULL,
  `status` tinyint(1) NOT NULL DEFAULT 0 COMMENT '0: inactivo, 1: activo'
) ENGINE=InnoDB DEFAULT CHARSET=latin1 COLLATE=latin1_swedish_ci;

-- --------------------------------------------------------

--
-- Estructura de tabla para la tabla `sw_hora_clase`
--

CREATE TABLE `sw_hora_clase` (
  `id_hora_clase` int(11) UNSIGNED NOT NULL,
  `id_periodo_lectivo` int(11) UNSIGNED NOT NULL,
  `hc_nombre` varchar(12) NOT NULL,
  `hc_hora_inicio` time NOT NULL,
  `hc_hora_fin` time NOT NULL,
  `hc_ordinal` int(11) UNSIGNED NOT NULL,
  `hc_tipo` char(1) NOT NULL DEFAULT 'C'
) ENGINE=InnoDB DEFAULT CHARSET=utf8 COLLATE=utf8_general_ci;

--
-- Volcado de datos para la tabla `sw_hora_clase`
--

INSERT INTO `sw_hora_clase` (`id_hora_clase`, `id_periodo_lectivo`, `hc_nombre`, `hc_hora_inicio`, `hc_hora_fin`, `hc_ordinal`, `hc_tipo`) VALUES
(1, 1, '1a.', '18:40:00', '19:20:00', 1, 'C'),
(2, 1, '2a.', '19:20:00', '20:00:00', 2, 'C'),
(3, 1, '3a.', '20:00:00', '20:40:00', 3, 'C'),
(4, 1, '4a.', '20:50:00', '21:30:00', 4, 'C'),
(5, 1, '5a.', '21:30:00', '22:10:00', 5, 'C'),
(7, 2, '1a.', '18:20:00', '19:00:00', 1, 'C'),
(8, 2, '2a.', '19:00:00', '19:40:00', 2, 'C'),
(9, 2, '3a.', '19:40:00', '20:20:00', 3, 'C'),
(10, 2, '4a.', '20:30:00', '21:10:00', 4, 'C'),
(11, 2, '5a.', '21:10:00', '21:50:00', 5, 'C'),
(12, 2, '6a.', '21:50:00', '22:30:00', 6, 'C'),
(13, 3, '1a.', '18:40:00', '19:10:00', 1, 'C'),
(14, 3, '2a.', '19:10:00', '19:40:00', 2, 'C'),
(15, 3, '3a.', '19:40:00', '20:10:00', 3, 'C'),
(16, 3, '4a.', '20:10:00', '20:40:00', 4, 'C'),
(17, 3, '5a.', '20:40:00', '21:10:00', 5, 'C'),
(18, 3, '6a.', '21:10:00', '21:40:00', 6, 'C');

-- --------------------------------------------------------

--
-- Estructura de tabla para la tabla `sw_hora_dia`
--

CREATE TABLE `sw_hora_dia` (
  `id_hora_dia` int(11) UNSIGNED NOT NULL,
  `id_dia_semana` int(11) UNSIGNED NOT NULL,
  `id_hora_clase` int(11) UNSIGNED NOT NULL
) ENGINE=InnoDB DEFAULT CHARSET=utf8 COLLATE=utf8_general_ci;

--
-- Volcado de datos para la tabla `sw_hora_dia`
--

INSERT INTO `sw_hora_dia` (`id_hora_dia`, `id_dia_semana`, `id_hora_clase`) VALUES
(1, 1, 1),
(2, 1, 2),
(3, 1, 3),
(4, 1, 4),
(5, 1, 5),
(6, 2, 1),
(7, 2, 2),
(8, 2, 3),
(9, 2, 4),
(10, 2, 5),
(11, 3, 1),
(12, 3, 2),
(13, 3, 3),
(14, 3, 4),
(15, 3, 5),
(16, 4, 1),
(17, 4, 2),
(18, 4, 3),
(19, 4, 4),
(20, 4, 5),
(21, 5, 1),
(22, 5, 2),
(23, 5, 3),
(24, 5, 4),
(25, 5, 5),
(26, 7, 7),
(27, 7, 8),
(28, 7, 9),
(29, 7, 10),
(30, 7, 11),
(31, 7, 12),
(32, 8, 7),
(33, 8, 8),
(34, 8, 9),
(35, 8, 10),
(36, 8, 11),
(37, 8, 12),
(38, 9, 7),
(39, 9, 8),
(40, 9, 9),
(41, 9, 10),
(42, 9, 11),
(43, 9, 12),
(44, 10, 7),
(45, 10, 8),
(46, 10, 9),
(47, 10, 10),
(48, 10, 11),
(49, 10, 12),
(50, 11, 7),
(51, 11, 8),
(52, 11, 9),
(53, 11, 10),
(54, 11, 11),
(55, 11, 12),
(56, 12, 13),
(57, 12, 14),
(58, 12, 15),
(59, 12, 16),
(60, 12, 17),
(61, 12, 18),
(62, 13, 13),
(63, 13, 14),
(64, 13, 15),
(65, 13, 16),
(66, 13, 17),
(67, 13, 18),
(68, 14, 13),
(69, 14, 14),
(70, 14, 15),
(71, 14, 16),
(72, 14, 17),
(73, 14, 18),
(74, 15, 13),
(75, 15, 14),
(76, 15, 15),
(77, 15, 16),
(78, 15, 17),
(79, 15, 18),
(80, 17, 13),
(81, 17, 14),
(82, 17, 15),
(83, 17, 16),
(84, 17, 17),
(85, 17, 18);

-- --------------------------------------------------------

--
-- Estructura de tabla para la tabla `sw_inasistencia`
--

CREATE TABLE `sw_inasistencia` (
  `id_inasistencia` int(11) NOT NULL,
  `in_nombre` varchar(32) NOT NULL,
  `in_abreviatura` varchar(1) NOT NULL
) ENGINE=InnoDB DEFAULT CHARSET=latin1 COLLATE=latin1_swedish_ci;

--
-- Volcado de datos para la tabla `sw_inasistencia`
--

INSERT INTO `sw_inasistencia` (`id_inasistencia`, `in_nombre`, `in_abreviatura`) VALUES
(1, 'Asiste', 'A'),
(2, 'Falta Injustificada', 'I'),
(3, 'Falta Justificada', 'J'),
(4, 'Tardanza', 'T');

-- --------------------------------------------------------

--
-- Estructura de tabla para la tabla `sw_institucion`
--

CREATE TABLE `sw_institucion` (
  `id_institucion` int(11) NOT NULL,
  `in_nombre` varchar(64) NOT NULL,
  `in_direccion` varchar(45) NOT NULL,
  `in_telefono1` varchar(64) NOT NULL,
  `in_regimen` varchar(45) NOT NULL,
  `in_nom_rector` varchar(45) CHARACTER SET utf8 COLLATE utf8_general_ci NOT NULL,
  `in_genero_rector` varchar(1) NOT NULL,
  `in_nom_vicerrector` varchar(45) NOT NULL,
  `in_nom_secretario` varchar(45) NOT NULL,
  `in_genero_secretario` varchar(1) NOT NULL,
  `in_url` varchar(64) NOT NULL,
  `in_logo` varchar(64) NOT NULL,
  `in_amie` varchar(16) NOT NULL,
  `in_distrito` varchar(16) NOT NULL,
  `in_ciudad` varchar(64) NOT NULL,
  `in_copiar_y_pegar` tinyint(1) NOT NULL
) ENGINE=MyISAM DEFAULT CHARSET=latin1 COLLATE=latin1_swedish_ci;

--
-- Volcado de datos para la tabla `sw_institucion`
--

INSERT INTO `sw_institucion` (`id_institucion`, `in_nombre`, `in_direccion`, `in_telefono1`, `in_regimen`, `in_nom_rector`, `in_genero_rector`, `in_nom_vicerrector`, `in_nom_secretario`, `in_genero_secretario`, `in_url`, `in_logo`, `in_amie`, `in_distrito`, `in_ciudad`, `in_copiar_y_pegar`) VALUES
(1, 'UNIDAD EDUCATIVA PCEI FISCAL SALAMANCA', 'Calle el Tiempo y Pasaje Mónaco', '2256311/2254818', 'SIERRA', 'MSc. Wilson Proaño', 'M', 'Lic. Rómulo Mejía', 'MSc. Verónica Sanmartín', 'F', 'http://colegionocturnosalamanca.com', '1653116798.gif', '17H00215', '', 'Quito D.M.', 0);

-- --------------------------------------------------------

--
-- Estructura de tabla para la tabla `sw_jornada`
--

CREATE TABLE `sw_jornada` (
  `id_jornada` int(11) NOT NULL,
  `jo_nombre` varchar(16) NOT NULL
) ENGINE=InnoDB DEFAULT CHARSET=utf8mb4 COLLATE=utf8mb4_general_ci;

--
-- Volcado de datos para la tabla `sw_jornada`
--

INSERT INTO `sw_jornada` (`id_jornada`, `jo_nombre`) VALUES
(1, 'MATUTINA'),
(2, 'VESPERTINA'),
(3, 'NOCTURNA');

-- --------------------------------------------------------

--
-- Estructura de tabla para la tabla `sw_malla_curricular`
--

CREATE TABLE `sw_malla_curricular` (
  `id_malla_curricular` int(11) UNSIGNED NOT NULL,
  `id_periodo_lectivo` int(11) UNSIGNED NOT NULL,
  `id_curso` int(11) UNSIGNED NOT NULL,
  `id_asignatura` int(11) UNSIGNED NOT NULL,
  `ma_horas_presenciales` int(11) UNSIGNED NOT NULL,
  `ma_horas_autonomas` int(11) UNSIGNED NOT NULL,
  `ma_horas_tutorias` int(11) UNSIGNED NOT NULL,
  `ma_subtotal` int(11) UNSIGNED NOT NULL
) ENGINE=InnoDB DEFAULT CHARSET=utf8 COLLATE=utf8_general_ci;

--
-- Volcado de datos para la tabla `sw_malla_curricular`
--

INSERT INTO `sw_malla_curricular` (`id_malla_curricular`, `id_periodo_lectivo`, `id_curso`, `id_asignatura`, `ma_horas_presenciales`, `ma_horas_autonomas`, `ma_horas_tutorias`, `ma_subtotal`) VALUES
(1, 1, 1, 22, 3, 2, 1, 6),
(2, 1, 1, 23, 3, 2, 1, 6),
(3, 1, 1, 6, 3, 2, 2, 7),
(4, 1, 1, 2, 2, 2, 1, 5),
(5, 1, 1, 16, 1, 1, 0, 2),
(6, 1, 1, 25, 2, 1, 1, 4),
(7, 1, 2, 22, 3, 2, 1, 6),
(8, 1, 2, 23, 3, 2, 1, 6),
(9, 1, 2, 6, 3, 2, 2, 7),
(10, 1, 2, 2, 2, 2, 1, 5),
(11, 1, 2, 16, 1, 1, 0, 2),
(12, 1, 2, 25, 2, 1, 1, 4),
(13, 1, 3, 22, 3, 2, 1, 6),
(14, 1, 3, 23, 3, 2, 1, 6),
(15, 1, 3, 6, 3, 2, 2, 7),
(16, 1, 3, 2, 2, 2, 1, 5),
(17, 1, 3, 16, 1, 1, 0, 2),
(18, 1, 3, 25, 2, 1, 1, 4),
(19, 1, 4, 23, 2, 1, 1, 4),
(20, 1, 4, 3, 2, 1, 0, 3),
(21, 1, 4, 4, 2, 1, 1, 4),
(22, 1, 4, 1, 1, 1, 1, 3),
(23, 1, 4, 8, 1, 1, 1, 3),
(24, 1, 4, 5, 1, 1, 0, 2),
(25, 1, 4, 7, 1, 1, 0, 2),
(26, 1, 4, 22, 2, 1, 1, 4),
(27, 1, 4, 25, 2, 1, 0, 3),
(28, 1, 4, 24, 1, 1, 0, 2),
(29, 1, 5, 23, 2, 1, 1, 4),
(30, 1, 5, 3, 2, 1, 0, 3),
(31, 1, 5, 4, 2, 1, 1, 4),
(32, 1, 5, 1, 1, 1, 1, 3),
(33, 1, 5, 8, 1, 1, 1, 3),
(34, 1, 5, 5, 1, 1, 0, 2),
(35, 1, 5, 7, 1, 1, 0, 2),
(36, 1, 5, 22, 2, 1, 1, 4),
(37, 1, 5, 25, 2, 1, 0, 3),
(38, 1, 5, 24, 1, 1, 0, 2),
(39, 1, 6, 23, 2, 2, 1, 5),
(40, 1, 6, 3, 2, 2, 1, 5),
(41, 1, 6, 4, 2, 1, 0, 3),
(42, 1, 6, 1, 2, 2, 1, 5),
(43, 1, 6, 8, 2, 1, 1, 4),
(44, 1, 6, 22, 2, 2, 1, 5),
(45, 1, 6, 25, 2, 0, 0, 2),
(46, 1, 6, 24, 1, 0, 0, 1),
(47, 1, 7, 23, 2, 1, 1, 4),
(48, 1, 7, 3, 2, 1, 0, 3),
(49, 1, 7, 4, 2, 1, 1, 4),
(50, 1, 7, 1, 1, 1, 1, 3),
(51, 1, 7, 8, 1, 1, 1, 3),
(52, 1, 7, 5, 1, 1, 0, 2),
(53, 1, 7, 7, 1, 1, 0, 2),
(54, 1, 7, 22, 2, 1, 1, 4),
(55, 1, 7, 25, 2, 1, 0, 3),
(56, 1, 7, 24, 1, 1, 0, 2),
(57, 1, 7, 10, 6, 0, 0, 6),
(58, 1, 7, 14, 2, 0, 0, 2),
(59, 1, 7, 12, 2, 0, 0, 2),
(60, 1, 8, 23, 2, 1, 1, 4),
(61, 1, 8, 3, 2, 1, 0, 3),
(62, 1, 8, 4, 2, 1, 1, 4),
(63, 1, 8, 1, 1, 1, 1, 3),
(64, 1, 8, 8, 1, 1, 1, 3),
(65, 1, 8, 5, 1, 1, 0, 2),
(66, 1, 8, 7, 1, 1, 0, 2),
(67, 1, 8, 22, 2, 1, 1, 4),
(68, 1, 8, 25, 2, 1, 0, 3),
(69, 1, 8, 24, 1, 1, 0, 2),
(70, 1, 8, 10, 6, 0, 0, 6),
(71, 1, 8, 14, 2, 0, 0, 2),
(72, 1, 8, 12, 2, 0, 0, 2),
(73, 1, 9, 23, 2, 2, 1, 5),
(74, 1, 9, 3, 2, 2, 1, 5),
(75, 1, 9, 4, 2, 1, 0, 3),
(76, 1, 9, 1, 2, 2, 1, 5),
(77, 1, 9, 8, 2, 1, 1, 4),
(78, 1, 9, 22, 2, 2, 1, 5),
(79, 1, 9, 25, 2, 0, 0, 2),
(80, 1, 9, 24, 1, 0, 0, 1),
(81, 1, 9, 10, 3, 0, 0, 3),
(82, 1, 9, 9, 2, 0, 0, 2),
(83, 1, 9, 15, 2, 0, 0, 2),
(84, 1, 9, 11, 1, 0, 0, 1),
(85, 1, 9, 12, 1, 0, 0, 1),
(86, 1, 9, 13, 1, 0, 0, 1),
(87, 1, 10, 23, 2, 1, 1, 4),
(88, 1, 10, 3, 2, 1, 0, 3),
(89, 1, 10, 4, 2, 1, 1, 4),
(90, 1, 10, 1, 1, 1, 1, 3),
(91, 1, 10, 8, 1, 1, 1, 3),
(92, 1, 10, 5, 1, 1, 0, 2),
(93, 1, 10, 7, 1, 1, 0, 2),
(94, 1, 10, 22, 2, 1, 1, 4),
(95, 1, 10, 25, 2, 1, 0, 3),
(96, 1, 10, 24, 1, 1, 0, 2),
(97, 1, 10, 17, 2, 0, 0, 2),
(98, 1, 10, 20, 2, 0, 0, 2),
(99, 1, 10, 19, 4, 0, 0, 4),
(100, 1, 10, 21, 2, 0, 0, 2),
(101, 1, 11, 23, 2, 1, 1, 4),
(102, 1, 11, 3, 2, 1, 0, 3),
(103, 1, 11, 4, 2, 1, 1, 4),
(104, 1, 11, 1, 1, 1, 1, 3),
(105, 1, 11, 8, 1, 1, 1, 3),
(106, 1, 11, 5, 1, 1, 0, 2),
(107, 1, 11, 7, 1, 1, 0, 2),
(108, 1, 11, 22, 2, 1, 1, 4),
(109, 1, 11, 25, 2, 1, 0, 3),
(110, 1, 11, 24, 1, 1, 0, 2),
(111, 1, 11, 20, 2, 0, 0, 2),
(112, 1, 11, 19, 4, 0, 0, 4),
(113, 1, 11, 21, 2, 0, 0, 2),
(114, 1, 11, 26, 2, 0, 0, 2),
(115, 1, 12, 23, 2, 2, 1, 5),
(116, 1, 12, 3, 2, 2, 1, 5),
(117, 1, 12, 4, 2, 1, 0, 3),
(118, 1, 12, 1, 2, 2, 1, 5),
(119, 1, 12, 8, 2, 1, 1, 4),
(120, 1, 12, 22, 2, 2, 1, 5),
(121, 1, 12, 25, 2, 0, 0, 2),
(122, 1, 12, 24, 1, 0, 0, 1),
(123, 1, 12, 17, 2, 0, 0, 2),
(124, 1, 12, 20, 2, 0, 0, 2),
(125, 1, 12, 19, 2, 0, 0, 2),
(126, 1, 12, 21, 1, 0, 0, 1),
(127, 1, 12, 26, 2, 0, 0, 2),
(128, 1, 12, 18, 1, 0, 0, 1),
(130, 2, 14, 22, 8, 0, 0, 8),
(131, 2, 14, 23, 8, 0, 0, 8),
(132, 2, 14, 6, 5, 0, 0, 5),
(133, 2, 14, 2, 5, 0, 0, 5),
(134, 2, 14, 16, 1, 0, 0, 1),
(135, 2, 14, 28, 1, 0, 0, 1),
(136, 2, 14, 25, 2, 0, 0, 2),
(137, 3, 15, 23, 4, 0, 0, 4),
(138, 3, 15, 3, 2, 0, 0, 2),
(139, 3, 15, 4, 4, 0, 0, 4),
(140, 3, 15, 1, 2, 0, 0, 2),
(141, 3, 15, 8, 2, 0, 0, 2),
(142, 3, 15, 5, 2, 0, 0, 2),
(143, 3, 15, 7, 2, 0, 0, 2),
(144, 3, 15, 22, 4, 0, 0, 4),
(145, 3, 15, 16, 2, 0, 0, 2),
(146, 3, 15, 28, 2, 0, 0, 2),
(147, 3, 15, 25, 2, 0, 0, 2),
(148, 3, 15, 24, 2, 0, 0, 2),
(149, 7, 23, 23, 3, 0, 0, 3),
(150, 7, 23, 3, 3, 0, 0, 3),
(151, 7, 23, 4, 2, 0, 0, 2),
(152, 7, 23, 1, 2, 0, 0, 2),
(153, 7, 23, 8, 2, 0, 0, 2),
(154, 7, 23, 5, 1, 0, 0, 1),
(155, 7, 23, 7, 1, 0, 0, 1),
(156, 7, 23, 22, 3, 0, 0, 3),
(157, 7, 23, 25, 2, 0, 0, 2),
(158, 7, 23, 24, 1, 0, 0, 1),
(159, 7, 23, 10, 6, 0, 0, 6),
(160, 7, 23, 14, 2, 0, 0, 2),
(161, 7, 23, 12, 2, 0, 0, 2),
(162, 7, 24, 23, 3, 0, 0, 3),
(163, 7, 24, 3, 3, 0, 0, 3),
(164, 7, 24, 4, 2, 0, 0, 2),
(165, 7, 24, 1, 2, 0, 0, 2),
(166, 7, 24, 8, 2, 0, 0, 2),
(167, 7, 24, 5, 1, 0, 0, 1),
(168, 7, 24, 7, 1, 0, 0, 1),
(169, 7, 24, 22, 3, 0, 0, 3),
(170, 7, 24, 25, 2, 0, 0, 2),
(171, 7, 24, 24, 1, 0, 0, 1),
(172, 7, 24, 10, 6, 0, 0, 6),
(173, 7, 24, 14, 2, 0, 0, 2),
(174, 7, 24, 12, 2, 0, 0, 2),
(175, 7, 26, 23, 3, 0, 0, 3),
(176, 7, 26, 3, 3, 0, 0, 3),
(177, 7, 26, 4, 2, 0, 0, 2),
(178, 7, 26, 1, 2, 0, 0, 2),
(179, 7, 26, 8, 2, 0, 0, 2),
(180, 7, 26, 5, 1, 0, 0, 1),
(181, 7, 26, 7, 1, 0, 0, 1),
(182, 7, 26, 22, 3, 0, 0, 3),
(183, 7, 26, 25, 2, 0, 0, 2),
(184, 7, 26, 24, 1, 0, 0, 1),
(185, 7, 26, 17, 2, 0, 0, 2),
(186, 7, 26, 20, 2, 0, 0, 2),
(187, 7, 26, 19, 4, 0, 0, 4),
(188, 7, 26, 21, 2, 0, 0, 2),
(189, 8, 29, 22, 6, 0, 0, 6),
(190, 8, 29, 23, 6, 0, 0, 6),
(191, 8, 39, 22, 6, 0, 0, 6),
(192, 11, 36, 23, 2, 0, 0, 2),
(193, 11, 33, 23, 2, 0, 0, 2),
(194, 11, 33, 3, 1, 0, 0, 1),
(195, 11, 33, 4, 1, 0, 0, 1),
(196, 11, 33, 1, 1, 0, 0, 1),
(197, 11, 33, 8, 1, 0, 0, 1),
(198, 11, 33, 5, 1, 0, 0, 1),
(199, 11, 33, 7, 1, 0, 0, 1),
(200, 11, 33, 22, 2, 0, 0, 2),
(201, 11, 33, 25, 2, 0, 0, 2),
(202, 11, 33, 24, 1, 0, 0, 1),
(203, 11, 33, 16, 1, 0, 0, 1),
(204, 11, 33, 28, 1, 0, 0, 1),
(205, 11, 33, 10, 6, 0, 0, 6),
(206, 11, 33, 14, 2, 0, 0, 2),
(207, 11, 33, 12, 2, 0, 0, 2),
(208, 11, 36, 3, 1, 0, 0, 1),
(209, 11, 36, 4, 1, 0, 0, 1),
(210, 11, 36, 1, 1, 0, 0, 1),
(211, 11, 36, 8, 1, 0, 0, 1),
(212, 11, 36, 5, 1, 0, 0, 1),
(213, 11, 36, 7, 1, 0, 0, 1),
(214, 11, 36, 22, 2, 0, 0, 2),
(215, 11, 36, 25, 2, 0, 0, 2),
(216, 11, 36, 24, 1, 0, 0, 1),
(217, 11, 36, 16, 1, 0, 0, 1),
(218, 11, 36, 28, 1, 0, 0, 1),
(219, 11, 36, 17, 2, 0, 0, 2),
(220, 11, 36, 20, 2, 0, 0, 2),
(221, 11, 36, 19, 4, 0, 0, 4),
(222, 11, 36, 21, 2, 0, 0, 2),
(223, 11, 37, 23, 2, 0, 0, 2),
(224, 11, 37, 3, 1, 0, 0, 1),
(225, 11, 37, 4, 1, 0, 0, 1),
(226, 11, 37, 1, 1, 0, 0, 1),
(227, 11, 37, 8, 1, 0, 0, 1),
(228, 11, 37, 5, 1, 0, 0, 1),
(229, 11, 37, 7, 1, 0, 0, 1),
(230, 11, 37, 22, 2, 0, 0, 2),
(231, 11, 37, 25, 2, 0, 0, 2),
(232, 11, 37, 24, 1, 0, 0, 1),
(233, 11, 37, 16, 1, 0, 0, 1),
(234, 11, 37, 28, 1, 0, 0, 1),
(235, 11, 37, 20, 2, 0, 0, 2),
(236, 11, 37, 19, 4, 0, 0, 4),
(237, 11, 37, 21, 2, 0, 0, 2),
(238, 11, 37, 26, 2, 0, 0, 2),
(239, 11, 35, 23, 2, 0, 0, 2),
(240, 11, 35, 3, 2, 0, 0, 2),
(241, 11, 35, 4, 2, 0, 0, 2),
(242, 11, 35, 1, 1, 0, 0, 1),
(243, 11, 35, 8, 2, 0, 0, 2),
(244, 11, 35, 22, 2, 0, 0, 2),
(245, 11, 35, 25, 2, 0, 0, 2),
(246, 11, 35, 24, 1, 0, 0, 1),
(247, 11, 35, 28, 1, 0, 0, 1),
(248, 11, 35, 10, 3, 0, 0, 3),
(249, 11, 35, 9, 2, 0, 0, 2),
(250, 11, 35, 15, 2, 0, 0, 2),
(251, 11, 35, 11, 1, 0, 0, 1),
(252, 11, 35, 12, 1, 0, 0, 1),
(253, 11, 35, 13, 1, 0, 0, 1),
(254, 11, 38, 23, 2, 0, 0, 2),
(255, 11, 38, 3, 2, 0, 0, 2),
(256, 11, 38, 4, 2, 0, 0, 2),
(257, 11, 38, 1, 1, 0, 0, 1),
(258, 11, 38, 8, 2, 0, 0, 2),
(259, 11, 38, 22, 2, 0, 0, 2),
(260, 11, 38, 25, 2, 0, 0, 2),
(261, 11, 38, 24, 1, 0, 0, 1),
(262, 11, 38, 28, 1, 0, 0, 1),
(263, 11, 38, 17, 2, 0, 0, 2),
(264, 11, 38, 20, 2, 0, 0, 2),
(265, 11, 38, 19, 2, 0, 0, 2),
(266, 11, 38, 21, 1, 0, 0, 1),
(267, 11, 38, 26, 2, 0, 0, 2),
(268, 11, 38, 18, 1, 0, 0, 1),
(269, 11, 34, 23, 2, 0, 0, 2),
(270, 11, 34, 3, 1, 0, 0, 1),
(271, 11, 34, 4, 1, 0, 0, 1),
(272, 11, 34, 1, 1, 0, 0, 1),
(273, 11, 34, 8, 1, 0, 0, 1),
(274, 11, 34, 5, 1, 0, 0, 1),
(275, 11, 34, 7, 1, 0, 0, 1),
(276, 11, 34, 22, 2, 0, 0, 2),
(277, 11, 34, 25, 2, 0, 0, 2),
(278, 11, 34, 24, 1, 0, 0, 1),
(279, 11, 34, 16, 1, 0, 0, 1),
(280, 11, 34, 28, 1, 0, 0, 1),
(281, 11, 34, 10, 6, 0, 0, 6),
(282, 11, 34, 14, 2, 0, 0, 2),
(283, 11, 34, 12, 2, 0, 0, 2);

-- --------------------------------------------------------

--
-- Estructura de tabla para la tabla `sw_menu`
--

CREATE TABLE `sw_menu` (
  `id_menu` int(11) NOT NULL,
  `id_perfil` int(11) NOT NULL,
  `mnu_texto` varchar(32) CHARACTER SET latin1 COLLATE latin1_swedish_ci NOT NULL,
  `mnu_enlace` varchar(64) CHARACTER SET latin1 COLLATE latin1_swedish_ci NOT NULL,
  `mnu_link` varchar(64) CHARACTER SET latin1 COLLATE latin1_swedish_ci NOT NULL,
  `mnu_nivel` int(11) NOT NULL,
  `mnu_orden` int(11) NOT NULL,
  `mnu_padre` int(11) NOT NULL,
  `mnu_publicado` int(11) NOT NULL,
  `mnu_icono` varchar(25) CHARACTER SET latin1 COLLATE latin1_swedish_ci NOT NULL
) ENGINE=InnoDB DEFAULT CHARSET=utf8 COLLATE=utf8_spanish_ci;

--
-- Volcado de datos para la tabla `sw_menu`
--

INSERT INTO `sw_menu` (`id_menu`, `id_perfil`, `mnu_texto`, `mnu_enlace`, `mnu_link`, `mnu_nivel`, `mnu_orden`, `mnu_padre`, `mnu_publicado`, `mnu_icono`) VALUES
(2, 1, 'Menus', 'menus/index.php', 'menus', 2, 6, 146, 1, 'fa fa-circle-o'),
(12, 1, 'Perfiles', 'perfiles/view_index.php', 'perfiles', 2, 5, 146, 1, 'fa fa-circle-o'),
(13, 2, 'Calificaciones', '#', '', 1, 11, 0, 1, ''),
(18, 1, 'Usuarios', 'usuarios/index.php', 'usuarios', 2, 7, 146, 1, 'fa fa-circle-o'),
(21, 3, 'Matriculación', '#', '#', 1, 22, 0, 1, 'fa fa-share-alt'),
(26, 5, 'Comportamiento', '#', '', 1, 19, 0, 1, ''),
(31, 6, 'Definiciones', '#', '', 1, 6, 0, 1, ''),
(32, 3, 'Libretación', '#', '', 1, 23, 0, 1, ''),
(37, 3, 'Reporte', '#', '', 1, 24, 0, 1, ''),
(38, 2, 'Reportes', '#', '', 1, 14, 0, 1, ''),
(39, 3, 'A Excel', '#', '', 1, 25, 0, 1, ''),
(40, 3, 'Promoción', 'promocion/index.php', 'promociones', 1, 26, 0, 1, ''),
(43, 1, 'Procesos', '#', '#', 1, 5, 0, 1, 'fa fa-lock'),
(45, 2, 'Informes', '#', '', 1, 13, 0, 1, ''),
(48, 2, 'Listas', '#', '', 1, 15, 0, 1, ''),
(52, 7, 'Reportes', '#', '', 1, 30, 0, 1, ''),
(58, 7, 'Comportamiento', '#', '', 1, 27, 0, 1, ''),
(67, 2, 'Supletorios', 'calificaciones/supletorios2.php', 'calificaciones/supletorios', 2, 3, 13, 1, ''),
(68, 2, 'Remediales', 'calificaciones/remediales.php', '', 2, 4, 13, 1, ''),
(69, 2, 'De Gracia', 'calificaciones/de_gracia.php', '', 2, 5, 13, 1, ''),
(71, 2, 'Parciales', 'calificaciones/informe_parciales2.php', '', 2, 1, 45, 1, ''),
(73, 2, 'Anuales', 'calificaciones/informe_anual.php', '', 2, 2, 45, 1, ''),
(74, 2, 'Quimestrales', 'reportes/por_periodo.php', 'reporte_docente_quimestral', 2, 1, 38, 1, ''),
(75, 2, 'Anuales', 'calificaciones/reporte_anual.php', '', 2, 2, 38, 1, ''),
(76, 2, 'Por Parcial', 'listas_estudiantes/por_parcial.php', '', 2, 1, 48, 1, ''),
(77, 2, 'Por Quimestre', 'listas_estudiantes/por_quimestre.php', '', 2, 2, 48, 1, ''),
(78, 5, 'Quimestral', 'inspeccion/comportamiento.php', '', 2, 2, 26, 1, ''),
(79, 5, 'Anual', 'inspeccion/comportamiento_anual.php', '', 2, 3, 26, 1, ''),
(97, 3, 'Validar calificaciones', 'calificaciones/validar_calificaciones.php', '', 2, 1, 32, 1, ''),
(98, 3, 'Libretación', 'reportes/libretacion.php', '', 2, 2, 32, 1, ''),
(99, 3, 'Por Asignatura', 'calificaciones/por_asignaturas.php', '', 2, 2, 37, 1, ''),
(100, 3, 'Parciales', 'calificaciones/reporte_parciales.php', '', 2, 3, 37, 1, ''),
(101, 3, 'Quimestral', 'calificaciones/procesar_promedios.php', '', 2, 4, 37, 1, ''),
(102, 3, 'Anual', 'calificaciones/promedios_anuales.php', '', 2, 5, 37, 1, ''),
(103, 3, 'De Supletorios', 'calificaciones/reporte_supletorios.php', '', 2, 6, 37, 1, ''),
(104, 3, 'De Remediales', 'calificaciones/reporte_remediales.php', '', 2, 7, 37, 1, ''),
(105, 3, 'De Exámenes de Gracia', 'calificaciones/reporte_de_gracia.php', '', 2, 8, 37, 1, ''),
(107, 3, 'Quimestrales', 'php_excel/quimestrales.php', '', 2, 2, 39, 1, ''),
(108, 3, 'Anuales', 'php_excel/anuales.php', '', 2, 3, 39, 1, ''),
(109, 3, 'Cuadro Final', 'php_excel/cuadro_final.php', '', 2, 4, 39, 1, ''),
(110, 7, 'Parciales', 'tutores/parciales2.php', '', 2, 1, 52, 1, ''),
(111, 7, 'Quimestrales', 'tutores/quimestrales2.php', '', 2, 2, 52, 1, ''),
(112, 7, 'Anuales', 'tutores/anuales2.php', '', 2, 3, 52, 1, ''),
(113, 7, 'Supletorios', 'tutores/supletorios.php', '', 2, 4, 52, 1, ''),
(114, 7, 'Remediales', 'tutores/remediales.php', '', 2, 5, 52, 1, ''),
(116, 7, 'De Parciales', 'tutores/comp_parciales2.php', '', 2, 1, 58, 1, ''),
(117, 7, 'De Quimestrales', 'tutores/comportamiento2.php', '', 2, 2, 58, 1, ''),
(119, 2, 'Proyectos', 'listas_estudiantes/proyectos.php', '', 2, 3, 48, 1, ''),
(120, 1, 'Cerrar Periodos', 'aportes_evaluacion/cerrar_periodos2.php', 'cierre_periodos', 2, 1, 43, 1, 'fa fa-circle-o'),
(123, 3, 'Paralelos', 'matriculacion/index2.php', 'matriculacion', 2, 1, 21, 1, 'fa fa-university'),
(127, 6, 'Horarios', '#', '', 1, 7, 0, 1, ''),
(128, 6, 'Definir Días de la Semana', 'dias_semana/index.php', 'dias_semana', 2, 2, 127, 1, ''),
(129, 6, 'Definir Horas Clase', 'hora_clase/index.php', 'horas_clase', 2, 3, 127, 1, ''),
(130, 6, 'Definir Horario Semanal', 'horarios/view_horario_semanal.php', 'horarios', 2, 5, 127, 1, ''),
(132, 6, 'Reportes', '#', '', 1, 8, 0, 1, ''),
(134, 6, 'Quimestral', 'calificaciones/reporte_quimestral_autoridad.php', '', 2, 2, 132, 1, ''),
(135, 6, 'Anual', 'calificaciones/promedios_anuales_autoridad.php', '', 2, 3, 132, 1, ''),
(138, 2, 'Asistencia', '#', '', 1, 12, 0, 1, ''),
(140, 3, 'Cuadro Remediales', 'php_excel/cuadro_remediales.php', '', 2, 5, 39, 1, ''),
(141, 3, 'Cuadro De Gracia', 'php_excel/cuadro_de_gracia.php', '', 2, 6, 39, 1, ''),
(143, 7, 'De Gracia', 'tutores/de_gracia.php', '', 2, 6, 52, 1, ''),
(144, 5, 'Parciales', 'inspeccion/comportamiento_parciales.php', '', 2, 1, 26, 1, ''),
(146, 1, 'Administración', '#', '#', 1, 1, 0, 1, 'fa fa-gear'),
(159, 1, 'Definiciones', '#', '#', 1, 2, 0, 1, 'fa fa-cogs'),
(160, 1, 'Niveles de Educación', 'tipo_educacion/index2.php', 'tipos_educacion', 2, 2, 159, 1, 'fa fa-university'),
(161, 1, 'Especialidades', 'especialidades/index2.php', 'especialidades', 2, 3, 159, 1, 'fa fa-university'),
(162, 1, 'Cursos', 'cursos/index2.php', 'cursos', 2, 4, 159, 1, 'fa fa-university'),
(163, 1, 'Paralelos', 'paralelos/index2.php', 'paralelos', 2, 5, 159, 1, 'fa fa-university'),
(164, 1, 'Areas', 'areas/index2.php', 'areas', 2, 6, 159, 1, 'fa fa-university'),
(165, 1, 'Asignaturas', 'asignaturas/index2.php', 'asignaturas', 2, 7, 159, 1, 'fa fa-university'),
(166, 1, 'Asociar', '#', '#', 1, 4, 0, 1, 'fa fa-share-alt'),
(167, 1, 'Asignaturas Cursos', 'asignaturas_cursos/index2.php', 'asignaturas_cursos', 2, 1, 166, 1, 'fa fa-circle-o'),
(171, 1, 'Paralelos Tutores', 'paralelos_tutores/index2.php', 'paralelos_tutores', 2, 3, 166, 1, 'fa fa-circle-o'),
(176, 1, 'Por Hacer', 'por_hacer/index2.php', 'tareas', 2, 1, 146, 1, 'fa fa-list-alt'),
(179, 13, 'Parciales', 'calificaciones/reporte_parciales.php', 'parciales', 2, 1, 189, 1, ''),
(180, 13, 'Quimestrales', 'calificaciones/procesar_promedios.php', 'quimestrales', 2, 2, 189, 1, ''),
(181, 13, 'Anuales', 'calificaciones/promedios_anuales.php', 'anuales', 2, 3, 189, 1, ''),
(189, 13, 'Reportes', '#', '', 1, 1, 0, 1, ''),
(195, 6, 'Definir Inasistencias', 'inasistencias/index.php', '', 2, 6, 127, 1, ''),
(197, 2, 'Leccionario', 'horarios/view_asistencia.php', '', 2, 1, 138, 1, ''),
(198, 2, 'Ver Horario', 'horarios/ver_horario_docente.php', '', 2, 2, 138, 1, ''),
(200, 1, 'Períodos Lectivos', 'periodos_lectivos/index2.php', 'periodos_lectivos', 2, 4, 146, 1, ''),
(201, 6, 'Malla Curricular', 'malla_curricular/index.php', 'mallas_curriculares', 2, 1, 31, 1, ''),
(202, 6, 'Distributivo', 'distributivo/index.php', 'distributivos', 2, 2, 31, 1, ''),
(203, 6, 'Asociar Dia-Hora', 'asociar_dia_hora/index.php', 'horas_dia', 2, 4, 127, 1, ''),
(204, 5, 'Horarios', '#', '', 1, 20, 0, 1, ''),
(205, 5, 'Leccionario', 'horarios/leccionario.php', '', 2, 1, 204, 1, ''),
(206, 6, 'Estadísticas', '#', '', 1, 10, 0, 1, ''),
(207, 6, 'Aprobados por Paralelo', 'estadisticas/aprobados_paralelo.php', 'estadisticas/aprobados_paralelo', 2, 1, 206, 1, ''),
(208, 3, 'Padrón Electoral', 'padron_electoral/index.php', '', 2, 1, 39, 1, ''),
(210, 7, 'Consultas', '#', '', 1, 29, 0, 1, ''),
(211, 7, 'Lista de Docentes', 'tutores/lista_docentes.php', '', 2, 1, 210, 1, ''),
(212, 7, 'Horario de Clases', 'tutores/horario_clases.php', '', 2, 2, 210, 1, ''),
(213, 6, 'Consultas', '#', '', 1, 9, 0, 1, ''),
(215, 6, 'Horarios de clase', 'autoridad/horario_clases.php', 'horarios_clases', 2, 2, 213, 1, ''),
(216, 5, 'Docentes', 'inspeccion/horario_docentes.php', '', 2, 2, 204, 1, ''),
(217, 5, 'Definiciones', '#', '', 1, 17, 0, 1, ''),
(218, 5, 'Valor del mes', 'valor_del_mes/index.php', '', 2, 1, 217, 1, ''),
(219, 5, 'Consultas', '#', '', 1, 21, 0, 1, ''),
(220, 5, 'Lista de docentes', 'autoridad/lista_docentes.php', '', 2, 1, 219, 1, ''),
(221, 5, 'Horarios de clase', 'autoridad/horario_clases.php', '', 2, 2, 219, 1, ''),
(222, 5, 'Feriados', 'feriados/index.php', '', 2, 2, 217, 1, ''),
(225, 5, 'Asistencia', '#', '', 1, 18, 0, 1, ''),
(228, 7, 'Asistencia', '#', '', 1, 28, 0, 1, ''),
(229, 7, 'Justificar Faltas', 'tutores/view_justificar.php', '', 2, 1, 228, 1, ''),
(230, 3, 'Nómina de Matriculados', 'php_excel/nomina_matriculados.php', 'reporte_nomina_matriculados', 2, 1, 37, 1, ''),
(231, 1, 'Institución', 'institucion/index.php', 'instituciones', 2, 2, 146, 1, ''),
(232, 1, 'Modalidades', 'modalidades/index.php', 'modalidades', 2, 3, 146, 1, ''),
(233, 1, 'Curso Superior', 'asociar_curso_superior/index.php', 'cursos_superiores', 2, 2, 166, 1, ''),
(235, 1, 'Educación Inicial', 'educacion_inicial/index.php', '', 2, 1, 159, 0, ''),
(236, 2, 'Tareas', 'tareas/index.php', '', 2, 1, 13, 0, ''),
(239, 2, 'Parciales', 'calificaciones/index.php', 'calificaciones/parciales', 2, 2, 13, 1, ''),
(240, 1, 'Paralelos Inspectores', 'paralelos_inspectores/index2.php', 'paralelos_inspectores', 2, 4, 166, 1, ''),
(241, 1, 'Especificaciones', '#', '#', 1, 3, 0, 1, ''),
(242, 1, 'Períodos de Evaluación', 'periodos_evaluacion/view_index.php', 'periodos_evaluacion', 2, 1, 241, 1, ''),
(243, 1, 'Aportes de Evaluación', 'aportes_evaluacion/index2.php', 'aportes_evaluacion', 2, 2, 241, 1, ''),
(244, 1, 'Insumos de Evaluación', 'rubricas_evaluacion/index2.php', 'insumos_evaluacion', 2, 3, 241, 1, ''),
(245, 1, 'Escalas de Calificaciones', 'escalas/index2.php', 'escalas_calificaciones', 2, 4, 241, 1, ''),
(246, 6, 'Parciales', 'calificaciones/reporte_parciales_autoridad.php', '', 2, 1, 132, 1, ''),
(247, 6, 'Lista de docentes', 'autoridad/lista_docentes.php', 'lista_docentes', 2, 1, 213, 1, ''),
(250, 1, 'Promoción Paralelos', 'promocion_paralelos/index.php', '', 2, 5, 166, 1, ''),
(251, 1, 'Promoción Automática', 'promocion_automatica/index.php', '', 2, 2, 43, 1, ''),
(252, 2, 'Asistencia', 'reportes/asistencia_docente.php', '', 2, 3, 38, 1, ''),
(257, 3, 'Exportar', 'matriculacion/exportar.php', 'exportar', 2, 2, 21, 1, ''),
(258, 3, 'Importar', 'matriculacion/importar.php', 'importar', 2, 3, 21, 1, ''),
(259, 2, 'Cuestionarios', '#', 'cuestionarios', 1, 16, 0, 1, ''),
(260, 2, 'Categorías', 'categorias/index.php', 'categorias', 2, 1, 259, 1, ''),
(261, 2, 'Preguntas', 'preguntas/index.php', 'preguntas', 2, 2, 259, 1, ''),
(262, 2, 'Vista Preliminar', 'cuestionarios/preliminar.php', 'cuestionarios/preliminar', 2, 3, 259, 1, ''),
(263, 2, 'Asociar Paralelo', 'cuestionarios/asociar_paralelo.php', 'cuestionarios/asociar_paralelo', 2, 4, 259, 1, ''),
(269, 6, 'Rendimiento Académico', '', 'estadisticas/rendimiento_academico', 2, 2, 206, 1, ''),
(271, 1, 'Periodos Eval Cursos', 'periodos_evaluacion_cursos/index.php', '', 2, 6, 166, 1, ''),
(272, 6, 'Definir Título de Horario', 'horario_def/index.php', '', 2, 1, 127, 1, '');

-- --------------------------------------------------------

--
-- Estructura de tabla para la tabla `sw_menu_perfil`
--

CREATE TABLE `sw_menu_perfil` (
  `id_perfil` int(11) UNSIGNED NOT NULL,
  `id_menu` int(11) NOT NULL
) ENGINE=InnoDB DEFAULT CHARSET=latin1 COLLATE=latin1_swedish_ci;

--
-- Volcado de datos para la tabla `sw_menu_perfil`
--

INSERT INTO `sw_menu_perfil` (`id_perfil`, `id_menu`) VALUES
(1, 2),
(1, 12),
(1, 18),
(1, 43),
(1, 120),
(1, 146),
(1, 159),
(1, 160),
(1, 161),
(1, 162),
(1, 163),
(1, 164),
(1, 165),
(1, 166),
(1, 167),
(1, 171),
(1, 176),
(1, 200),
(1, 231),
(1, 232),
(1, 233),
(1, 235),
(2, 13),
(2, 38),
(2, 45),
(2, 48),
(2, 67),
(2, 68),
(2, 69),
(2, 71),
(2, 73),
(2, 74),
(2, 75),
(2, 76),
(2, 77),
(2, 119),
(2, 138),
(2, 197),
(2, 198),
(2, 236),
(3, 21),
(3, 32),
(3, 37),
(3, 39),
(3, 40),
(3, 97),
(3, 98),
(3, 99),
(3, 100),
(3, 101),
(3, 102),
(3, 103),
(3, 104),
(3, 105),
(3, 107),
(3, 108),
(3, 109),
(3, 123),
(3, 140),
(3, 141),
(3, 208),
(3, 230),
(5, 26),
(5, 78),
(5, 79),
(5, 144),
(5, 204),
(5, 205),
(5, 216),
(5, 217),
(5, 218),
(5, 219),
(5, 220),
(5, 221),
(5, 222),
(5, 225),
(6, 31),
(6, 127),
(6, 128),
(6, 129),
(6, 130),
(6, 132),
(6, 134),
(6, 135),
(6, 195),
(6, 201),
(6, 202),
(6, 203),
(6, 206),
(6, 207),
(6, 213),
(6, 215),
(7, 52),
(7, 58),
(7, 110),
(7, 111),
(7, 112),
(7, 113),
(7, 114),
(7, 116),
(7, 117),
(7, 143),
(7, 210),
(7, 211),
(7, 212),
(7, 228),
(7, 229),
(13, 179),
(13, 180),
(13, 181),
(13, 189),
(1, 241),
(3, 257),
(3, 258),
(2, 259),
(2, 260),
(2, 261),
(2, 262),
(2, 263),
(6, 269),
(6, 272);

-- --------------------------------------------------------

--
-- Estructura de tabla para la tabla `sw_modalidad`
--

CREATE TABLE `sw_modalidad` (
  `id_modalidad` int(11) UNSIGNED NOT NULL,
  `mo_nombre` varchar(64) NOT NULL,
  `mo_activo` tinyint(1) UNSIGNED NOT NULL,
  `mo_orden` int(11) NOT NULL
) ENGINE=InnoDB DEFAULT CHARSET=utf8 COLLATE=utf8_general_ci;

--
-- Volcado de datos para la tabla `sw_modalidad`
--

INSERT INTO `sw_modalidad` (`id_modalidad`, `mo_nombre`, `mo_activo`, `mo_orden`) VALUES
(1, 'SEMIPRESENCIAL', 1, 1),
(2, 'BGU INTENSIVO', 1, 3),
(3, 'EGB SUPERIOR INTENSIVA', 1, 2);

-- --------------------------------------------------------

--
-- Estructura de tabla para la tabla `sw_notificacion`
--

CREATE TABLE `sw_notificacion` (
  `id_notificacion` int(11) NOT NULL,
  `notificacion` varchar(100) NOT NULL,
  `timestamp` timestamp NOT NULL DEFAULT current_timestamp() ON UPDATE current_timestamp()
) ENGINE=InnoDB DEFAULT CHARSET=utf8mb4 COLLATE=utf8mb4_general_ci;

--
-- Volcado de datos para la tabla `sw_notificacion`
--

INSERT INTO `sw_notificacion` (`id_notificacion`, `notificacion`, `timestamp`) VALUES
(1, 'NOTIFICACION DE PRUEBA', '2022-06-30 12:23:28');

-- --------------------------------------------------------

--
-- Estructura de tabla para la tabla `sw_paralelo`
--

CREATE TABLE `sw_paralelo` (
  `id_paralelo` int(11) UNSIGNED NOT NULL,
  `id_periodo_lectivo` int(11) UNSIGNED NOT NULL,
  `id_curso` int(11) UNSIGNED NOT NULL,
  `id_jornada` int(11) NOT NULL,
  `pa_nombre` varchar(5) NOT NULL,
  `pa_orden` int(11) NOT NULL
) ENGINE=InnoDB DEFAULT CHARSET=utf8mb4 COLLATE=utf8mb4_general_ci;

--
-- Volcado de datos para la tabla `sw_paralelo`
--

INSERT INTO `sw_paralelo` (`id_paralelo`, `id_periodo_lectivo`, `id_curso`, `id_jornada`, `pa_nombre`, `pa_orden`) VALUES
(1, 1, 1, 3, 'A', 1),
(2, 1, 2, 3, 'A', 2),
(3, 1, 3, 3, 'A', 3),
(4, 1, 3, 3, 'B', 4),
(5, 1, 4, 3, 'A', 5),
(6, 1, 5, 3, 'A', 6),
(7, 1, 5, 3, 'B', 7),
(8, 1, 6, 3, 'A', 8),
(9, 1, 6, 3, 'B', 9),
(10, 1, 7, 3, 'A', 10),
(11, 1, 8, 3, 'A', 11),
(12, 1, 9, 3, 'A', 12),
(13, 1, 10, 3, 'A', 13),
(14, 1, 11, 3, 'A', 14),
(15, 1, 12, 3, 'A', 15),
(16, 2, 14, 3, 'A', 1),
(17, 3, 15, 3, 'A', 1),
(18, 3, 15, 3, 'B', 2),
(20, 7, 23, 3, 'A', 1),
(21, 7, 26, 3, 'A', 2),
(22, 7, 24, 3, 'A', 3),
(23, 7, 27, 3, 'A', 4),
(24, 7, 25, 3, 'A', 5),
(25, 7, 28, 3, 'A', 6),
(26, 9, 30, 3, 'A', 1),
(27, 9, 30, 3, 'B', 2),
(28, 9, 30, 3, 'C', 3),
(29, 9, 30, 3, 'D', 4),
(30, 9, 31, 3, 'A', 5),
(31, 9, 31, 3, 'B', 6),
(32, 9, 32, 3, 'A', 7),
(33, 9, 32, 3, 'B', 8),
(34, 11, 33, 3, 'A', 1),
(35, 11, 36, 3, 'A', 2),
(36, 11, 34, 3, 'A', 3),
(37, 11, 37, 3, 'A', 4),
(38, 11, 35, 3, 'A', 5),
(39, 11, 38, 3, 'A', 6),
(40, 8, 29, 3, 'A', 1),
(41, 8, 39, 3, 'A', 2);

-- --------------------------------------------------------

--
-- Estructura de tabla para la tabla `sw_paralelo_asignatura`
--

CREATE TABLE `sw_paralelo_asignatura` (
  `id_paralelo_asignatura` int(11) NOT NULL,
  `id_paralelo` int(11) NOT NULL,
  `id_asignatura` int(11) NOT NULL,
  `id_usuario` int(11) NOT NULL,
  `id_periodo_lectivo` int(11) NOT NULL
) ENGINE=InnoDB DEFAULT CHARSET=latin1 COLLATE=latin1_swedish_ci;

-- --------------------------------------------------------

--
-- Estructura de tabla para la tabla `sw_paralelo_inspector`
--

CREATE TABLE `sw_paralelo_inspector` (
  `id_paralelo_inspector` int(11) UNSIGNED NOT NULL,
  `id_periodo_lectivo` int(11) UNSIGNED NOT NULL,
  `id_paralelo` int(11) UNSIGNED NOT NULL,
  `id_usuario` int(11) UNSIGNED NOT NULL
) ENGINE=InnoDB DEFAULT CHARSET=utf8 COLLATE=utf8_general_ci;

--
-- Volcado de datos para la tabla `sw_paralelo_inspector`
--

INSERT INTO `sw_paralelo_inspector` (`id_paralelo_inspector`, `id_periodo_lectivo`, `id_paralelo`, `id_usuario`) VALUES
(2, 1, 2, 5),
(3, 1, 3, 5),
(4, 1, 6, 5),
(5, 1, 7, 5),
(6, 1, 8, 5),
(7, 1, 9, 5),
(8, 1, 10, 5),
(9, 1, 11, 5),
(10, 1, 12, 5),
(11, 1, 13, 5),
(12, 1, 14, 5),
(13, 1, 15, 5),
(19, 2, 16, 5),
(20, 3, 17, 5),
(21, 3, 18, 5),
(22, 11, 34, 5);

-- --------------------------------------------------------

--
-- Estructura de tabla para la tabla `sw_paralelo_tutor`
--

CREATE TABLE `sw_paralelo_tutor` (
  `id_paralelo_tutor` int(11) UNSIGNED NOT NULL,
  `id_periodo_lectivo` int(11) UNSIGNED NOT NULL,
  `id_paralelo` int(11) UNSIGNED NOT NULL,
  `id_usuario` int(11) UNSIGNED NOT NULL
) ENGINE=InnoDB DEFAULT CHARSET=utf8 COLLATE=utf8_general_ci;

--
-- Volcado de datos para la tabla `sw_paralelo_tutor`
--

INSERT INTO `sw_paralelo_tutor` (`id_paralelo_tutor`, `id_periodo_lectivo`, `id_paralelo`, `id_usuario`) VALUES
(1, 1, 2, 22),
(2, 2, 16, 7),
(3, 3, 17, 3),
(4, 3, 18, 12),
(5, 1, 1, 9),
(6, 1, 3, 15),
(7, 1, 4, 6),
(8, 1, 5, 4),
(9, 1, 6, 10),
(10, 1, 7, 10),
(11, 1, 8, 14),
(12, 1, 9, 17),
(13, 1, 10, 16),
(14, 1, 11, 8),
(15, 1, 12, 5),
(16, 1, 13, 13),
(17, 1, 14, 8),
(18, 1, 15, 2),
(19, 11, 34, 3);

-- --------------------------------------------------------

--
-- Estructura de tabla para la tabla `sw_perfil`
--

CREATE TABLE `sw_perfil` (
  `id_perfil` int(11) UNSIGNED NOT NULL,
  `pe_nombre` varchar(16) CHARACTER SET latin1 COLLATE latin1_spanish_ci NOT NULL,
  `pe_nivel_acceso` int(11) NOT NULL
) ENGINE=InnoDB DEFAULT CHARSET=latin1 COLLATE=latin1_swedish_ci;

--
-- Volcado de datos para la tabla `sw_perfil`
--

INSERT INTO `sw_perfil` (`id_perfil`, `pe_nombre`, `pe_nivel_acceso`) VALUES
(1, 'Administrador', 3),
(2, 'Docente', 2),
(3, 'Secretaría', 2),
(5, 'Inspección', 2),
(6, 'Autoridad', 3),
(7, 'Tutor', 2),
(8, 'DECE', 2);

-- --------------------------------------------------------

--
-- Estructura de tabla para la tabla `sw_periodo_estado`
--

CREATE TABLE `sw_periodo_estado` (
  `id_periodo_estado` int(11) UNSIGNED NOT NULL,
  `pe_descripcion` varchar(16) NOT NULL
) ENGINE=InnoDB DEFAULT CHARSET=utf8 COLLATE=utf8_general_ci;

--
-- Volcado de datos para la tabla `sw_periodo_estado`
--

INSERT INTO `sw_periodo_estado` (`id_periodo_estado`, `pe_descripcion`) VALUES
(1, 'ACTUAL'),
(2, 'TERMINADO');

-- --------------------------------------------------------

--
-- Estructura de tabla para la tabla `sw_periodo_evaluacion`
--

CREATE TABLE `sw_periodo_evaluacion` (
  `id_periodo_evaluacion` int(11) UNSIGNED NOT NULL,
  `id_periodo_lectivo` int(11) NOT NULL,
  `id_tipo_periodo` int(11) UNSIGNED NOT NULL,
  `pe_nombre` varchar(24) CHARACTER SET latin1 COLLATE latin1_spanish_ci NOT NULL,
  `pe_abreviatura` varchar(6) NOT NULL,
  `pe_ponderacion` float DEFAULT NULL,
  `rango_desde` float DEFAULT NULL,
  `rango_hasta` float DEFAULT NULL,
  `pe_orden` int(11) NOT NULL
) ENGINE=InnoDB DEFAULT CHARSET=latin1 COLLATE=latin1_swedish_ci;

--
-- Volcado de datos para la tabla `sw_periodo_evaluacion`
--

INSERT INTO `sw_periodo_evaluacion` (`id_periodo_evaluacion`, `id_periodo_lectivo`, `id_tipo_periodo`, `pe_nombre`, `pe_abreviatura`, `pe_ponderacion`, `rango_desde`, `rango_hasta`, `pe_orden`) VALUES
(1, 1, 1, 'PRIMER QUIMESTRE', '1ER.Q.', NULL, NULL, NULL, 0),
(2, 1, 1, 'SEGUNDO QUIMESTRE', '2DO.Q.', NULL, NULL, NULL, 0),
(3, 1, 2, 'SUPLETORIO', 'SUP.', NULL, NULL, NULL, 0),
(4, 1, 3, 'REMEDIAL', 'REM.', NULL, NULL, NULL, 0),
(5, 1, 4, 'DE GRACIA', 'GRA.', NULL, NULL, NULL, 0),
(7, 2, 1, 'PRIMER QUIMESTRE', '1ER.Q.', NULL, NULL, NULL, 0),
(8, 2, 1, 'SEGUNDO QUIMESTRE', '2DO.Q.', NULL, NULL, NULL, 0),
(9, 2, 2, 'SUPLETORIO', 'SUP.', NULL, NULL, NULL, 0),
(10, 2, 3, 'REMEDIAL', 'REM.', NULL, NULL, NULL, 0),
(11, 2, 4, 'EXAMEN DE GRACIA', 'GRA.', NULL, NULL, NULL, 0),
(12, 3, 1, 'PRIMER PERIODO', '1ER.P.', 0.5, NULL, NULL, 0),
(13, 3, 1, 'SEGUNDO PERIODO', '2DO.P.', 0.5, NULL, NULL, 0),
(14, 3, 2, 'EXAMEN SUPLETORIO', 'SUP.', NULL, NULL, NULL, 0),
(15, 3, 3, 'EXAMEN REMEDIAL', 'REM.', NULL, NULL, NULL, 0),
(16, 3, 4, 'EXAMEN DE GRACIA', 'GRA.', NULL, NULL, NULL, 0),
(18, 7, 1, 'PRIMER TRIMESTRE', '1ER.T.', 0.3, NULL, NULL, 1),
(19, 7, 1, 'SEGUNDO TRIMESTRE', '2DO.T.', 0.3, NULL, NULL, 3),
(20, 7, 1, 'TERCER TRIMESTRE', '3ER. T', 0.3, NULL, NULL, 5),
(21, 8, 1, 'PRIMER BIMESTRE', '1ER. B', 0.45, NULL, NULL, 1),
(22, 8, 1, 'SEGUNDO BIMESTRE', '2DO. B', 0.45, NULL, NULL, 2),
(23, 8, 1, 'PROYECTO INTEGRADOR', 'PRI', 0.05, NULL, NULL, 4),
(24, 8, 1, 'EVALUACION SUMATIVA', 'EVS', 0.05, NULL, NULL, 3),
(25, 9, 1, 'PRIMER BIMESTRE', '1ER. B', 0.45, NULL, NULL, 0),
(26, 9, 1, 'SEGUNDO BIMESTRE', '2DO. B', 0.45, NULL, NULL, 0),
(27, 9, 1, 'PROYECTO INTEGRADOR', 'PRI', 0.1, NULL, NULL, 0),
(28, 9, 2, 'EXAMEN SUPLETORIO', 'SUP', 0.01, 4.01, 6.99, 0),
(29, 7, 2, 'EXAMEN SUPLETORIO', 'SUP.', 0.01, 4.01, 6.99, 7),
(33, 11, 1, 'PRIMER TRIMESTRE', '1ER.T.', 0.3, NULL, NULL, 0),
(34, 11, 1, 'SEGUNDO TRIMESTRE', '2DO.T.', 0.3, NULL, NULL, 0),
(35, 11, 1, 'TERCER TRIMESTRE', '3ER.T.', 0.3, NULL, NULL, 0),
(36, 11, 7, 'PROYECTO INTEGRADOR', 'PRI', 0.1, 0.01, 0.01, 0),
(37, 11, 2, 'EXAMEN SUPLETORIO', 'SUP', NULL, 0.01, 0.01, 0);

-- --------------------------------------------------------

--
-- Estructura de tabla para la tabla `sw_periodo_evaluacion_curso`
--

CREATE TABLE `sw_periodo_evaluacion_curso` (
  `id_periodo_evaluacion_curso` int(11) NOT NULL,
  `id_periodo_lectivo` int(11) NOT NULL,
  `id_periodo_evaluacion` int(11) NOT NULL,
  `id_curso` int(11) NOT NULL,
  `pe_ponderacion` float DEFAULT NULL,
  `pc_orden` int(11) NOT NULL DEFAULT 0
) ENGINE=InnoDB DEFAULT CHARSET=latin1 COLLATE=latin1_swedish_ci;

--
-- Volcado de datos para la tabla `sw_periodo_evaluacion_curso`
--

INSERT INTO `sw_periodo_evaluacion_curso` (`id_periodo_evaluacion_curso`, `id_periodo_lectivo`, `id_periodo_evaluacion`, `id_curso`, `pe_ponderacion`, `pc_orden`) VALUES
(1, 11, 33, 33, 0.3, 1),
(2, 11, 34, 33, 0.3, 2),
(3, 11, 35, 33, 0.3, 3),
(4, 11, 36, 33, 0.1, 4),
(5, 11, 37, 33, NULL, 5),
(6, 11, 33, 34, 0.3, 1),
(7, 11, 34, 34, 0.3, 1),
(8, 11, 35, 34, 0.3, 1),
(9, 11, 36, 34, 0.1, 1),
(10, 11, 37, 34, NULL, 1),
(11, 11, 33, 35, 0.3, 1),
(12, 11, 34, 35, 0.3, 1),
(13, 11, 35, 35, 0.3, 1),
(14, 11, 36, 35, 0.1, 1),
(15, 11, 37, 35, NULL, 1),
(16, 11, 33, 36, 0.3, 1),
(17, 11, 34, 36, 0.3, 1),
(18, 11, 35, 36, 0.3, 1),
(19, 11, 36, 36, 0.1, 1),
(20, 11, 37, 36, NULL, 1),
(21, 11, 33, 37, 0.3, 1),
(22, 11, 34, 37, 0.3, 1),
(23, 11, 35, 37, 0.3, 1),
(24, 11, 36, 37, 0.1, 1),
(25, 11, 37, 37, NULL, 1),
(26, 11, 33, 38, 0.3, 1),
(27, 11, 34, 38, 0.3, 1),
(28, 11, 35, 38, 0.3, 1),
(29, 11, 36, 38, 0.1, 1),
(30, 11, 37, 38, NULL, 1);

-- --------------------------------------------------------

--
-- Estructura de tabla para la tabla `sw_periodo_lectivo`
--

CREATE TABLE `sw_periodo_lectivo` (
  `id_periodo_lectivo` int(11) UNSIGNED NOT NULL,
  `id_periodo_estado` int(11) UNSIGNED NOT NULL,
  `id_modalidad` int(11) UNSIGNED NOT NULL,
  `pe_anio_inicio` int(5) NOT NULL,
  `pe_anio_fin` int(5) NOT NULL,
  `pe_fecha_inicio` date NOT NULL,
  `pe_fecha_fin` date NOT NULL,
  `pe_estado` varchar(1) NOT NULL,
  `pe_nota_minima` float NOT NULL,
  `pe_nota_aprobacion` float NOT NULL,
  `quien_ins_comp` tinyint(1) UNSIGNED NOT NULL DEFAULT 0 COMMENT '0: Tutor; 1: Docente'
) ENGINE=InnoDB DEFAULT CHARSET=utf8mb4 COLLATE=utf8mb4_general_ci;

--
-- Volcado de datos para la tabla `sw_periodo_lectivo`
--

INSERT INTO `sw_periodo_lectivo` (`id_periodo_lectivo`, `id_periodo_estado`, `id_modalidad`, `pe_anio_inicio`, `pe_anio_fin`, `pe_fecha_inicio`, `pe_fecha_fin`, `pe_estado`, `pe_nota_minima`, `pe_nota_aprobacion`, `quien_ins_comp`) VALUES
(1, 1, 1, 2021, 2022, '2021-09-01', '2022-07-31', 'A', 4.01, 7, 0),
(2, 1, 3, 2021, 2022, '2021-10-25', '2022-08-31', 'A', 0.01, 7, 0),
(3, 1, 2, 2021, 2022, '2021-10-25', '2022-03-25', 'A', 0.01, 7, 0),
(7, 1, 1, 2022, 2023, '2022-09-01', '2023-07-13', 'A', 0.01, 7, 0),
(8, 1, 3, 2022, 2023, '2023-09-01', '2024-02-09', 'A', 4.01, 7, 0),
(9, 1, 2, 2021, 2022, '2022-04-26', '2022-09-09', 'A', 4.01, 7, 0),
(11, 1, 1, 2023, 2024, '2023-09-01', '2024-07-09', '', 0, 0, 0);

-- --------------------------------------------------------

--
-- Estructura de tabla para la tabla `sw_por_hacer`
--

CREATE TABLE `sw_por_hacer` (
  `id` int(11) NOT NULL,
  `tarea` text NOT NULL,
  `hecho` tinyint(1) NOT NULL,
  `fecha` timestamp NOT NULL DEFAULT current_timestamp() ON UPDATE current_timestamp()
) ENGINE=MyISAM DEFAULT CHARSET=latin1 COLLATE=latin1_swedish_ci;

--
-- Volcado de datos para la tabla `sw_por_hacer`
--

INSERT INTO `sw_por_hacer` (`id`, `tarea`, `hecho`, `fecha`) VALUES
(26, 'Cerrar Periodos Lectivos accediendo al último id_periodo_lectivo de acuerdo a la modalidad (No comparando el pe_anio_inicio!)', 0, '2023-09-25 04:15:00'),
(20, 'CREAR UNA PAGINA DE CONFIGURACIÓN INICIAL DEL AÑO LECTIVO.', 0, '2023-08-04 06:26:34'),
(21, 'PERSONALIZAR LOS COMENTARIOS POR USUARIO (MENSAJES NO LEIDOS Y LEIDOS)', 0, '2023-08-04 06:35:58'),
(16, 'Cambiar el login para que despliegue los periodos lectivos agrupados según la modalidad.', 1, '2023-08-04 14:22:45'),
(4, 'Arreglar el Crud de Usuarios: No actualiza bien, no controla bien si no se pasa el archivo de imagen, cambiar a la versión de lista múltiple para los perfiles del usuario.', 0, '2023-07-31 09:53:12'),
(19, 'UNIFICAR LOS CRUD PARA LAS TABLAS sw_asignatura_curso Y sw_malla_curricular, y modificar todo el código en los cuales se utilicen esas tablas.', 0, '2023-08-04 06:25:11'),
(24, 'Construir el menú mediante AJAX, de acuerdo al perfil del usuario.', 0, '2023-08-13 15:48:08'),
(25, 'Cambiar el CRUD de Usuarios para que quede igual a la versión MVC.', 1, '2023-09-25 04:14:13'),
(9, 'Cambiar el sistema de acuerdo a las reformas realizadas a la LOEI. Agosto de 2023.', 0, '2023-07-31 11:09:42'),
(11, 'Crear una carpeta \"application\" con las subcarpetas \"controllers\", \"libraries\", \"models\" y \"views\" para organizar el código.', 0, '2023-08-03 20:20:11'),
(12, 'Cambiar el campo fecha de la tabla sw_tarea de timestamp a date.', 0, '2023-08-03 20:40:44'),
(27, 'Reemplazar el CRUD Asociar Asignaturas Cursos por el CRUD Definición de Mallas Curriculares... ya no habrá la necesidad de la tabla sw_asignaturas_cursos... este cambio es intenso porque abarca cambiar en todos los lugares que se utilice la tabla sw_asignaturas_cursos', 0, '2024-09-30 06:42:50');

-- --------------------------------------------------------

--
-- Estructura de tabla para la tabla `sw_promedio_anual`
--

CREATE TABLE `sw_promedio_anual` (
  `id` int(11) NOT NULL,
  `id_paralelo` int(11) NOT NULL,
  `id_estudiante` int(11) NOT NULL,
  `id_asignatura` int(11) NOT NULL,
  `id_periodo_lectivo` int(11) NOT NULL,
  `promedio_anual` float NOT NULL
) ENGINE=InnoDB DEFAULT CHARSET=utf8mb4 COLLATE=utf8mb4_general_ci;

--
-- Volcado de datos para la tabla `sw_promedio_anual`
--

INSERT INTO `sw_promedio_anual` (`id`, `id_paralelo`, `id_estudiante`, `id_asignatura`, `id_periodo_lectivo`, `promedio_anual`) VALUES
(181, 17, 369, 3, 3, 7.1),
(182, 17, 370, 3, 3, 8.21),
(183, 17, 372, 3, 3, 9.2),
(184, 17, 373, 3, 3, 9.562),
(185, 17, 374, 3, 3, 9.575),
(186, 17, 376, 3, 3, 9.375),
(187, 17, 377, 3, 3, 7.112),
(188, 17, 378, 3, 3, 9),
(189, 17, 379, 3, 3, 9.762),
(190, 17, 380, 3, 3, 7.875),
(191, 17, 382, 3, 3, 5.612),
(192, 17, 384, 3, 3, 7.1),
(193, 17, 385, 3, 3, 2.25),
(194, 17, 386, 3, 3, 7.162),
(195, 17, 388, 3, 3, 9.937),
(196, 17, 389, 3, 3, 8.124),
(197, 17, 390, 3, 3, 9.187),
(198, 17, 393, 3, 3, 7.347),
(199, 17, 394, 3, 3, 7.987),
(200, 17, 369, 23, 3, 7.89),
(201, 17, 370, 23, 3, 8.812),
(202, 17, 372, 23, 3, 9.1),
(203, 17, 373, 23, 3, 9.812),
(204, 17, 374, 23, 3, 8.25),
(205, 17, 376, 23, 3, 7.25),
(206, 17, 377, 23, 3, 8.687),
(207, 17, 378, 23, 3, 8.55),
(208, 17, 379, 23, 3, 9.25),
(209, 17, 380, 23, 3, 8.5),
(210, 17, 382, 23, 3, 3.425),
(211, 17, 384, 23, 3, 7.075),
(212, 17, 385, 23, 3, 6.725),
(213, 17, 386, 23, 3, 8),
(214, 17, 388, 23, 3, 8.093),
(215, 17, 389, 23, 3, 8.375),
(216, 17, 390, 23, 3, 9.1),
(217, 17, 393, 23, 3, 8.5),
(218, 17, 394, 23, 3, 9.375),
(219, 18, 395, 16, 3, 9.5),
(220, 18, 396, 16, 3, 9.537),
(221, 18, 397, 16, 3, 8.8),
(222, 18, 398, 16, 3, 9.874),
(223, 18, 399, 16, 3, 9.874),
(224, 18, 400, 16, 3, 8),
(225, 18, 402, 16, 3, 8.2),
(226, 18, 403, 16, 3, 7),
(227, 18, 404, 16, 3, 9.374),
(228, 18, 406, 16, 3, 9.5),
(229, 18, 407, 16, 3, 9),
(230, 18, 408, 16, 3, 7),
(231, 18, 409, 16, 3, 8.75),
(232, 18, 411, 16, 3, 10),
(233, 18, 412, 16, 3, 10),
(234, 18, 413, 16, 3, 9.5),
(235, 18, 414, 16, 3, 9.874),
(236, 18, 415, 16, 3, 8.5),
(237, 18, 416, 16, 3, 7.4),
(238, 18, 417, 16, 3, 7.4),
(239, 18, 418, 16, 3, 9),
(240, 18, 420, 16, 3, 7.275),
(241, 18, 395, 3, 3, 9.5),
(242, 18, 396, 3, 3, 9),
(243, 18, 397, 3, 3, 8),
(244, 18, 398, 3, 3, 9.681),
(245, 18, 399, 3, 3, 9.575),
(246, 18, 400, 3, 3, 7.625),
(247, 18, 402, 3, 3, 7),
(248, 18, 403, 3, 3, 7.625),
(249, 18, 404, 3, 3, 8.062),
(250, 18, 406, 3, 3, 9.437),
(251, 18, 407, 3, 3, 7),
(252, 18, 408, 3, 3, 7),
(253, 18, 409, 3, 3, 9.312),
(254, 18, 411, 3, 3, 9.437),
(255, 18, 412, 3, 3, 9.187),
(256, 18, 413, 3, 3, 9.025),
(257, 18, 414, 3, 3, 9.312),
(258, 18, 415, 3, 3, 9.625),
(259, 18, 416, 3, 3, 7),
(260, 18, 417, 3, 3, 7),
(261, 18, 418, 3, 3, 7.824),
(262, 18, 420, 3, 3, 7.562),
(263, 18, 395, 23, 3, 9.375),
(264, 18, 396, 23, 3, 9.25),
(265, 18, 397, 23, 3, 8.5),
(266, 18, 398, 23, 3, 9.75),
(267, 18, 399, 23, 3, 9.725),
(268, 18, 400, 23, 3, 7.162),
(269, 18, 402, 23, 3, 7),
(270, 18, 403, 23, 3, 7.875),
(271, 18, 404, 23, 3, 8.63),
(272, 18, 406, 23, 3, 8.7),
(273, 18, 407, 23, 3, 7.025),
(274, 18, 408, 23, 3, 7.2),
(275, 18, 409, 23, 3, 9.412),
(276, 18, 411, 23, 3, 9.75),
(277, 18, 412, 23, 3, 9.187),
(278, 18, 413, 23, 3, 9.1),
(279, 18, 414, 23, 3, 9.475),
(280, 18, 415, 23, 3, 7.875),
(281, 18, 416, 23, 3, 7.2),
(282, 18, 417, 23, 3, 7.1),
(283, 18, 418, 23, 3, 8.437),
(284, 18, 420, 23, 3, 7.85),
(285, 17, 369, 16, 3, 8),
(286, 17, 370, 16, 3, 9.9),
(287, 17, 372, 16, 3, 8.675),
(288, 17, 373, 16, 3, 9),
(289, 17, 374, 16, 3, 9.9),
(290, 17, 376, 16, 3, 9.9),
(291, 17, 377, 16, 3, 9.54),
(292, 17, 378, 16, 3, 9.9),
(293, 17, 379, 16, 3, 9.9),
(294, 17, 380, 16, 3, 9),
(295, 17, 382, 16, 3, 7),
(296, 17, 384, 16, 3, 9.675),
(297, 17, 385, 16, 3, 9),
(298, 17, 386, 16, 3, 8.1),
(299, 17, 388, 16, 3, 8.1),
(300, 17, 389, 16, 3, 8.35),
(301, 17, 390, 16, 3, 9.9),
(302, 17, 393, 16, 3, 9.9),
(303, 17, 394, 16, 3, 9.9);

-- --------------------------------------------------------

--
-- Estructura de tabla para la tabla `sw_promocion_automatica`
--

CREATE TABLE `sw_promocion_automatica` (
  `id_promocion_automatica` int(11) NOT NULL,
  `id_periodo_lectivo` int(11) UNSIGNED NOT NULL,
  `id_paralelo_actual` int(11) NOT NULL,
  `id_paralelo_anterior` int(11) NOT NULL,
  `pro_estado` int(11) NOT NULL DEFAULT 0
) ENGINE=InnoDB DEFAULT CHARSET=utf8 COLLATE=utf8_spanish2_ci;

--
-- Volcado de datos para la tabla `sw_promocion_automatica`
--

INSERT INTO `sw_promocion_automatica` (`id_promocion_automatica`, `id_periodo_lectivo`, `id_paralelo_actual`, `id_paralelo_anterior`, `pro_estado`) VALUES
(1, 11, 36, 20, 0);

-- --------------------------------------------------------

--
-- Estructura de tabla para la tabla `sw_questions`
--

CREATE TABLE `sw_questions` (
  `id` int(5) NOT NULL,
  `id_category` int(5) NOT NULL,
  `question_no` varchar(5) NOT NULL,
  `question` varchar(500) NOT NULL,
  `is_correct` int(1) NOT NULL
) ENGINE=InnoDB DEFAULT CHARSET=utf8mb4 COLLATE=utf8mb4_general_ci;

--
-- Volcado de datos para la tabla `sw_questions`
--

INSERT INTO `sw_questions` (`id`, `id_category`, `question_no`, `question`, `is_correct`) VALUES
(1, 1, '1', 'Resolver   3 · (-11) + 24 - 4', 88),
(2, 1, '2', 'Resolver    -16 · 7 : 4 + 4 - 3', 89),
(3, 1, '3', 'Resolver   -6 · (-12) - 24 - 5 + 1', 93),
(4, 1, '4', 'Resolver   -72 : 9 + 7 · (-4) - 6', 97),
(5, 1, '5', 'Resolver    - [3 · (4 - 6) - 2]', 98),
(6, 1, '6', 'Resolver    2 - [-3 · (2 - 3 - 6) + 8]', 102),
(7, 1, '7', 'Resolver    2 · [-9 · (-9 + 3 - 6) + 5]', 104),
(8, 1, '8', 'Resolver    -27 : [-3 · (-9 - 6) - 72 : 2]', 107),
(9, 1, '9', 'Resolver    -7 · [5 · (-2 + 6) - 2 · (-5 + 9)]', 111),
(10, 1, '10', 'Resolver    8 : (15 - 7) - [3 · (4 - 6) - 2]', 113),
(11, 2, '1', '¿A qué propiedad de la adición pertenece la siguiente igualdad: 6 + 3 = 3 + 6?', 32),
(12, 2, '2', '¿A qué propiedad de la adición pertenece la siguiente igualdad: 6 + 0 = 6?', 35),
(13, 2, '3', '¿A qué propiedad de la adición pertenece la siguiente igualdad: (6 + 3) + 9 = 6 + (3 + 9)?', 37),
(14, 2, '4', '¿A qué propiedad de la adición pertenece la siguiente igualdad: 2 × (3 + 4) = 2 × 3 + 2 × 4?', 41),
(15, 2, '5', 'En la multiplicación, el elemento neutro en cualquier caso es CERO.', 43),
(16, 2, '6', 'En la siguiente operatoria: 9 × 2 + 45 - 30 ¿Cuál es el orden de resolución?', 48),
(17, 2, '7', 'En la operatoria: (8 × 3) + 5 - 3 ¿Qué operación debo resolver primero?', 49),
(18, 2, '8', 'El resultado de 2 + 4 × 3 es:', 52),
(19, 2, '9', 'El resultado de 7 × 0 es:', 127),
(22, 3, '1', 'En el MRU la magnitud constante es', 58),
(23, 3, '2', 'El desplazamiento es una cantidad', 61),
(24, 3, '3', 'En el MRU la aceleración es', 63),
(25, 3, '4', 'Cuando todas las posiciones que ocupa un móvil están en una línea recta el movimiento es...', 67),
(26, 3, '5', 'Cuando en un movimiento la velocidad no varía es...', 69),
(27, 3, '6', 'Si un móvil recorre 36 m en 4 s ¿Cuál es su rapidez?', 73),
(28, 3, '7', 'Magnitud vectorial:', 75),
(29, 3, '8', 'Es el camino recorrido', 77),
(30, 3, '9', 'Cantidad escalar:', 0),
(31, 3, '10', 'Distancias iguales en tiempos iguales', 0),
(32, 4, '1', 'El primer sistema de escritura se desarrolló en ....................', 3),
(33, 4, '2', '¿En qué país se originó la epidemia del coronavirus COVID-19?', 6),
(34, 4, '3', 'El país más grande en extensión es', 7),
(35, 4, '4', 'Los derechos del hombre se refieren esencialmente a', 11),
(36, 4, '5', 'La primera guerra mundial comenzó en el año de ....... y terminó en el año de ........', 15),
(37, 4, '6', 'El salario que permite satisfacer las necesidades elementales del trabajador y su familia, se denomina', 16),
(38, 4, '7', 'El tipo de escritura que se empleó en la antigua civilización egipcia se denomina', 20),
(39, 4, '8', 'La Ilíada y la Odisea de Homero son obras literarias de', 22),
(40, 4, '9', '¿Cuál de los siguientes monumentos es característico de la cultura egipcia?', 25),
(41, 4, '10', '¿Cuál de los siguientes animales no es un mamífero?', 30),
(42, 5, '1', 'Un auto parte del reposo con aceleración constante de 2 m/s². Calcula su rapidez final luego de 5 s.', 119),
(43, 5, '2', '¿Qué significa que un móvil tenga una aceleración de 2 m/s² ?', 121),
(44, 5, '3', 'Si usted pisa el acelerador durante 3 segundos. ¿Cuándo recorre mayor distancia?', 125),
(45, 5, '4', '¿Cómo es la gráfica de la función velocidad en el MRUV?', 126),
(46, 5, '5', 'La función velocidad en el MRUV es:', 127),
(47, 5, '6', '¿Qué magnitud permanece constante en el MRUV?', 127),
(48, 5, '7', 'La unidad de la rapidez es:', 127),
(49, 5, '8', '¿Cuál de las siguientes magnitudes físicas es un escalar?', 127),
(50, 5, '9', 'Se define al movimiento como el cambio de .......................', 127),
(51, 5, '10', 'La aceleración es el cambio de ........................ con el tiempo.', 127),
(52, 2, '10', '¿Es lo mismo 6 × 8 que 8 × 6?', 127);

-- --------------------------------------------------------

--
-- Estructura de tabla para la tabla `sw_representante`
--

CREATE TABLE `sw_representante` (
  `id_representante` int(11) NOT NULL,
  `id_estudiante` int(11) UNSIGNED DEFAULT NULL,
  `re_apellidos` varchar(32) DEFAULT NULL,
  `re_nombres` varchar(32) DEFAULT NULL,
  `re_nombre_completo` varchar(64) DEFAULT NULL,
  `re_cedula` varchar(10) DEFAULT NULL,
  `re_genero` varchar(1) DEFAULT NULL,
  `re_email` varchar(64) DEFAULT NULL,
  `re_sector` varchar(36) DEFAULT NULL,
  `re_direccion` varchar(64) DEFAULT NULL,
  `re_telefono` varchar(16) DEFAULT NULL,
  `re_observacion` varchar(256) DEFAULT NULL,
  `re_parentesco` varchar(45) DEFAULT NULL
) ENGINE=InnoDB DEFAULT CHARSET=utf8 COLLATE=utf8_general_ci COMMENT='					';

-- --------------------------------------------------------

--
-- Estructura de tabla para la tabla `sw_rubrica_docente`
--

CREATE TABLE `sw_rubrica_docente` (
  `id_rubrica_evaluacion` int(11) NOT NULL,
  `id_criterio_personalizado` int(11) NOT NULL,
  `id_usuario` int(11) NOT NULL,
  `id_asignatura` int(11) NOT NULL,
  `id_paralelo` int(11) UNSIGNED NOT NULL
) ENGINE=InnoDB DEFAULT CHARSET=latin1 COLLATE=latin1_swedish_ci;

--
-- Volcado de datos para la tabla `sw_rubrica_docente`
--

INSERT INTO `sw_rubrica_docente` (`id_rubrica_evaluacion`, `id_criterio_personalizado`, `id_usuario`, `id_asignatura`, `id_paralelo`) VALUES
(1, 1, 5, 14, 10),
(1, 2, 5, 14, 10),
(1, 3, 5, 14, 10),
(1, 4, 5, 14, 10),
(2, 5, 5, 14, 10),
(2, 6, 5, 14, 10),
(2, 7, 5, 14, 10),
(2, 8, 5, 14, 10),
(3, 9, 5, 14, 10),
(3, 10, 5, 14, 10),
(3, 11, 5, 14, 10),
(3, 12, 5, 14, 10),
(4, 13, 5, 14, 10),
(4, 14, 5, 14, 10),
(4, 15, 5, 14, 10),
(4, 16, 5, 14, 10),
(5, 17, 5, 14, 10),
(1, 18, 5, 15, 10),
(1, 19, 5, 15, 10),
(1, 20, 5, 15, 10),
(1, 21, 5, 15, 10),
(2, 22, 5, 15, 10),
(2, 23, 5, 15, 10),
(2, 24, 5, 15, 10),
(2, 25, 5, 15, 10);

-- --------------------------------------------------------

--
-- Estructura de tabla para la tabla `sw_rubrica_estudiante`
--

CREATE TABLE `sw_rubrica_estudiante` (
  `id_rubrica_estudiante` int(11) NOT NULL,
  `id_estudiante` int(11) UNSIGNED NOT NULL,
  `id_paralelo` int(11) UNSIGNED NOT NULL,
  `id_asignatura` int(11) UNSIGNED NOT NULL,
  `id_rubrica_evaluacion` int(11) NOT NULL,
  `re_calificacion` float NOT NULL
) ENGINE=InnoDB DEFAULT CHARSET=latin1 COLLATE=latin1_swedish_ci;

--
-- Volcado de datos para la tabla `sw_rubrica_estudiante`
--

INSERT INTO `sw_rubrica_estudiante` (`id_rubrica_estudiante`, `id_estudiante`, `id_paralelo`, `id_asignatura`, `id_rubrica_evaluacion`, `re_calificacion`) VALUES
(1, 369, 17, 16, 32, 8),
(3, 369, 17, 16, 33, 8),
(4, 370, 17, 16, 32, 10),
(5, 370, 17, 16, 33, 10),
(6, 372, 17, 16, 32, 9),
(7, 372, 17, 16, 33, 9),
(8, 373, 17, 16, 32, 9),
(9, 373, 17, 16, 33, 9),
(10, 374, 17, 16, 32, 10),
(11, 374, 17, 16, 33, 10),
(12, 376, 17, 16, 32, 10),
(13, 376, 17, 16, 33, 10),
(14, 377, 17, 16, 32, 9.4),
(15, 377, 17, 16, 33, 9.8),
(16, 378, 17, 16, 32, 10),
(17, 378, 17, 16, 33, 10),
(18, 379, 17, 16, 32, 10),
(19, 379, 17, 16, 33, 10),
(20, 380, 17, 16, 32, 9),
(21, 380, 17, 16, 33, 9),
(22, 382, 17, 16, 32, 7),
(23, 382, 17, 16, 33, 7),
(24, 384, 17, 16, 32, 9.5),
(25, 384, 17, 16, 33, 10),
(26, 385, 17, 16, 32, 9),
(27, 385, 17, 16, 33, 9),
(28, 386, 17, 16, 32, 8),
(29, 386, 17, 16, 33, 8),
(30, 388, 17, 16, 32, 9),
(31, 388, 17, 16, 33, 7),
(32, 389, 17, 16, 32, 9),
(33, 389, 17, 16, 33, 9),
(34, 390, 17, 16, 32, 10),
(35, 390, 17, 16, 33, 10),
(36, 393, 17, 16, 32, 10),
(37, 393, 17, 16, 33, 10),
(38, 394, 17, 16, 32, 10),
(39, 394, 17, 16, 33, 10),
(40, 369, 17, 3, 32, 10),
(41, 369, 17, 3, 33, 5),
(42, 370, 17, 3, 32, 10),
(43, 370, 17, 3, 33, 8),
(44, 372, 17, 3, 32, 10),
(45, 372, 17, 3, 33, 9),
(46, 373, 17, 3, 32, 10),
(47, 373, 17, 3, 33, 9.5),
(48, 374, 17, 3, 32, 10),
(49, 374, 17, 3, 33, 10),
(50, 376, 17, 3, 32, 9),
(51, 376, 17, 3, 33, 8),
(52, 377, 17, 3, 32, 10),
(53, 377, 17, 3, 33, 8),
(54, 378, 17, 3, 32, 10),
(55, 378, 17, 3, 33, 8),
(56, 379, 17, 3, 32, 10),
(57, 379, 17, 3, 33, 9.5),
(58, 380, 17, 3, 32, 7),
(59, 380, 17, 3, 33, 7),
(60, 382, 17, 3, 32, 6),
(61, 382, 17, 3, 33, 6),
(62, 384, 17, 3, 32, 10),
(63, 384, 17, 3, 33, 10),
(64, 385, 17, 3, 32, 10),
(65, 385, 17, 3, 33, 8),
(66, 386, 17, 3, 32, 10),
(67, 386, 17, 3, 33, 5),
(68, 388, 17, 3, 32, 10),
(69, 388, 17, 3, 33, 9.5),
(70, 389, 17, 3, 32, 8),
(71, 389, 17, 3, 33, 8),
(72, 390, 17, 3, 32, 10),
(73, 390, 17, 3, 33, 9.5),
(74, 393, 17, 3, 32, 10),
(75, 393, 17, 3, 33, 9.5),
(76, 394, 17, 3, 32, 10),
(77, 394, 17, 3, 33, 9.5),
(78, 369, 17, 23, 32, 8),
(79, 369, 17, 23, 33, 6.13),
(80, 370, 17, 23, 32, 9.5),
(81, 370, 17, 23, 33, 6.5),
(82, 372, 17, 23, 32, 10),
(83, 372, 17, 23, 33, 6),
(84, 373, 17, 23, 32, 10),
(85, 373, 17, 23, 33, 10),
(86, 374, 17, 23, 32, 10),
(87, 374, 17, 23, 33, 10),
(88, 376, 17, 23, 32, 10),
(89, 376, 17, 23, 33, 9.5),
(90, 377, 17, 23, 32, 10),
(91, 377, 17, 23, 33, 7),
(92, 378, 17, 23, 32, 10),
(93, 378, 17, 23, 33, 8),
(94, 379, 17, 23, 32, 10),
(95, 379, 17, 23, 33, 7),
(96, 380, 17, 23, 32, 10),
(97, 380, 17, 23, 33, 6),
(98, 382, 17, 23, 32, 5),
(99, 382, 17, 23, 33, 7),
(100, 384, 17, 23, 32, 8),
(101, 384, 17, 23, 33, 8),
(102, 385, 17, 23, 32, 8),
(103, 385, 17, 23, 33, 7),
(104, 386, 17, 23, 32, 8),
(105, 386, 17, 23, 33, 9),
(106, 388, 17, 23, 32, 10),
(107, 388, 17, 23, 33, 8.75),
(108, 389, 17, 23, 32, 8),
(109, 389, 17, 23, 33, 5.5),
(110, 390, 17, 23, 32, 8),
(111, 390, 17, 23, 33, 7),
(112, 393, 17, 23, 32, 9.5),
(113, 393, 17, 23, 33, 5),
(114, 394, 17, 23, 32, 10),
(115, 394, 17, 23, 33, 8),
(116, 395, 18, 16, 32, 9),
(117, 395, 18, 16, 33, 9),
(118, 396, 18, 16, 32, 10),
(119, 396, 18, 16, 33, 10),
(120, 397, 18, 16, 32, 8),
(121, 397, 18, 16, 33, 8),
(122, 398, 18, 16, 32, 10),
(123, 398, 18, 16, 33, 9.5),
(124, 399, 18, 16, 32, 10),
(125, 399, 18, 16, 33, 9.5),
(126, 400, 18, 16, 32, 8),
(127, 400, 18, 16, 33, 8),
(128, 402, 18, 16, 32, 8),
(129, 402, 18, 16, 33, 8),
(130, 403, 18, 16, 32, 8),
(131, 403, 18, 16, 33, 8),
(132, 404, 18, 16, 32, 9.5),
(133, 404, 18, 16, 33, 10),
(134, 406, 18, 16, 32, 10),
(135, 406, 18, 16, 33, 10),
(136, 407, 18, 16, 32, 9),
(137, 407, 18, 16, 33, 9),
(138, 408, 18, 16, 32, 7),
(139, 408, 18, 16, 33, 7),
(140, 409, 18, 16, 32, 9),
(141, 409, 18, 16, 33, 8),
(142, 411, 18, 16, 32, 10),
(143, 411, 18, 16, 33, 10),
(144, 412, 18, 16, 32, 10),
(145, 412, 18, 16, 33, 10),
(146, 413, 18, 16, 32, 10),
(147, 413, 18, 16, 33, 9),
(148, 414, 18, 16, 32, 10),
(149, 414, 18, 16, 33, 10),
(150, 415, 18, 16, 32, 10),
(151, 415, 18, 16, 33, 8),
(152, 416, 18, 16, 32, 7),
(153, 416, 18, 16, 33, 8),
(154, 417, 18, 16, 32, 7),
(155, 417, 18, 16, 33, 8),
(156, 418, 18, 16, 32, 8),
(157, 418, 18, 16, 33, 8),
(158, 420, 18, 16, 32, 9),
(159, 420, 18, 16, 33, 10),
(160, 395, 18, 3, 32, 9),
(161, 395, 18, 3, 33, 10),
(162, 396, 18, 3, 32, 9),
(163, 396, 18, 3, 33, 10),
(164, 397, 18, 3, 32, 8),
(165, 397, 18, 3, 33, 8),
(166, 398, 18, 3, 32, 10),
(167, 398, 18, 3, 33, 8),
(168, 399, 18, 3, 32, 8),
(169, 399, 18, 3, 33, 10),
(170, 400, 18, 3, 32, 9),
(171, 400, 18, 3, 33, 9),
(172, 402, 18, 3, 32, 7),
(173, 402, 18, 3, 33, 7),
(174, 403, 18, 3, 32, 8),
(175, 403, 18, 3, 33, 7),
(176, 404, 18, 3, 32, 8),
(177, 404, 18, 3, 33, 9),
(178, 406, 18, 3, 32, 9),
(179, 406, 18, 3, 33, 9),
(180, 407, 18, 3, 32, 8),
(181, 407, 18, 3, 33, 9),
(182, 408, 18, 3, 32, 7),
(183, 408, 18, 3, 33, 7),
(184, 409, 18, 3, 32, 8),
(185, 409, 18, 3, 33, 9),
(186, 411, 18, 3, 32, 8.5),
(187, 411, 18, 3, 33, 9),
(188, 412, 18, 3, 32, 10),
(189, 412, 18, 3, 33, 8),
(190, 413, 18, 3, 32, 9),
(191, 413, 18, 3, 33, 9),
(192, 414, 18, 3, 32, 9),
(193, 414, 18, 3, 33, 9.5),
(194, 415, 18, 3, 32, 10),
(195, 415, 18, 3, 33, 10),
(196, 416, 18, 3, 32, 7),
(197, 416, 18, 3, 33, 7),
(198, 417, 18, 3, 32, 7),
(199, 417, 18, 3, 33, 7),
(200, 418, 18, 3, 32, 8),
(201, 418, 18, 3, 33, 7),
(202, 420, 18, 3, 32, 8.5),
(203, 420, 18, 3, 33, 7),
(204, 395, 18, 23, 32, 10),
(205, 395, 18, 23, 33, 9),
(206, 396, 18, 23, 32, 10),
(207, 396, 18, 23, 33, 9.25),
(208, 397, 18, 23, 32, 10),
(209, 397, 18, 23, 33, 8),
(210, 398, 18, 23, 32, 10),
(211, 398, 18, 23, 33, 10),
(212, 399, 18, 23, 32, 10),
(213, 399, 18, 23, 33, 9),
(214, 400, 18, 23, 32, 8),
(215, 400, 18, 23, 33, 6),
(216, 402, 18, 23, 32, 8),
(217, 402, 18, 23, 33, 6),
(218, 403, 18, 23, 32, 10),
(219, 403, 18, 23, 33, 8),
(220, 404, 18, 23, 32, 10),
(221, 404, 18, 23, 33, 7.75),
(222, 406, 18, 23, 32, 10),
(223, 406, 18, 23, 33, 8),
(224, 407, 18, 23, 32, 10),
(225, 407, 18, 23, 33, 5),
(226, 408, 18, 23, 32, 7),
(227, 408, 18, 23, 33, 7),
(228, 409, 18, 23, 32, 10),
(229, 409, 18, 23, 33, 9),
(230, 411, 18, 23, 32, 10),
(231, 411, 18, 23, 33, 9),
(232, 412, 18, 23, 32, 10),
(233, 412, 18, 23, 33, 7.5),
(234, 413, 18, 23, 32, 10),
(235, 413, 18, 23, 33, 7),
(236, 414, 18, 23, 32, 10),
(237, 414, 18, 23, 33, 8),
(238, 415, 18, 23, 32, 10),
(239, 415, 18, 23, 33, 6),
(240, 416, 18, 23, 32, 7),
(241, 416, 18, 23, 33, 7),
(242, 417, 18, 23, 32, 7),
(243, 417, 18, 23, 33, 7),
(244, 418, 18, 23, 32, 10),
(245, 418, 18, 23, 33, 8.5),
(246, 420, 18, 23, 32, 10),
(247, 420, 18, 23, 33, 4),
(248, 369, 17, 16, 34, 8),
(249, 369, 17, 16, 35, 8),
(250, 370, 17, 16, 34, 10),
(251, 370, 17, 16, 35, 10),
(252, 372, 17, 16, 34, 9),
(253, 372, 17, 16, 35, 8),
(254, 373, 17, 16, 34, 9),
(255, 373, 17, 16, 35, 9),
(256, 374, 17, 16, 34, 10),
(257, 374, 17, 16, 35, 10),
(258, 376, 17, 16, 34, 10),
(259, 376, 17, 16, 35, 10),
(260, 377, 17, 16, 34, 9.4),
(261, 377, 17, 16, 35, 9.8),
(262, 378, 17, 16, 34, 10),
(263, 378, 17, 16, 35, 10),
(264, 379, 17, 16, 34, 10),
(265, 379, 17, 16, 35, 10),
(266, 380, 17, 16, 34, 10),
(267, 380, 17, 16, 35, 8),
(268, 382, 17, 16, 34, 7),
(269, 382, 17, 16, 35, 7),
(270, 384, 17, 16, 34, 9.5),
(271, 384, 17, 16, 35, 10),
(272, 385, 17, 16, 34, 9),
(273, 385, 17, 16, 35, 9),
(274, 386, 17, 16, 34, 8),
(275, 386, 17, 16, 35, 8),
(276, 388, 17, 16, 34, 9),
(277, 388, 17, 16, 35, 7),
(278, 389, 17, 16, 34, 8),
(279, 389, 17, 16, 35, 8),
(280, 390, 17, 16, 34, 10),
(281, 390, 17, 16, 35, 10),
(282, 393, 17, 16, 34, 10),
(283, 393, 17, 16, 35, 10),
(284, 394, 17, 16, 34, 10),
(285, 394, 17, 16, 35, 10),
(286, 369, 17, 3, 35, 10),
(287, 370, 17, 3, 34, 10),
(288, 370, 17, 3, 35, 6),
(289, 372, 17, 3, 34, 10),
(290, 372, 17, 3, 35, 8),
(291, 373, 17, 3, 34, 10),
(292, 373, 17, 3, 35, 8.5),
(293, 374, 17, 3, 34, 10),
(294, 374, 17, 3, 35, 9),
(295, 376, 17, 3, 34, 10),
(296, 376, 17, 3, 35, 9),
(297, 377, 17, 3, 35, 10),
(298, 378, 17, 3, 34, 6),
(299, 378, 17, 3, 35, 9),
(300, 379, 17, 3, 34, 10),
(301, 379, 17, 3, 35, 10),
(302, 380, 17, 3, 34, 7),
(303, 380, 17, 3, 35, 7),
(304, 382, 17, 3, 35, 7),
(305, 384, 17, 3, 34, 10),
(306, 384, 17, 3, 35, 3),
(307, 386, 17, 3, 34, 7),
(308, 386, 17, 3, 35, 7),
(309, 388, 17, 3, 34, 10),
(310, 388, 17, 3, 35, 10),
(311, 389, 17, 3, 34, 7),
(312, 389, 17, 3, 35, 7.5),
(313, 390, 17, 3, 34, 9),
(314, 390, 17, 3, 35, 8),
(315, 393, 17, 3, 34, 7),
(316, 393, 17, 3, 35, 7),
(317, 394, 17, 3, 34, 10),
(318, 394, 17, 3, 35, 5),
(319, 369, 17, 23, 34, 10),
(320, 369, 17, 23, 35, 6.5),
(321, 370, 17, 23, 34, 10),
(322, 370, 17, 23, 35, 7),
(323, 372, 17, 23, 34, 10),
(324, 372, 17, 23, 35, 10),
(325, 373, 17, 23, 34, 10),
(326, 373, 17, 23, 35, 10),
(327, 374, 17, 23, 34, 10),
(328, 374, 17, 23, 35, 7),
(329, 376, 17, 23, 34, 8),
(330, 376, 17, 23, 35, 5.5),
(331, 377, 17, 23, 34, 8),
(332, 377, 17, 23, 35, 7.5),
(333, 378, 17, 23, 34, 4),
(334, 378, 17, 23, 35, 10),
(335, 379, 17, 23, 34, 10),
(336, 379, 17, 23, 35, 7),
(337, 380, 17, 23, 34, 10),
(338, 380, 17, 23, 35, 9),
(339, 382, 17, 23, 34, 5),
(340, 382, 17, 23, 35, 9),
(341, 384, 17, 23, 34, 7),
(342, 384, 17, 23, 35, 6),
(343, 385, 17, 23, 34, 9),
(344, 385, 17, 23, 35, 7),
(345, 386, 17, 23, 34, 9),
(346, 386, 17, 23, 35, 6),
(347, 388, 17, 23, 34, 8),
(348, 388, 17, 23, 35, 10),
(349, 389, 17, 23, 34, 9),
(350, 389, 17, 23, 35, 7.5),
(351, 390, 17, 23, 34, 10),
(352, 390, 17, 23, 35, 10),
(353, 393, 17, 23, 34, 9.5),
(354, 393, 17, 23, 35, 10),
(355, 394, 17, 23, 34, 10),
(356, 394, 17, 23, 35, 9),
(357, 395, 18, 16, 34, 10),
(358, 395, 18, 16, 35, 10),
(359, 396, 18, 16, 34, 9),
(360, 396, 18, 16, 35, 9),
(361, 397, 18, 16, 34, 10),
(362, 397, 18, 16, 35, 10),
(363, 398, 18, 16, 34, 10),
(364, 398, 18, 16, 35, 10),
(365, 399, 18, 16, 34, 10),
(366, 399, 18, 16, 35, 10),
(367, 400, 18, 16, 34, 8),
(368, 400, 18, 16, 35, 8),
(369, 402, 18, 16, 34, 9),
(370, 402, 18, 16, 35, 9),
(371, 403, 18, 16, 34, 7),
(372, 403, 18, 16, 35, 7),
(373, 404, 18, 16, 34, 9),
(374, 404, 18, 16, 35, 9),
(375, 406, 18, 16, 34, 9),
(376, 406, 18, 16, 35, 9),
(377, 407, 18, 16, 34, 9),
(378, 407, 18, 16, 35, 9),
(379, 408, 18, 16, 34, 7),
(380, 408, 18, 16, 35, 7),
(381, 409, 18, 16, 34, 9),
(382, 409, 18, 16, 35, 9),
(383, 411, 18, 16, 34, 10),
(384, 411, 18, 16, 35, 10),
(385, 412, 18, 16, 34, 10),
(386, 412, 18, 16, 35, 10),
(387, 413, 18, 16, 34, 10),
(388, 413, 18, 16, 35, 9),
(389, 414, 18, 16, 34, 10),
(390, 414, 18, 16, 35, 9.5),
(391, 415, 18, 16, 34, 8),
(392, 415, 18, 16, 35, 8),
(393, 416, 18, 16, 34, 8),
(394, 416, 18, 16, 35, 7),
(395, 417, 18, 16, 34, 8),
(396, 417, 18, 16, 35, 7),
(397, 418, 18, 16, 34, 10),
(398, 418, 18, 16, 35, 10),
(399, 420, 18, 16, 34, 7),
(400, 420, 18, 16, 35, 7),
(401, 395, 18, 3, 34, 10),
(402, 395, 18, 3, 35, 9),
(403, 396, 18, 3, 34, 7),
(404, 396, 18, 3, 35, 8),
(405, 397, 18, 3, 34, 7),
(406, 397, 18, 3, 35, 7),
(407, 398, 18, 3, 34, 10),
(408, 398, 18, 3, 35, 10),
(409, 399, 18, 3, 34, 9.5),
(410, 399, 18, 3, 35, 9),
(411, 400, 18, 3, 34, 7),
(412, 400, 18, 3, 35, 8),
(413, 402, 18, 3, 34, 7),
(414, 402, 18, 3, 35, 7),
(415, 403, 18, 3, 34, 8),
(416, 403, 18, 3, 35, 10),
(417, 404, 18, 3, 34, 9.5),
(418, 404, 18, 3, 35, 8),
(419, 406, 18, 3, 34, 9),
(420, 406, 18, 3, 35, 8.5),
(421, 407, 18, 3, 34, 7),
(422, 407, 18, 3, 35, 7),
(423, 408, 18, 3, 34, 7),
(424, 408, 18, 3, 35, 7),
(425, 409, 18, 3, 34, 9.5),
(426, 409, 18, 3, 35, 9),
(427, 411, 18, 3, 34, 10),
(428, 411, 18, 3, 35, 9),
(429, 412, 18, 3, 34, 8),
(430, 412, 18, 3, 35, 8),
(431, 413, 18, 3, 34, 9),
(432, 413, 18, 3, 35, 8),
(433, 414, 18, 3, 34, 9),
(434, 414, 18, 3, 35, 10),
(435, 415, 18, 3, 34, 10),
(436, 415, 18, 3, 35, 9),
(437, 416, 18, 3, 34, 7),
(438, 416, 18, 3, 35, 7),
(439, 417, 18, 3, 34, 7),
(440, 417, 18, 3, 35, 7),
(441, 418, 18, 3, 34, 7),
(442, 418, 18, 3, 35, 7.5),
(443, 420, 18, 3, 34, 8),
(444, 420, 18, 3, 35, 9),
(445, 395, 18, 23, 34, 10),
(446, 395, 18, 23, 35, 9),
(447, 396, 18, 23, 34, 10),
(448, 396, 18, 23, 35, 10),
(449, 397, 18, 23, 34, 7),
(450, 397, 18, 23, 35, 7),
(451, 398, 18, 23, 34, 10),
(452, 398, 18, 23, 35, 10),
(453, 399, 18, 23, 34, 10),
(454, 399, 18, 23, 35, 10),
(455, 400, 18, 23, 34, 10),
(456, 400, 18, 23, 35, 5.5),
(457, 402, 18, 23, 34, 7),
(458, 402, 18, 23, 35, 7),
(459, 403, 18, 23, 34, 7),
(460, 403, 18, 23, 35, 7),
(461, 404, 18, 23, 34, 10),
(462, 404, 18, 23, 35, 10),
(463, 406, 18, 23, 34, 10),
(464, 406, 18, 23, 35, 7.5),
(465, 407, 18, 23, 34, 10),
(466, 407, 18, 23, 35, 3),
(467, 408, 18, 23, 34, 7),
(468, 408, 18, 23, 35, 7),
(469, 409, 18, 23, 34, 10),
(470, 409, 18, 23, 35, 7.5),
(471, 411, 18, 23, 34, 10),
(472, 411, 18, 23, 35, 10),
(473, 412, 18, 23, 34, 10),
(474, 412, 18, 23, 35, 9),
(475, 413, 18, 23, 34, 10),
(476, 413, 18, 23, 35, 10),
(477, 414, 18, 23, 34, 10),
(478, 414, 18, 23, 35, 10),
(479, 415, 18, 23, 34, 9),
(480, 415, 18, 23, 35, 9),
(481, 416, 18, 23, 34, 7),
(482, 416, 18, 23, 35, 7),
(483, 417, 18, 23, 34, 7),
(484, 417, 18, 23, 35, 7),
(485, 418, 18, 23, 34, 10),
(486, 418, 18, 23, 35, 7),
(487, 420, 18, 23, 34, 7),
(488, 420, 18, 23, 35, 8),
(489, 369, 17, 16, 36, 8),
(490, 370, 17, 16, 36, 10),
(491, 372, 17, 16, 36, 8.75),
(492, 373, 17, 16, 36, 9),
(493, 374, 17, 16, 36, 10),
(494, 376, 17, 16, 36, 10),
(495, 377, 17, 16, 36, 9.6),
(496, 378, 17, 16, 36, 10),
(497, 379, 17, 16, 36, 10),
(498, 380, 17, 16, 36, 9),
(499, 382, 17, 16, 36, 7),
(500, 384, 17, 16, 36, 9.75),
(501, 385, 17, 16, 36, 9),
(502, 386, 17, 16, 36, 8),
(503, 388, 17, 16, 36, 8),
(504, 389, 17, 16, 36, 8.5),
(505, 390, 17, 16, 36, 10),
(506, 393, 17, 16, 36, 10),
(507, 394, 17, 16, 36, 10),
(508, 369, 17, 3, 36, 7.5),
(509, 370, 17, 3, 36, 8.5),
(510, 372, 17, 3, 36, 9.25),
(511, 373, 17, 3, 36, 9.5),
(512, 374, 17, 3, 36, 9.75),
(513, 376, 17, 3, 36, 9),
(514, 377, 17, 3, 36, 8.25),
(515, 378, 17, 3, 36, 8.25),
(516, 379, 17, 3, 36, 9.87),
(517, 380, 17, 3, 36, 7),
(518, 382, 17, 3, 36, 6),
(519, 384, 17, 3, 36, 8.25),
(520, 385, 17, 3, 36, 4.5),
(521, 386, 17, 3, 36, 7.25),
(522, 388, 17, 3, 36, 9.87),
(523, 389, 17, 3, 36, 7.62),
(524, 390, 17, 3, 36, 9.12),
(525, 393, 17, 3, 36, 4.87),
(526, 394, 17, 3, 36, 8.62),
(527, 369, 17, 23, 36, 7.65),
(528, 370, 17, 23, 36, 8.25),
(529, 372, 17, 23, 36, 9),
(530, 373, 17, 23, 36, 10),
(531, 374, 17, 23, 36, 9.25),
(532, 376, 17, 23, 36, 8.25),
(533, 377, 17, 23, 36, 8.12),
(534, 378, 17, 23, 36, 7.25),
(535, 379, 17, 23, 36, 8.5),
(536, 380, 17, 23, 36, 8.75),
(537, 382, 17, 23, 36, 4.5),
(538, 384, 17, 23, 36, 6.75),
(539, 385, 17, 23, 36, 7.25),
(540, 386, 17, 23, 36, 8),
(541, 388, 17, 23, 36, 9.18),
(542, 389, 17, 23, 36, 7.5),
(543, 390, 17, 23, 36, 8.5),
(544, 393, 17, 23, 36, 8.5),
(545, 394, 17, 23, 36, 9.25),
(546, 395, 18, 16, 36, 9.5),
(547, 396, 18, 16, 36, 9.5),
(548, 397, 18, 16, 36, 9),
(549, 398, 18, 16, 36, 9.87),
(550, 399, 18, 16, 36, 9.87),
(551, 400, 18, 16, 36, 8),
(552, 402, 18, 16, 36, 7),
(553, 403, 18, 16, 36, 5),
(554, 404, 18, 16, 36, 9.37),
(555, 406, 18, 16, 36, 9.5),
(556, 407, 18, 16, 36, 9),
(557, 408, 18, 16, 36, 7),
(558, 409, 18, 16, 36, 8.75),
(559, 411, 18, 16, 36, 10),
(560, 412, 18, 16, 36, 10),
(561, 413, 18, 16, 36, 9.5),
(562, 414, 18, 16, 36, 9.87),
(563, 415, 18, 16, 36, 8.5),
(564, 416, 18, 16, 36, 7),
(565, 417, 18, 16, 36, 7),
(566, 418, 18, 16, 36, 9),
(567, 420, 18, 16, 36, 4.75),
(568, 395, 18, 3, 36, 9.5),
(569, 396, 18, 3, 36, 8.5),
(570, 397, 18, 3, 36, 7.5),
(571, 398, 18, 3, 36, 8.81),
(572, 399, 18, 3, 36, 9.25),
(573, 400, 18, 3, 36, 8.25),
(574, 402, 18, 3, 36, 7),
(575, 403, 18, 3, 36, 8.25),
(576, 404, 18, 3, 36, 8.62),
(577, 406, 18, 3, 36, 8.87),
(578, 407, 18, 3, 36, 7),
(579, 408, 18, 3, 36, 7),
(580, 409, 18, 3, 36, 8.87),
(581, 411, 18, 3, 36, 9.12),
(582, 412, 18, 3, 36, 8.5),
(583, 413, 18, 3, 36, 8.75),
(584, 414, 18, 3, 36, 9.37),
(585, 415, 18, 3, 36, 9.75),
(586, 416, 18, 3, 36, 7),
(587, 417, 18, 3, 36, 7),
(588, 418, 18, 3, 36, 7.37),
(589, 420, 18, 3, 36, 8.12),
(590, 395, 18, 23, 36, 9.5),
(591, 396, 18, 23, 36, 9.5),
(592, 397, 18, 23, 36, 8),
(593, 398, 18, 23, 36, 10),
(594, 399, 18, 23, 36, 9.5),
(595, 400, 18, 23, 36, 7.12),
(596, 402, 18, 23, 36, 7),
(597, 403, 18, 23, 36, 8),
(598, 404, 18, 23, 36, 9.18),
(599, 406, 18, 23, 36, 9),
(600, 407, 18, 23, 36, 6.25),
(601, 408, 18, 23, 36, 7),
(602, 409, 18, 23, 36, 8.87),
(603, 411, 18, 23, 36, 9.75),
(604, 412, 18, 23, 36, 9.12),
(605, 413, 18, 23, 36, 9),
(606, 414, 18, 23, 36, 9.25),
(607, 415, 18, 23, 36, 8.5),
(608, 416, 18, 23, 36, 7),
(609, 417, 18, 23, 36, 7),
(610, 418, 18, 23, 36, 8.87),
(611, 420, 18, 23, 36, 5.5),
(612, 369, 17, 16, 37, 8),
(613, 369, 17, 16, 38, 8),
(614, 370, 17, 16, 37, 10),
(615, 370, 17, 16, 38, 10),
(616, 372, 17, 16, 37, 8),
(617, 372, 17, 16, 38, 9),
(618, 373, 17, 16, 37, 9),
(619, 373, 17, 16, 38, 9),
(620, 374, 17, 16, 37, 10),
(621, 374, 17, 16, 38, 10),
(622, 376, 17, 16, 37, 10),
(623, 376, 17, 16, 38, 10),
(624, 377, 17, 16, 37, 9.4),
(625, 377, 17, 16, 38, 9.8),
(626, 378, 17, 16, 37, 10),
(627, 378, 17, 16, 38, 10),
(628, 379, 17, 16, 37, 10),
(629, 379, 17, 16, 38, 10),
(630, 380, 17, 16, 37, 10),
(631, 380, 17, 16, 38, 8),
(632, 382, 17, 16, 37, 7),
(633, 382, 17, 16, 38, 7),
(634, 384, 17, 16, 37, 9.5),
(635, 384, 17, 16, 38, 10),
(636, 385, 17, 16, 37, 9),
(637, 385, 17, 16, 38, 9),
(638, 386, 17, 16, 37, 8),
(639, 386, 17, 16, 38, 8),
(640, 388, 17, 16, 37, 9),
(641, 388, 17, 16, 38, 7),
(642, 389, 17, 16, 37, 8),
(643, 389, 17, 16, 38, 8),
(644, 390, 17, 16, 37, 10),
(645, 390, 17, 16, 38, 10),
(646, 393, 17, 16, 37, 10),
(647, 393, 17, 16, 38, 10),
(648, 394, 17, 16, 37, 10),
(649, 394, 17, 16, 38, 10),
(650, 369, 17, 3, 37, 1),
(651, 369, 17, 3, 38, 10),
(652, 370, 17, 3, 37, 10),
(653, 370, 17, 3, 38, 6),
(654, 372, 17, 3, 37, 10),
(655, 372, 17, 3, 38, 8),
(656, 373, 17, 3, 37, 10),
(657, 373, 17, 3, 38, 8.5),
(658, 374, 17, 3, 37, 10),
(659, 374, 17, 3, 38, 9),
(660, 376, 17, 3, 37, 10),
(661, 376, 17, 3, 38, 9),
(662, 377, 17, 3, 37, 1),
(663, 377, 17, 3, 38, 10),
(664, 378, 17, 3, 37, 10),
(665, 378, 17, 3, 38, 9),
(666, 379, 17, 3, 37, 10),
(667, 379, 17, 3, 38, 10),
(668, 380, 17, 3, 37, 10),
(669, 380, 17, 3, 38, 7),
(670, 382, 17, 3, 37, 1),
(671, 382, 17, 3, 38, 7),
(672, 384, 17, 3, 37, 10),
(673, 384, 17, 3, 38, 3),
(674, 386, 17, 3, 37, 7),
(675, 386, 17, 3, 38, 7),
(676, 388, 17, 3, 37, 10),
(677, 388, 17, 3, 38, 10),
(678, 389, 17, 3, 37, 7),
(679, 389, 17, 3, 38, 7.5),
(680, 390, 17, 3, 37, 9),
(681, 390, 17, 3, 38, 8),
(682, 393, 17, 3, 37, 7),
(683, 393, 17, 3, 38, 7),
(684, 394, 17, 3, 37, 10),
(685, 394, 17, 3, 38, 1),
(686, 369, 17, 23, 37, 10),
(687, 369, 17, 23, 38, 4.5),
(688, 370, 17, 23, 37, 10),
(689, 370, 17, 23, 38, 7.5),
(690, 372, 17, 23, 37, 10),
(691, 372, 17, 23, 38, 10),
(692, 373, 17, 23, 37, 10),
(693, 373, 17, 23, 38, 8.5),
(694, 374, 17, 23, 37, 10),
(695, 374, 17, 23, 38, 10),
(696, 376, 17, 23, 37, 10),
(697, 376, 17, 23, 38, 5),
(698, 377, 17, 23, 37, 9),
(699, 377, 17, 23, 38, 9),
(700, 378, 17, 23, 37, 8),
(701, 378, 17, 23, 38, 9),
(702, 379, 17, 23, 37, 10),
(703, 379, 17, 23, 38, 10),
(704, 380, 17, 23, 37, 7),
(705, 380, 17, 23, 38, 7),
(706, 382, 17, 23, 38, 3),
(707, 384, 17, 23, 37, 7),
(708, 384, 17, 23, 38, 7),
(709, 385, 17, 23, 37, 10),
(710, 385, 17, 23, 38, 4),
(711, 386, 17, 23, 37, 7),
(712, 386, 17, 23, 38, 10),
(713, 388, 17, 23, 37, 7),
(714, 388, 17, 23, 38, 7),
(715, 389, 17, 23, 37, 10),
(716, 389, 17, 23, 38, 8),
(717, 390, 17, 23, 37, 10),
(718, 390, 17, 23, 38, 9),
(719, 393, 17, 23, 37, 9),
(720, 393, 17, 23, 38, 7),
(721, 394, 17, 23, 37, 10),
(722, 394, 17, 23, 38, 10),
(723, 395, 18, 16, 37, 9),
(724, 395, 18, 16, 38, 10),
(725, 396, 18, 16, 37, 10),
(726, 396, 18, 16, 38, 10),
(727, 397, 18, 16, 37, 8),
(728, 397, 18, 16, 38, 8),
(729, 398, 18, 16, 37, 9.75),
(730, 398, 18, 16, 38, 10),
(731, 399, 18, 16, 37, 9.75),
(732, 399, 18, 16, 38, 10),
(733, 400, 18, 16, 37, 8),
(734, 400, 18, 16, 38, 8),
(735, 402, 18, 16, 37, 8),
(736, 402, 18, 16, 38, 8),
(737, 403, 18, 16, 37, 8),
(738, 403, 18, 16, 38, 8),
(739, 404, 18, 16, 37, 9.75),
(740, 404, 18, 16, 38, 9),
(741, 406, 18, 16, 37, 10),
(742, 406, 18, 16, 38, 9),
(743, 407, 18, 16, 37, 9),
(744, 407, 18, 16, 38, 9),
(745, 408, 18, 16, 37, 7),
(746, 408, 18, 16, 38, 7),
(747, 409, 18, 16, 37, 8.5),
(748, 409, 18, 16, 38, 9),
(749, 411, 18, 16, 37, 10),
(750, 411, 18, 16, 38, 10),
(751, 412, 18, 16, 37, 10),
(752, 412, 18, 16, 38, 10),
(753, 413, 18, 16, 37, 9.5),
(754, 413, 18, 16, 38, 9.5),
(755, 414, 18, 16, 37, 10),
(756, 414, 18, 16, 38, 9.75),
(757, 415, 18, 16, 37, 10),
(758, 415, 18, 16, 38, 8),
(759, 416, 18, 16, 37, 7),
(760, 416, 18, 16, 38, 8),
(761, 417, 18, 16, 37, 7),
(762, 417, 18, 16, 38, 8),
(763, 418, 18, 16, 37, 8),
(764, 418, 18, 16, 38, 10),
(765, 420, 18, 16, 37, 7),
(766, 420, 18, 16, 38, 6),
(767, 395, 18, 3, 37, 9),
(768, 395, 18, 3, 38, 9),
(769, 396, 18, 3, 37, 9),
(770, 396, 18, 3, 38, 9),
(771, 397, 18, 3, 37, 8),
(772, 397, 18, 3, 38, 8),
(773, 398, 18, 3, 37, 10),
(774, 398, 18, 3, 38, 10),
(775, 399, 18, 3, 37, 10),
(776, 399, 18, 3, 38, 10),
(777, 400, 18, 3, 37, 7),
(778, 400, 18, 3, 38, 7),
(779, 402, 18, 3, 37, 7),
(780, 402, 18, 3, 38, 7),
(781, 403, 18, 3, 37, 7),
(782, 403, 18, 3, 38, 7),
(783, 404, 18, 3, 37, 8),
(784, 404, 18, 3, 38, 8),
(785, 406, 18, 3, 37, 10),
(786, 406, 18, 3, 38, 10),
(787, 407, 18, 3, 37, 6.4),
(788, 407, 18, 3, 38, 6.4),
(789, 408, 18, 3, 37, 7),
(790, 408, 18, 3, 38, 7),
(791, 409, 18, 3, 37, 10),
(792, 409, 18, 3, 38, 10),
(793, 411, 18, 3, 37, 10),
(794, 411, 18, 3, 38, 10),
(795, 412, 18, 3, 37, 10),
(796, 412, 18, 3, 38, 10),
(797, 413, 18, 3, 37, 10),
(798, 413, 18, 3, 38, 8.6),
(799, 414, 18, 3, 37, 9),
(800, 414, 18, 3, 38, 9),
(801, 415, 18, 3, 37, 9),
(802, 415, 18, 3, 38, 9),
(803, 416, 18, 3, 37, 7),
(804, 416, 18, 3, 38, 7),
(805, 417, 18, 3, 37, 7),
(806, 417, 18, 3, 38, 7),
(807, 418, 18, 3, 37, 9),
(808, 418, 18, 3, 38, 9),
(809, 420, 18, 3, 37, 7),
(810, 420, 18, 3, 38, 7),
(811, 395, 18, 23, 37, 8),
(812, 395, 18, 23, 38, 10),
(813, 396, 18, 23, 37, 8),
(814, 396, 18, 23, 38, 9),
(815, 397, 18, 23, 37, 9),
(816, 397, 18, 23, 38, 10),
(817, 398, 18, 23, 37, 9),
(818, 398, 18, 23, 38, 9),
(819, 399, 18, 23, 37, 10),
(820, 399, 18, 23, 38, 10),
(821, 400, 18, 23, 37, 4),
(822, 400, 18, 23, 38, 10),
(823, 402, 18, 23, 37, 7),
(824, 402, 18, 23, 38, 7),
(825, 403, 18, 23, 37, 7),
(826, 403, 18, 23, 38, 10),
(827, 404, 18, 23, 37, 7),
(828, 404, 18, 23, 38, 7),
(829, 406, 18, 23, 37, 8),
(830, 406, 18, 23, 38, 7),
(831, 407, 18, 23, 37, 8),
(832, 407, 18, 23, 38, 10),
(833, 408, 18, 23, 37, 7),
(834, 408, 18, 23, 38, 8),
(835, 409, 18, 23, 37, 10),
(836, 409, 18, 23, 38, 10),
(837, 411, 18, 23, 37, 10),
(838, 411, 18, 23, 38, 10),
(839, 412, 18, 23, 37, 8),
(840, 412, 18, 23, 38, 10),
(841, 413, 18, 23, 37, 8),
(842, 413, 18, 23, 38, 10),
(843, 414, 18, 23, 37, 10),
(844, 414, 18, 23, 38, 9),
(845, 415, 18, 23, 37, 10),
(846, 416, 18, 23, 37, 7),
(847, 416, 18, 23, 38, 8),
(848, 417, 18, 23, 37, 7),
(849, 417, 18, 23, 38, 8),
(850, 418, 18, 23, 37, 8),
(851, 418, 18, 23, 38, 10),
(852, 420, 18, 23, 37, 8),
(853, 420, 18, 23, 38, 10),
(854, 369, 17, 16, 39, 8),
(855, 369, 17, 16, 40, 8),
(856, 370, 17, 16, 39, 10),
(857, 370, 17, 16, 40, 10),
(858, 372, 17, 16, 39, 8),
(859, 372, 17, 16, 40, 9),
(860, 373, 17, 16, 39, 9),
(861, 373, 17, 16, 40, 9),
(862, 374, 17, 16, 39, 10),
(863, 374, 17, 16, 40, 10),
(864, 376, 17, 16, 39, 10),
(865, 376, 17, 16, 40, 10),
(866, 377, 17, 16, 39, 9.4),
(867, 377, 17, 16, 40, 9.8),
(868, 378, 17, 16, 39, 10),
(869, 378, 17, 16, 40, 10),
(870, 379, 17, 16, 39, 10),
(871, 379, 17, 16, 40, 10),
(872, 380, 17, 16, 39, 10),
(873, 380, 17, 16, 40, 8),
(874, 382, 17, 16, 39, 7),
(875, 382, 17, 16, 40, 7),
(876, 384, 17, 16, 39, 9.5),
(877, 384, 17, 16, 40, 10),
(878, 385, 17, 16, 39, 9),
(879, 385, 17, 16, 40, 9),
(880, 386, 17, 16, 39, 8),
(881, 386, 17, 16, 40, 8),
(882, 388, 17, 16, 39, 9),
(883, 388, 17, 16, 40, 7),
(884, 389, 17, 16, 39, 8),
(885, 389, 17, 16, 40, 8),
(886, 390, 17, 16, 39, 10),
(887, 390, 17, 16, 40, 10),
(888, 393, 17, 16, 39, 10),
(889, 393, 17, 16, 40, 10),
(890, 394, 17, 16, 39, 10),
(891, 394, 17, 16, 40, 10),
(892, 369, 17, 3, 39, 10),
(893, 369, 17, 3, 40, 10),
(894, 370, 17, 3, 39, 10),
(895, 370, 17, 3, 40, 7.1),
(896, 372, 17, 3, 39, 10),
(897, 372, 17, 3, 40, 8.6),
(898, 373, 17, 3, 39, 10),
(899, 373, 17, 3, 40, 10),
(900, 374, 17, 3, 39, 10),
(901, 374, 17, 3, 40, 8.6),
(902, 376, 17, 3, 39, 10),
(903, 376, 17, 3, 40, 10),
(904, 377, 17, 3, 39, 10),
(905, 377, 17, 3, 40, 7.1),
(906, 378, 17, 3, 39, 10),
(907, 378, 17, 3, 40, 10),
(908, 379, 17, 3, 39, 10),
(909, 379, 17, 3, 40, 8.6),
(910, 380, 17, 3, 39, 10),
(911, 380, 17, 3, 40, 10),
(912, 382, 17, 3, 39, 10),
(913, 382, 17, 3, 40, 7.1),
(914, 384, 17, 3, 39, 10),
(915, 384, 17, 3, 40, 1),
(916, 386, 17, 3, 39, 10),
(917, 386, 17, 3, 40, 7.1),
(918, 388, 17, 3, 39, 10),
(919, 388, 17, 3, 40, 10),
(920, 389, 17, 3, 39, 10),
(921, 389, 17, 3, 40, 10),
(922, 390, 17, 3, 39, 10),
(923, 390, 17, 3, 40, 10),
(924, 393, 17, 3, 39, 10),
(925, 393, 17, 3, 40, 8.6),
(926, 394, 17, 3, 39, 10),
(927, 394, 17, 3, 40, 8.6),
(928, 369, 17, 23, 39, 10),
(929, 369, 17, 23, 40, 8),
(930, 370, 17, 23, 39, 10),
(931, 370, 17, 23, 40, 10),
(932, 372, 17, 23, 39, 8),
(933, 372, 17, 23, 40, 9),
(934, 373, 17, 23, 39, 10),
(935, 373, 17, 23, 40, 10),
(936, 374, 17, 23, 40, 9),
(937, 376, 17, 23, 39, 10),
(938, 377, 17, 23, 39, 10),
(939, 377, 17, 23, 40, 9),
(940, 378, 17, 23, 39, 10),
(941, 378, 17, 23, 40, 10),
(942, 379, 17, 23, 39, 10),
(943, 379, 17, 23, 40, 10),
(944, 380, 17, 23, 39, 10),
(945, 380, 17, 23, 40, 9),
(946, 384, 17, 23, 39, 7),
(947, 384, 17, 23, 40, 7),
(948, 385, 17, 23, 39, 7),
(949, 385, 17, 23, 40, 7),
(950, 386, 17, 23, 39, 7),
(951, 386, 17, 23, 40, 8),
(952, 388, 17, 23, 39, 7),
(953, 388, 17, 23, 40, 7),
(954, 389, 17, 23, 39, 10),
(955, 389, 17, 23, 40, 9),
(956, 390, 17, 23, 39, 10),
(957, 390, 17, 23, 40, 9),
(958, 393, 17, 23, 39, 10),
(959, 393, 17, 23, 40, 8),
(960, 394, 17, 23, 39, 9),
(961, 394, 17, 23, 40, 9),
(962, 395, 18, 16, 39, 9),
(963, 395, 18, 16, 40, 10),
(964, 396, 18, 16, 39, 9),
(965, 396, 18, 16, 40, 9.3),
(966, 397, 18, 16, 39, 9),
(967, 397, 18, 16, 40, 9),
(968, 398, 18, 16, 39, 9.75),
(969, 398, 18, 16, 40, 10),
(970, 399, 18, 16, 39, 9.75),
(971, 399, 18, 16, 40, 10),
(972, 400, 18, 16, 39, 8),
(973, 400, 18, 16, 40, 8),
(974, 402, 18, 16, 39, 9),
(975, 402, 18, 16, 40, 9),
(976, 403, 18, 16, 39, 7),
(977, 403, 18, 16, 40, 7),
(978, 404, 18, 16, 39, 9.75),
(979, 404, 18, 16, 40, 9),
(980, 406, 18, 16, 39, 10),
(981, 406, 18, 16, 40, 9),
(982, 407, 18, 16, 39, 9),
(983, 407, 18, 16, 40, 9),
(984, 408, 18, 16, 39, 7),
(985, 408, 18, 16, 40, 7),
(986, 409, 18, 16, 39, 8.5),
(987, 409, 18, 16, 40, 9),
(988, 411, 18, 16, 39, 10),
(989, 411, 18, 16, 40, 10),
(990, 412, 18, 16, 39, 10),
(991, 412, 18, 16, 40, 10),
(992, 413, 18, 16, 39, 9.5),
(993, 413, 18, 16, 40, 9.5),
(994, 414, 18, 16, 39, 10),
(995, 414, 18, 16, 40, 9.75),
(996, 415, 18, 16, 39, 8),
(997, 415, 18, 16, 40, 8),
(998, 416, 18, 16, 39, 7),
(999, 416, 18, 16, 40, 8),
(1000, 417, 18, 16, 39, 7),
(1001, 417, 18, 16, 40, 8),
(1002, 418, 18, 16, 39, 8),
(1003, 418, 18, 16, 40, 10),
(1004, 420, 18, 16, 39, 6),
(1005, 420, 18, 16, 40, 7),
(1006, 395, 18, 3, 39, 10),
(1007, 395, 18, 3, 40, 10),
(1008, 396, 18, 3, 39, 10),
(1009, 396, 18, 3, 40, 10),
(1010, 397, 18, 3, 39, 8),
(1011, 397, 18, 3, 40, 10),
(1012, 398, 18, 3, 39, 10),
(1013, 398, 18, 3, 40, 10),
(1014, 399, 18, 3, 39, 10),
(1015, 399, 18, 3, 40, 10),
(1016, 400, 18, 3, 39, 7),
(1017, 400, 18, 3, 40, 7),
(1018, 402, 18, 3, 39, 7),
(1019, 402, 18, 3, 40, 7),
(1020, 403, 18, 3, 39, 7),
(1021, 403, 18, 3, 40, 7),
(1022, 404, 18, 3, 39, 10),
(1023, 404, 18, 3, 40, 4),
(1024, 406, 18, 3, 39, 10),
(1025, 406, 18, 3, 40, 10),
(1026, 407, 18, 3, 39, 6.4),
(1027, 407, 18, 3, 40, 6.4),
(1028, 408, 18, 3, 39, 7),
(1029, 408, 18, 3, 40, 7),
(1030, 409, 18, 3, 39, 9),
(1031, 409, 18, 3, 40, 10),
(1032, 411, 18, 3, 39, 9),
(1033, 411, 18, 3, 40, 10),
(1034, 412, 18, 3, 39, 9.5),
(1035, 412, 18, 3, 40, 10),
(1036, 413, 18, 3, 39, 10),
(1037, 413, 18, 3, 40, 8.6),
(1038, 414, 18, 3, 39, 9),
(1039, 414, 18, 3, 40, 10),
(1040, 415, 18, 3, 39, 10),
(1041, 415, 18, 3, 40, 10),
(1042, 416, 18, 3, 39, 7),
(1043, 416, 18, 3, 40, 7),
(1044, 417, 18, 3, 39, 7),
(1045, 417, 18, 3, 40, 7),
(1046, 418, 18, 3, 39, 8),
(1047, 418, 18, 3, 40, 7.1),
(1048, 420, 18, 3, 39, 7),
(1049, 420, 18, 3, 40, 7),
(1050, 395, 18, 23, 39, 10),
(1051, 395, 18, 23, 40, 9),
(1052, 396, 18, 23, 39, 10),
(1053, 396, 18, 23, 40, 8),
(1054, 397, 18, 23, 39, 8),
(1055, 397, 18, 23, 40, 9),
(1056, 398, 18, 23, 39, 10),
(1057, 398, 18, 23, 40, 10),
(1058, 399, 18, 23, 39, 10),
(1059, 399, 18, 23, 40, 9),
(1060, 400, 18, 23, 39, 7),
(1061, 400, 18, 23, 40, 7),
(1062, 402, 18, 23, 39, 7),
(1063, 402, 18, 23, 40, 7),
(1064, 403, 18, 23, 39, 7),
(1065, 403, 18, 23, 40, 7),
(1066, 404, 18, 23, 39, 9.5),
(1067, 404, 18, 23, 40, 8),
(1068, 406, 18, 23, 39, 10),
(1069, 406, 18, 23, 40, 9),
(1070, 407, 18, 23, 39, 10),
(1071, 407, 18, 23, 40, 4),
(1072, 408, 18, 23, 39, 7),
(1073, 408, 18, 23, 40, 8),
(1074, 409, 18, 23, 39, 10),
(1075, 409, 18, 23, 40, 9),
(1076, 411, 18, 23, 39, 10),
(1077, 411, 18, 23, 40, 9),
(1078, 412, 18, 23, 39, 10),
(1079, 412, 18, 23, 40, 9),
(1080, 413, 18, 23, 39, 8),
(1081, 413, 18, 23, 40, 10),
(1082, 414, 18, 23, 39, 10),
(1083, 414, 18, 23, 40, 9),
(1084, 415, 18, 23, 39, 10),
(1085, 415, 18, 23, 40, 9),
(1086, 416, 18, 23, 39, 7),
(1087, 416, 18, 23, 40, 8),
(1088, 417, 18, 23, 39, 7),
(1089, 417, 18, 23, 40, 7),
(1090, 418, 18, 23, 39, 10),
(1091, 418, 18, 23, 40, 4),
(1092, 420, 18, 23, 39, 7),
(1093, 420, 18, 23, 40, 10),
(1094, 369, 17, 16, 41, 8),
(1095, 370, 17, 16, 41, 9),
(1096, 372, 17, 16, 41, 9),
(1097, 373, 17, 16, 41, 9),
(1098, 374, 17, 16, 41, 9),
(1099, 376, 17, 16, 41, 9),
(1100, 377, 17, 16, 41, 9),
(1101, 378, 17, 16, 41, 9),
(1102, 379, 17, 16, 41, 9),
(1103, 380, 17, 16, 41, 9),
(1104, 382, 17, 16, 41, 7),
(1105, 384, 17, 16, 41, 9),
(1106, 385, 17, 16, 41, 9),
(1107, 386, 17, 16, 41, 9),
(1108, 388, 17, 16, 41, 9),
(1109, 389, 17, 16, 41, 9),
(1110, 390, 17, 16, 41, 9),
(1111, 393, 17, 16, 41, 9),
(1112, 394, 17, 16, 41, 9),
(1113, 369, 17, 3, 41, 7.5),
(1114, 370, 17, 3, 41, 6.5),
(1115, 372, 17, 3, 41, 9.15),
(1116, 373, 17, 3, 41, 9.62),
(1117, 374, 17, 3, 41, 9.4),
(1118, 376, 17, 3, 41, 9.75),
(1119, 377, 17, 3, 41, 6.77),
(1120, 378, 17, 3, 41, 9.75),
(1121, 379, 17, 3, 41, 9.65),
(1122, 380, 17, 3, 41, 6.75),
(1123, 382, 17, 3, 41, 6.02),
(1124, 384, 17, 3, 41, 5.75),
(1125, 386, 17, 3, 41, 4.27),
(1126, 388, 17, 3, 41, 10),
(1127, 389, 17, 3, 41, 8.62),
(1128, 390, 17, 3, 41, 9.25),
(1129, 393, 17, 3, 41, 2.5),
(1130, 394, 17, 3, 41, 7.15),
(1131, 369, 17, 23, 41, 8.12),
(1132, 370, 17, 23, 41, 9.37),
(1133, 372, 17, 23, 41, 9),
(1134, 373, 17, 23, 41, 9.62),
(1135, 374, 17, 23, 41, 7.25),
(1136, 376, 17, 23, 41, 6.25),
(1137, 377, 17, 23, 41, 9.25),
(1138, 378, 17, 23, 41, 9.25),
(1139, 379, 17, 23, 41, 10),
(1140, 380, 17, 23, 41, 8.25),
(1141, 382, 17, 23, 41, 0.75),
(1142, 384, 17, 23, 41, 7),
(1143, 385, 17, 23, 41, 1),
(1144, 386, 17, 23, 41, 8),
(1145, 388, 17, 23, 41, 7),
(1146, 389, 17, 23, 41, 9.25),
(1147, 390, 17, 23, 41, 9.5),
(1148, 393, 17, 23, 41, 8.5),
(1149, 394, 17, 23, 41, 9.5),
(1150, 395, 18, 16, 41, 9.5),
(1151, 396, 18, 16, 41, 9.57),
(1152, 397, 18, 16, 41, 9),
(1153, 398, 18, 16, 41, 9.87),
(1154, 399, 18, 16, 41, 9.87),
(1155, 400, 18, 16, 41, 8),
(1156, 402, 18, 16, 41, 7),
(1157, 403, 18, 16, 41, 5),
(1158, 404, 18, 16, 41, 9.37),
(1159, 406, 18, 16, 41, 9.5),
(1160, 407, 18, 16, 41, 9),
(1161, 408, 18, 16, 41, 7),
(1162, 409, 18, 16, 41, 8.75),
(1163, 411, 18, 16, 41, 10),
(1164, 412, 18, 16, 41, 10),
(1165, 413, 18, 16, 41, 9.5),
(1166, 414, 18, 16, 41, 9.87),
(1167, 415, 18, 16, 41, 8.5),
(1168, 416, 18, 16, 41, 7),
(1169, 417, 18, 16, 41, 7),
(1170, 418, 18, 16, 41, 9),
(1171, 420, 18, 16, 41, 9),
(1172, 395, 18, 3, 41, 9.5),
(1173, 396, 18, 3, 41, 9.5),
(1174, 397, 18, 3, 41, 8.5),
(1175, 398, 18, 3, 41, 10),
(1176, 399, 18, 3, 41, 10),
(1177, 400, 18, 3, 41, 7),
(1178, 402, 18, 3, 41, 7),
(1179, 403, 18, 3, 41, 7),
(1180, 404, 18, 3, 41, 7.5),
(1181, 406, 18, 3, 41, 10),
(1182, 407, 18, 3, 41, 6.4),
(1183, 408, 18, 3, 41, 7),
(1184, 409, 18, 3, 41, 9.75),
(1185, 411, 18, 3, 41, 9.75),
(1186, 412, 18, 3, 41, 9.87),
(1187, 413, 18, 3, 41, 9.3),
(1188, 414, 18, 3, 41, 9.25),
(1189, 415, 18, 3, 41, 9.5),
(1190, 416, 18, 3, 41, 7),
(1191, 417, 18, 3, 41, 7),
(1192, 418, 18, 3, 41, 8.27),
(1193, 420, 18, 3, 41, 7),
(1194, 395, 18, 23, 41, 9.25),
(1195, 396, 18, 23, 41, 8.75),
(1196, 397, 18, 23, 41, 9),
(1197, 398, 18, 23, 41, 9.5),
(1198, 399, 18, 23, 41, 9.75),
(1199, 400, 18, 23, 41, 7),
(1200, 402, 18, 23, 41, 7),
(1201, 403, 18, 23, 41, 7.75),
(1202, 404, 18, 23, 41, 7.87),
(1203, 406, 18, 23, 41, 8.5),
(1204, 407, 18, 23, 41, 4),
(1205, 408, 18, 23, 41, 7),
(1206, 409, 18, 23, 41, 9.75),
(1207, 411, 18, 23, 41, 9.75),
(1208, 412, 18, 23, 41, 9.25),
(1209, 413, 18, 23, 41, 9),
(1210, 414, 18, 23, 41, 9.5),
(1211, 415, 18, 23, 41, 7.25),
(1212, 416, 18, 23, 41, 7),
(1213, 417, 18, 23, 41, 7),
(1214, 418, 18, 23, 41, 8),
(1215, 420, 18, 23, 41, 9),
(1216, 369, 17, 1, 32, 8),
(1217, 369, 17, 1, 33, 9),
(1218, 370, 17, 1, 32, 9.5),
(1219, 370, 17, 1, 33, 9),
(1220, 372, 17, 1, 32, 8),
(1221, 372, 17, 1, 33, 8),
(1222, 373, 17, 1, 32, 10),
(1223, 373, 17, 1, 33, 10),
(1224, 374, 17, 1, 32, 9.5),
(1225, 374, 17, 1, 33, 10),
(1226, 376, 17, 1, 32, 10),
(1227, 376, 17, 1, 33, 10),
(1228, 377, 17, 1, 32, 7),
(1229, 377, 17, 1, 33, 8),
(1230, 378, 17, 1, 32, 10),
(1231, 378, 17, 1, 33, 10),
(1232, 379, 17, 1, 32, 10),
(1233, 379, 17, 1, 33, 10),
(1234, 380, 17, 1, 32, 6),
(1235, 380, 17, 1, 33, 6),
(1236, 382, 17, 1, 32, 8),
(1237, 382, 17, 1, 33, 7),
(1238, 384, 17, 1, 32, 10),
(1239, 384, 17, 1, 33, 10),
(1240, 385, 17, 1, 32, 1),
(1241, 385, 17, 1, 33, 1),
(1242, 386, 17, 1, 32, 10),
(1243, 386, 17, 1, 33, 10),
(1244, 388, 17, 1, 32, 10),
(1245, 388, 17, 1, 33, 10),
(1246, 389, 17, 1, 32, 8),
(1247, 389, 17, 1, 33, 8),
(1248, 390, 17, 1, 32, 10),
(1249, 390, 17, 1, 33, 10),
(1250, 393, 17, 1, 32, 9),
(1251, 393, 17, 1, 33, 9),
(1252, 394, 17, 1, 32, 8),
(1253, 394, 17, 1, 33, 8),
(1254, 369, 17, 24, 32, 8),
(1255, 369, 17, 24, 33, 8),
(1256, 370, 17, 24, 32, 8),
(1257, 370, 17, 24, 33, 8),
(1258, 372, 17, 24, 32, 8),
(1259, 372, 17, 24, 33, 8),
(1260, 373, 17, 24, 32, 10),
(1261, 373, 17, 24, 33, 10),
(1262, 374, 17, 24, 32, 10),
(1263, 374, 17, 24, 33, 10),
(1264, 376, 17, 24, 32, 5),
(1265, 376, 17, 24, 33, 5),
(1266, 377, 17, 24, 32, 8),
(1267, 377, 17, 24, 33, 7),
(1268, 378, 17, 24, 32, 10),
(1269, 378, 17, 24, 33, 10),
(1270, 379, 17, 24, 32, 10),
(1271, 379, 17, 24, 33, 10),
(1272, 380, 17, 24, 32, 7),
(1273, 380, 17, 24, 33, 7),
(1274, 382, 17, 24, 32, 6),
(1275, 382, 17, 24, 33, 8),
(1276, 384, 17, 24, 32, 7),
(1277, 384, 17, 24, 33, 7),
(1278, 385, 17, 24, 32, 1),
(1279, 385, 17, 24, 33, 1),
(1280, 386, 17, 24, 32, 10),
(1281, 386, 17, 24, 33, 10),
(1282, 388, 17, 24, 32, 10),
(1283, 388, 17, 24, 33, 10),
(1284, 389, 17, 24, 32, 8),
(1285, 389, 17, 24, 33, 8),
(1286, 390, 17, 24, 32, 8),
(1287, 390, 17, 24, 33, 8),
(1288, 393, 17, 24, 32, 9),
(1289, 393, 17, 24, 33, 9),
(1290, 394, 17, 24, 32, 10),
(1291, 394, 17, 24, 33, 10),
(1292, 369, 17, 28, 32, 10),
(1293, 369, 17, 28, 33, 10),
(1294, 370, 17, 28, 32, 8),
(1295, 370, 17, 28, 33, 8),
(1296, 372, 17, 28, 32, 8),
(1297, 372, 17, 28, 33, 8),
(1298, 373, 17, 28, 32, 10),
(1299, 373, 17, 28, 33, 10),
(1300, 374, 17, 28, 32, 10),
(1301, 374, 17, 28, 33, 10),
(1302, 376, 17, 28, 32, 1),
(1303, 376, 17, 28, 33, 1),
(1304, 377, 17, 28, 32, 8),
(1305, 377, 17, 28, 33, 8),
(1306, 378, 17, 28, 32, 10),
(1307, 378, 17, 28, 33, 10),
(1308, 379, 17, 28, 32, 10),
(1309, 379, 17, 28, 33, 10),
(1310, 380, 17, 28, 32, 8),
(1311, 380, 17, 28, 33, 8),
(1312, 382, 17, 28, 32, 10),
(1313, 382, 17, 28, 33, 10),
(1314, 384, 17, 28, 32, 7),
(1315, 384, 17, 28, 33, 8),
(1316, 385, 17, 28, 32, 7),
(1317, 385, 17, 28, 33, 7),
(1318, 386, 17, 28, 32, 10),
(1319, 386, 17, 28, 33, 10),
(1320, 388, 17, 28, 32, 10),
(1321, 388, 17, 28, 33, 10),
(1322, 389, 17, 28, 32, 7),
(1323, 389, 17, 28, 33, 8),
(1324, 390, 17, 28, 32, 10),
(1325, 390, 17, 28, 33, 10),
(1326, 393, 17, 28, 32, 9),
(1327, 393, 17, 28, 33, 9),
(1328, 394, 17, 28, 32, 8),
(1329, 394, 17, 28, 33, 8),
(1330, 369, 17, 4, 32, 10),
(1331, 369, 17, 4, 33, 10),
(1332, 370, 17, 4, 32, 9.5),
(1333, 370, 17, 4, 33, 9),
(1334, 372, 17, 4, 32, 9),
(1335, 372, 17, 4, 33, 9),
(1336, 373, 17, 4, 32, 10),
(1337, 373, 17, 4, 33, 10),
(1338, 374, 17, 4, 32, 9.5),
(1339, 374, 17, 4, 33, 10),
(1340, 376, 17, 4, 32, 1),
(1341, 376, 17, 4, 33, 1),
(1342, 377, 17, 4, 32, 1),
(1343, 377, 17, 4, 33, 1),
(1344, 378, 17, 4, 32, 8),
(1345, 378, 17, 4, 33, 8),
(1346, 379, 17, 4, 32, 10),
(1347, 379, 17, 4, 33, 10),
(1348, 380, 17, 4, 32, 8),
(1349, 380, 17, 4, 33, 8),
(1350, 382, 17, 4, 32, 9),
(1351, 382, 17, 4, 33, 7),
(1352, 384, 17, 4, 32, 8),
(1353, 384, 17, 4, 33, 8),
(1354, 385, 17, 4, 32, 1),
(1355, 385, 17, 4, 33, 1),
(1356, 386, 17, 4, 32, 10),
(1357, 386, 17, 4, 33, 8),
(1358, 388, 17, 4, 32, 10),
(1359, 388, 17, 4, 33, 10),
(1360, 389, 17, 4, 32, 8),
(1361, 389, 17, 4, 33, 8),
(1362, 390, 17, 4, 32, 10),
(1363, 390, 17, 4, 33, 10),
(1364, 393, 17, 4, 32, 9),
(1365, 393, 17, 4, 33, 9),
(1366, 394, 17, 4, 32, 9),
(1367, 394, 17, 4, 33, 8),
(1368, 395, 18, 1, 32, 8),
(1369, 395, 18, 1, 33, 8),
(1370, 396, 18, 1, 32, 9.5),
(1371, 396, 18, 1, 33, 9),
(1372, 397, 18, 1, 32, 9),
(1373, 397, 18, 1, 33, 10),
(1374, 398, 18, 1, 32, 10),
(1375, 398, 18, 1, 33, 9),
(1376, 399, 18, 1, 32, 10),
(1377, 399, 18, 1, 33, 10),
(1378, 400, 18, 1, 32, 4),
(1379, 400, 18, 1, 33, 3),
(1380, 402, 18, 1, 32, 8),
(1381, 402, 18, 1, 33, 8),
(1382, 403, 18, 1, 32, 8),
(1383, 403, 18, 1, 33, 8),
(1384, 404, 18, 1, 32, 8),
(1385, 404, 18, 1, 33, 8),
(1386, 406, 18, 1, 32, 9),
(1387, 406, 18, 1, 33, 9),
(1388, 407, 18, 1, 32, 6),
(1389, 407, 18, 1, 33, 6),
(1390, 408, 18, 1, 32, 1),
(1391, 408, 18, 1, 33, 1),
(1392, 409, 18, 1, 32, 10),
(1393, 409, 18, 1, 33, 10),
(1394, 411, 18, 1, 32, 10),
(1395, 411, 18, 1, 33, 9),
(1396, 412, 18, 1, 32, 8),
(1397, 412, 18, 1, 33, 8),
(1398, 413, 18, 1, 32, 7),
(1399, 413, 18, 1, 33, 9),
(1400, 414, 18, 1, 32, 10),
(1401, 414, 18, 1, 33, 10),
(1402, 415, 18, 1, 32, 8.5),
(1403, 415, 18, 1, 33, 7),
(1404, 416, 18, 1, 32, 5),
(1405, 416, 18, 1, 33, 5),
(1406, 417, 18, 1, 32, 5),
(1407, 417, 18, 1, 33, 5),
(1408, 418, 18, 1, 32, 10),
(1409, 418, 18, 1, 33, 10),
(1410, 420, 18, 1, 32, 1),
(1411, 420, 18, 1, 33, 1),
(1412, 395, 18, 28, 32, 8),
(1413, 395, 18, 28, 33, 8),
(1414, 396, 18, 28, 32, 10),
(1415, 396, 18, 28, 33, 10),
(1416, 397, 18, 28, 32, 1),
(1417, 397, 18, 28, 33, 1),
(1418, 398, 18, 28, 32, 10),
(1419, 398, 18, 28, 33, 10),
(1420, 399, 18, 28, 32, 10),
(1421, 399, 18, 28, 33, 10),
(1422, 400, 18, 28, 32, 8),
(1423, 400, 18, 28, 33, 10),
(1424, 402, 18, 28, 32, 6),
(1425, 402, 18, 28, 33, 6),
(1426, 403, 18, 28, 32, 8),
(1427, 403, 18, 28, 33, 8),
(1428, 404, 18, 28, 32, 7),
(1429, 404, 18, 28, 33, 7),
(1430, 406, 18, 28, 32, 10),
(1431, 406, 18, 28, 33, 10),
(1432, 407, 18, 28, 32, 8),
(1433, 407, 18, 28, 33, 8),
(1434, 408, 18, 28, 32, 7),
(1435, 408, 18, 28, 33, 7),
(1436, 409, 18, 28, 32, 10),
(1437, 409, 18, 28, 33, 10),
(1438, 411, 18, 28, 32, 8),
(1439, 411, 18, 28, 33, 8),
(1440, 412, 18, 28, 32, 8),
(1441, 412, 18, 28, 33, 10),
(1442, 413, 18, 28, 32, 8),
(1443, 413, 18, 28, 33, 10),
(1444, 414, 18, 28, 32, 8),
(1445, 414, 18, 28, 33, 8),
(1446, 415, 18, 28, 32, 10),
(1447, 415, 18, 28, 33, 10),
(1448, 416, 18, 28, 32, 5),
(1449, 416, 18, 28, 33, 5),
(1450, 417, 18, 28, 32, 5),
(1451, 417, 18, 28, 33, 5),
(1452, 418, 18, 28, 32, 10),
(1453, 418, 18, 28, 33, 10),
(1454, 420, 18, 28, 32, 1),
(1455, 420, 18, 28, 33, 1),
(1456, 395, 18, 24, 32, 7),
(1457, 395, 18, 24, 33, 7),
(1458, 396, 18, 24, 32, 1),
(1459, 396, 18, 24, 33, 1),
(1460, 397, 18, 24, 32, 1),
(1461, 397, 18, 24, 33, 1),
(1462, 398, 18, 24, 32, 9),
(1463, 398, 18, 24, 33, 9),
(1464, 399, 18, 24, 32, 9),
(1465, 399, 18, 24, 33, 9),
(1466, 400, 18, 24, 32, 1),
(1467, 400, 18, 24, 33, 1),
(1468, 402, 18, 24, 32, 7),
(1469, 402, 18, 24, 33, 7),
(1470, 403, 18, 24, 32, 8),
(1471, 403, 18, 24, 33, 8),
(1472, 404, 18, 24, 32, 8),
(1473, 404, 18, 24, 33, 8),
(1474, 406, 18, 24, 32, 8),
(1475, 406, 18, 24, 33, 8),
(1476, 407, 18, 24, 32, 5),
(1477, 407, 18, 24, 33, 5),
(1478, 408, 18, 24, 32, 1),
(1479, 408, 18, 24, 33, 1),
(1480, 409, 18, 24, 32, 9),
(1481, 409, 18, 24, 33, 9),
(1482, 411, 18, 24, 32, 10),
(1483, 411, 18, 24, 33, 10),
(1484, 412, 18, 24, 32, 8),
(1485, 412, 18, 24, 33, 8),
(1486, 413, 18, 24, 32, 7),
(1487, 413, 18, 24, 33, 6),
(1488, 414, 18, 24, 32, 10),
(1489, 414, 18, 24, 33, 10),
(1490, 415, 18, 24, 32, 10),
(1491, 415, 18, 24, 33, 10),
(1492, 416, 18, 24, 32, 5),
(1493, 416, 18, 24, 33, 5),
(1494, 417, 18, 24, 32, 5),
(1495, 417, 18, 24, 33, 5),
(1496, 418, 18, 24, 32, 10),
(1497, 418, 18, 24, 33, 10),
(1498, 420, 18, 24, 32, 1),
(1499, 420, 18, 24, 33, 1),
(1500, 395, 18, 4, 32, 8),
(1501, 395, 18, 4, 33, 8),
(1502, 396, 18, 4, 32, 1),
(1503, 396, 18, 4, 33, 1),
(1504, 397, 18, 4, 32, 9),
(1505, 397, 18, 4, 33, 9),
(1506, 398, 18, 4, 32, 9),
(1507, 398, 18, 4, 33, 9),
(1508, 399, 18, 4, 32, 10),
(1509, 399, 18, 4, 33, 10),
(1510, 400, 18, 4, 32, 4),
(1511, 400, 18, 4, 33, 8.5),
(1512, 402, 18, 4, 32, 8),
(1513, 402, 18, 4, 33, 8),
(1514, 403, 18, 4, 32, 8),
(1515, 403, 18, 4, 33, 7),
(1516, 404, 18, 4, 32, 7),
(1517, 404, 18, 4, 33, 7),
(1518, 406, 18, 4, 32, 10),
(1519, 406, 18, 4, 33, 10),
(1520, 407, 18, 4, 32, 6),
(1521, 407, 18, 4, 33, 6),
(1522, 408, 18, 4, 32, 7),
(1523, 408, 18, 4, 33, 7),
(1524, 409, 18, 4, 32, 8),
(1525, 409, 18, 4, 33, 7),
(1526, 411, 18, 4, 32, 9.5),
(1527, 411, 18, 4, 33, 10),
(1528, 412, 18, 4, 32, 8),
(1529, 412, 18, 4, 33, 8),
(1530, 413, 18, 4, 32, 7.5),
(1531, 413, 18, 4, 33, 4),
(1532, 414, 18, 4, 32, 10),
(1533, 414, 18, 4, 33, 10),
(1534, 415, 18, 4, 32, 8),
(1535, 415, 18, 4, 33, 8),
(1536, 416, 18, 4, 32, 5),
(1537, 416, 18, 4, 33, 5),
(1538, 417, 18, 4, 32, 5),
(1539, 417, 18, 4, 33, 5),
(1540, 418, 18, 4, 32, 10),
(1541, 418, 18, 4, 33, 10),
(1542, 420, 18, 4, 32, 10),
(1543, 420, 18, 4, 33, 10),
(1544, 369, 17, 1, 34, 9),
(1545, 369, 17, 1, 35, 9),
(1546, 370, 17, 1, 34, 10),
(1547, 370, 17, 1, 35, 10),
(1548, 372, 17, 1, 34, 7),
(1549, 372, 17, 1, 35, 8),
(1550, 373, 17, 1, 34, 10),
(1551, 373, 17, 1, 35, 10),
(1552, 374, 17, 1, 34, 10),
(1553, 374, 17, 1, 35, 10),
(1554, 376, 17, 1, 34, 10),
(1555, 376, 17, 1, 35, 10),
(1556, 377, 17, 1, 34, 8),
(1557, 377, 17, 1, 35, 7),
(1558, 378, 17, 1, 34, 4),
(1559, 378, 17, 1, 35, 4),
(1560, 379, 17, 1, 34, 10),
(1561, 379, 17, 1, 35, 10),
(1562, 380, 17, 1, 34, 7),
(1563, 380, 17, 1, 35, 7),
(1564, 382, 17, 1, 34, 4),
(1565, 382, 17, 1, 35, 4),
(1566, 384, 17, 1, 34, 10),
(1567, 384, 17, 1, 35, 10),
(1568, 385, 17, 1, 34, 1),
(1569, 385, 17, 1, 35, 1),
(1570, 386, 17, 1, 34, 10),
(1571, 386, 17, 1, 35, 7),
(1572, 388, 17, 1, 34, 1),
(1573, 388, 17, 1, 35, 1),
(1574, 389, 17, 1, 34, 8),
(1575, 389, 17, 1, 35, 8),
(1576, 390, 17, 1, 34, 10),
(1577, 390, 17, 1, 35, 7),
(1578, 393, 17, 1, 34, 1),
(1579, 393, 17, 1, 35, 1),
(1580, 394, 17, 1, 34, 9),
(1581, 394, 17, 1, 35, 9),
(1582, 369, 17, 28, 34, 8),
(1583, 369, 17, 28, 35, 8),
(1584, 370, 17, 28, 34, 7),
(1585, 370, 17, 28, 35, 7),
(1586, 372, 17, 28, 34, 1),
(1587, 372, 17, 28, 35, 1),
(1588, 373, 17, 28, 34, 10),
(1589, 373, 17, 28, 35, 10),
(1590, 374, 17, 28, 34, 10),
(1591, 374, 17, 28, 35, 10),
(1592, 376, 17, 28, 34, 10),
(1593, 376, 17, 28, 35, 10),
(1594, 377, 17, 28, 34, 9),
(1595, 377, 17, 28, 35, 9),
(1596, 378, 17, 28, 34, 7),
(1597, 378, 17, 28, 35, 7),
(1598, 379, 17, 28, 34, 10),
(1599, 379, 17, 28, 35, 10),
(1600, 380, 17, 28, 34, 7),
(1601, 380, 17, 28, 35, 7),
(1602, 382, 17, 28, 34, 7),
(1603, 382, 17, 28, 35, 7),
(1604, 384, 17, 28, 34, 10),
(1605, 384, 17, 28, 35, 10),
(1606, 385, 17, 28, 34, 4),
(1607, 385, 17, 28, 35, 4),
(1608, 386, 17, 28, 34, 9),
(1609, 386, 17, 28, 35, 9),
(1610, 388, 17, 28, 34, 1),
(1611, 388, 17, 28, 35, 1),
(1612, 389, 17, 28, 34, 8),
(1613, 389, 17, 28, 35, 8),
(1614, 390, 17, 28, 34, 10),
(1615, 390, 17, 28, 35, 10),
(1616, 393, 17, 28, 34, 1),
(1617, 393, 17, 28, 35, 1),
(1618, 394, 17, 28, 34, 10),
(1619, 394, 17, 28, 35, 10),
(1620, 369, 17, 24, 34, 8),
(1621, 369, 17, 24, 35, 7),
(1622, 370, 17, 24, 34, 7),
(1623, 370, 17, 24, 35, 7),
(1624, 372, 17, 24, 34, 8),
(1625, 372, 17, 24, 35, 8),
(1626, 373, 17, 24, 34, 10),
(1627, 373, 17, 24, 35, 10),
(1628, 374, 17, 24, 34, 10),
(1629, 374, 17, 24, 35, 10),
(1630, 376, 17, 24, 34, 10),
(1631, 376, 17, 24, 35, 10),
(1632, 377, 17, 24, 34, 7),
(1633, 377, 17, 24, 35, 8),
(1634, 378, 17, 24, 34, 8),
(1635, 378, 17, 24, 35, 8),
(1636, 379, 17, 24, 34, 10),
(1637, 379, 17, 24, 35, 10),
(1638, 380, 17, 24, 34, 7),
(1639, 380, 17, 24, 35, 7),
(1640, 382, 17, 24, 34, 8),
(1641, 382, 17, 24, 35, 8),
(1642, 384, 17, 24, 34, 8),
(1643, 384, 17, 24, 35, 8),
(1644, 386, 17, 24, 34, 7),
(1645, 386, 17, 24, 35, 7),
(1646, 389, 17, 24, 34, 8),
(1647, 389, 17, 24, 35, 8),
(1648, 390, 17, 24, 34, 8),
(1649, 390, 17, 24, 35, 8),
(1650, 394, 17, 24, 34, 9),
(1651, 394, 17, 24, 35, 9),
(1652, 369, 17, 4, 34, 8),
(1653, 369, 17, 4, 35, 8),
(1654, 370, 17, 4, 34, 9),
(1655, 370, 17, 4, 35, 8),
(1656, 372, 17, 4, 34, 10),
(1657, 372, 17, 4, 35, 7),
(1658, 373, 17, 4, 34, 9),
(1659, 373, 17, 4, 35, 8),
(1660, 374, 17, 4, 34, 10),
(1661, 374, 17, 4, 35, 10),
(1662, 376, 17, 4, 34, 10),
(1663, 376, 17, 4, 35, 10),
(1664, 377, 17, 4, 34, 5),
(1665, 377, 17, 4, 35, 5),
(1666, 378, 17, 4, 34, 1),
(1667, 378, 17, 4, 35, 1),
(1668, 379, 17, 4, 34, 10),
(1669, 379, 17, 4, 35, 10),
(1670, 380, 17, 4, 34, 8),
(1671, 380, 17, 4, 35, 8),
(1672, 382, 17, 4, 34, 7),
(1673, 382, 17, 4, 35, 7),
(1674, 384, 17, 4, 34, 7),
(1675, 384, 17, 4, 35, 9),
(1676, 385, 17, 4, 34, 1),
(1677, 385, 17, 4, 35, 1),
(1678, 386, 17, 4, 34, 8),
(1679, 386, 17, 4, 35, 8),
(1680, 388, 17, 4, 34, 1),
(1681, 388, 17, 4, 35, 1),
(1682, 389, 17, 4, 34, 8),
(1683, 389, 17, 4, 35, 8),
(1684, 390, 17, 4, 34, 10),
(1685, 390, 17, 4, 35, 5),
(1686, 393, 17, 4, 34, 1),
(1687, 393, 17, 4, 35, 1),
(1688, 394, 17, 4, 34, 9),
(1689, 394, 17, 4, 35, 9),
(1690, 395, 18, 1, 34, 9),
(1691, 395, 18, 1, 35, 7),
(1692, 396, 18, 1, 34, 10),
(1693, 396, 18, 1, 35, 10),
(1694, 397, 18, 1, 34, 1),
(1695, 397, 18, 1, 35, 1),
(1696, 398, 18, 1, 34, 10),
(1697, 398, 18, 1, 35, 8),
(1698, 399, 18, 1, 34, 10),
(1699, 399, 18, 1, 35, 9),
(1700, 400, 18, 1, 34, 5),
(1701, 400, 18, 1, 35, 5),
(1702, 402, 18, 1, 34, 8),
(1703, 402, 18, 1, 35, 7),
(1704, 403, 18, 1, 34, 7),
(1705, 403, 18, 1, 35, 7),
(1706, 404, 18, 1, 34, 7),
(1707, 404, 18, 1, 35, 7),
(1708, 406, 18, 1, 34, 9),
(1709, 406, 18, 1, 35, 9),
(1710, 407, 18, 1, 34, 1),
(1711, 407, 18, 1, 35, 1),
(1712, 408, 18, 1, 34, 8),
(1713, 408, 18, 1, 35, 8),
(1714, 409, 18, 1, 34, 10),
(1715, 409, 18, 1, 35, 10),
(1716, 411, 18, 1, 34, 10),
(1717, 411, 18, 1, 35, 10),
(1718, 412, 18, 1, 34, 10),
(1719, 412, 18, 1, 35, 9),
(1720, 413, 18, 1, 34, 8),
(1721, 413, 18, 1, 35, 9),
(1722, 414, 18, 1, 34, 9),
(1723, 414, 18, 1, 35, 9),
(1724, 415, 18, 1, 34, 10),
(1725, 415, 18, 1, 35, 10),
(1726, 416, 18, 1, 34, 1),
(1727, 416, 18, 1, 35, 1),
(1728, 417, 18, 1, 34, 1),
(1729, 417, 18, 1, 35, 1),
(1730, 418, 18, 1, 34, 9),
(1731, 418, 18, 1, 35, 9),
(1732, 420, 18, 1, 34, 8),
(1733, 420, 18, 1, 35, 8),
(1734, 395, 18, 28, 34, 8),
(1735, 395, 18, 28, 35, 8),
(1736, 396, 18, 28, 34, 1),
(1737, 396, 18, 28, 35, 1),
(1738, 397, 18, 28, 34, 1),
(1739, 397, 18, 28, 35, 1),
(1740, 398, 18, 28, 34, 9),
(1741, 398, 18, 28, 35, 9),
(1742, 399, 18, 28, 34, 8),
(1743, 399, 18, 28, 35, 8),
(1744, 400, 18, 28, 34, 1),
(1745, 400, 18, 28, 35, 1),
(1746, 402, 18, 28, 34, 7),
(1747, 402, 18, 28, 35, 7),
(1748, 403, 18, 28, 34, 6),
(1749, 403, 18, 28, 35, 7),
(1750, 404, 18, 28, 34, 7),
(1751, 404, 18, 28, 35, 7),
(1752, 406, 18, 28, 34, 9),
(1753, 406, 18, 28, 35, 9),
(1754, 407, 18, 28, 34, 1),
(1755, 407, 18, 28, 35, 1),
(1756, 408, 18, 28, 34, 7),
(1757, 408, 18, 28, 35, 8),
(1758, 409, 18, 28, 34, 8),
(1759, 409, 18, 28, 35, 8),
(1760, 411, 18, 28, 34, 8),
(1761, 411, 18, 28, 35, 8),
(1762, 412, 18, 28, 34, 8),
(1763, 412, 18, 28, 35, 8),
(1764, 413, 18, 28, 34, 7),
(1765, 413, 18, 28, 35, 7),
(1766, 414, 18, 28, 34, 8),
(1767, 414, 18, 28, 35, 8),
(1768, 415, 18, 28, 34, 8),
(1769, 415, 18, 28, 35, 8),
(1770, 416, 18, 28, 34, 1),
(1771, 416, 18, 28, 35, 1),
(1772, 417, 18, 28, 34, 1),
(1773, 417, 18, 28, 35, 1),
(1774, 418, 18, 28, 34, 8),
(1775, 418, 18, 28, 35, 8),
(1776, 420, 18, 28, 34, 8),
(1777, 420, 18, 28, 35, 8),
(1778, 395, 18, 24, 34, 10),
(1779, 395, 18, 24, 35, 10),
(1780, 396, 18, 24, 34, 9),
(1781, 396, 18, 24, 35, 9),
(1782, 397, 18, 24, 34, 6),
(1783, 397, 18, 24, 35, 6),
(1784, 398, 18, 24, 34, 10),
(1785, 398, 18, 24, 35, 10),
(1786, 399, 18, 24, 34, 10),
(1787, 399, 18, 24, 35, 10),
(1788, 400, 18, 24, 34, 1),
(1789, 400, 18, 24, 35, 1),
(1790, 402, 18, 24, 34, 8),
(1791, 402, 18, 24, 35, 8),
(1792, 403, 18, 24, 34, 7),
(1793, 403, 18, 24, 35, 9),
(1794, 404, 18, 24, 34, 7),
(1795, 404, 18, 24, 35, 7),
(1796, 406, 18, 24, 34, 10),
(1797, 406, 18, 24, 35, 10),
(1798, 407, 18, 24, 34, 10),
(1799, 407, 18, 24, 35, 10),
(1800, 408, 18, 24, 34, 7),
(1801, 408, 18, 24, 35, 7),
(1802, 409, 18, 24, 34, 7),
(1803, 409, 18, 24, 35, 8),
(1804, 411, 18, 24, 34, 10),
(1805, 411, 18, 24, 35, 10),
(1806, 412, 18, 24, 34, 10),
(1807, 412, 18, 24, 35, 10),
(1808, 413, 18, 24, 34, 8),
(1809, 413, 18, 24, 35, 8),
(1810, 414, 18, 24, 34, 10),
(1811, 414, 18, 24, 35, 10),
(1812, 415, 18, 24, 34, 8),
(1813, 415, 18, 24, 35, 8),
(1814, 416, 18, 24, 34, 1),
(1815, 416, 18, 24, 35, 1),
(1816, 417, 18, 24, 34, 1),
(1817, 417, 18, 24, 35, 1),
(1818, 418, 18, 24, 34, 10),
(1819, 418, 18, 24, 35, 10),
(1820, 420, 18, 24, 34, 1),
(1821, 420, 18, 24, 35, 1),
(1822, 395, 18, 4, 34, 7),
(1823, 395, 18, 4, 35, 7),
(1824, 396, 18, 4, 34, 10),
(1825, 396, 18, 4, 35, 7),
(1826, 397, 18, 4, 34, 1),
(1827, 397, 18, 4, 35, 1),
(1828, 398, 18, 4, 34, 10),
(1829, 398, 18, 4, 35, 10),
(1830, 399, 18, 4, 34, 10),
(1831, 399, 18, 4, 35, 10),
(1832, 400, 18, 4, 34, 1),
(1833, 400, 18, 4, 35, 1),
(1834, 402, 18, 4, 34, 8),
(1835, 402, 18, 4, 35, 8),
(1836, 403, 18, 4, 34, 8),
(1837, 403, 18, 4, 35, 8),
(1838, 404, 18, 4, 34, 7),
(1839, 404, 18, 4, 35, 6),
(1840, 406, 18, 4, 34, 10),
(1841, 406, 18, 4, 35, 10),
(1842, 407, 18, 4, 34, 6),
(1843, 407, 18, 4, 35, 6),
(1844, 408, 18, 4, 34, 1),
(1845, 408, 18, 4, 35, 1),
(1846, 409, 18, 4, 34, 7),
(1847, 409, 18, 4, 35, 8),
(1848, 411, 18, 4, 34, 10),
(1849, 411, 18, 4, 35, 10),
(1850, 412, 18, 4, 34, 10),
(1851, 412, 18, 4, 35, 10),
(1852, 413, 18, 4, 34, 8),
(1853, 413, 18, 4, 35, 8),
(1854, 414, 18, 4, 34, 10),
(1855, 414, 18, 4, 35, 10),
(1856, 415, 18, 4, 34, 7),
(1857, 415, 18, 4, 35, 7),
(1858, 416, 18, 4, 34, 7),
(1859, 416, 18, 4, 35, 7),
(1860, 417, 18, 4, 34, 7),
(1861, 417, 18, 4, 35, 7),
(1862, 418, 18, 4, 34, 10),
(1863, 418, 18, 4, 35, 10),
(1864, 420, 18, 4, 34, 1),
(1865, 420, 18, 4, 35, 1),
(1866, 369, 17, 1, 36, 5),
(1867, 370, 17, 1, 36, 7),
(1868, 372, 17, 1, 36, 4),
(1869, 373, 17, 1, 36, 8),
(1870, 374, 17, 1, 36, 8),
(1871, 376, 17, 1, 36, 7),
(1872, 377, 17, 1, 36, 7),
(1873, 378, 17, 1, 36, 5),
(1874, 379, 17, 1, 36, 7),
(1875, 380, 17, 1, 36, 6),
(1876, 382, 17, 1, 36, 5),
(1877, 384, 17, 1, 36, 7),
(1879, 386, 17, 1, 36, 5),
(1880, 389, 17, 1, 36, 4),
(1881, 390, 17, 1, 36, 1),
(1882, 394, 17, 1, 36, 6),
(1883, 369, 17, 28, 36, 9),
(1884, 370, 17, 28, 36, 9),
(1885, 372, 17, 28, 36, 7),
(1886, 373, 17, 28, 36, 9),
(1887, 374, 17, 28, 36, 9),
(1888, 376, 17, 28, 36, 3),
(1889, 377, 17, 28, 36, 9),
(1890, 378, 17, 28, 36, 8),
(1891, 379, 17, 28, 36, 8),
(1892, 380, 17, 28, 36, 7),
(1893, 382, 17, 28, 36, 9),
(1894, 384, 17, 28, 36, 9),
(1895, 386, 17, 28, 36, 9),
(1896, 389, 17, 28, 36, 8),
(1897, 390, 17, 28, 36, 9),
(1898, 393, 17, 28, 36, 9),
(1899, 394, 17, 28, 36, 7),
(1900, 369, 17, 24, 36, 7),
(1901, 370, 17, 24, 36, 4),
(1902, 373, 17, 24, 36, 10),
(1903, 374, 17, 24, 36, 9),
(1904, 376, 17, 24, 36, 3),
(1905, 377, 17, 24, 36, 8),
(1906, 378, 17, 24, 36, 8),
(1907, 379, 17, 24, 36, 8),
(1908, 380, 17, 24, 36, 4),
(1909, 382, 17, 24, 36, 7),
(1910, 384, 17, 24, 36, 7),
(1911, 386, 17, 24, 36, 5),
(1912, 389, 17, 24, 36, 9),
(1913, 390, 17, 24, 36, 9),
(1914, 394, 17, 24, 36, 10),
(1915, 369, 17, 4, 36, 7),
(1916, 370, 17, 4, 36, 4),
(1917, 372, 17, 4, 36, 1),
(1918, 373, 17, 4, 36, 10),
(1919, 374, 17, 4, 36, 9),
(1920, 377, 17, 4, 36, 4),
(1921, 378, 17, 4, 36, 8),
(1922, 379, 17, 4, 36, 6),
(1923, 380, 17, 4, 36, 4),
(1924, 382, 17, 4, 36, 7),
(1925, 384, 17, 4, 36, 7),
(1926, 386, 17, 4, 36, 5),
(1927, 389, 17, 4, 36, 4),
(1928, 390, 17, 4, 36, 5),
(1929, 394, 17, 4, 36, 10),
(1930, 395, 18, 1, 36, 8),
(1931, 396, 18, 1, 36, 6),
(1932, 397, 18, 1, 36, 1),
(1933, 398, 18, 1, 36, 8),
(1934, 399, 18, 1, 36, 10),
(1935, 400, 18, 1, 36, 6),
(1936, 402, 18, 1, 36, 6),
(1937, 403, 18, 1, 36, 7),
(1938, 404, 18, 1, 36, 7),
(1939, 406, 18, 1, 36, 10),
(1940, 407, 18, 1, 36, 1),
(1941, 408, 18, 1, 36, 1),
(1942, 409, 18, 1, 36, 8),
(1943, 411, 18, 1, 36, 7),
(1944, 412, 18, 1, 36, 8),
(1945, 413, 18, 1, 36, 6);
INSERT INTO `sw_rubrica_estudiante` (`id_rubrica_estudiante`, `id_estudiante`, `id_paralelo`, `id_asignatura`, `id_rubrica_evaluacion`, `re_calificacion`) VALUES
(1946, 414, 18, 1, 36, 7),
(1947, 415, 18, 1, 36, 8),
(1948, 416, 18, 1, 36, 5),
(1949, 417, 18, 1, 36, 5),
(1950, 418, 18, 1, 36, 8),
(1951, 420, 18, 1, 36, 1),
(1952, 395, 18, 28, 36, 8),
(1953, 396, 18, 28, 36, 1),
(1954, 397, 18, 28, 36, 1),
(1955, 398, 18, 28, 36, 10),
(1956, 399, 18, 28, 36, 10),
(1957, 400, 18, 28, 36, 7),
(1958, 402, 18, 28, 36, 9),
(1959, 403, 18, 28, 36, 8),
(1960, 404, 18, 28, 36, 7),
(1961, 406, 18, 28, 36, 10),
(1962, 407, 18, 28, 36, 1),
(1963, 408, 18, 28, 36, 8),
(1964, 409, 18, 28, 36, 9),
(1965, 411, 18, 28, 36, 10),
(1966, 412, 18, 28, 36, 8),
(1967, 413, 18, 28, 36, 7),
(1968, 414, 18, 28, 36, 8),
(1969, 415, 18, 28, 36, 8),
(1970, 416, 18, 28, 36, 1),
(1971, 417, 18, 28, 36, 1),
(1972, 418, 18, 28, 36, 8),
(1973, 420, 18, 28, 36, 1),
(1974, 395, 18, 24, 36, 8),
(1975, 396, 18, 24, 36, 1),
(1976, 397, 18, 24, 36, 8),
(1977, 398, 18, 24, 36, 7),
(1978, 399, 18, 24, 36, 9),
(1979, 400, 18, 24, 36, 7),
(1980, 402, 18, 24, 36, 8),
(1981, 403, 18, 24, 36, 8),
(1982, 404, 18, 24, 36, 7),
(1983, 406, 18, 24, 36, 10),
(1984, 407, 18, 24, 36, 1),
(1985, 408, 18, 24, 36, 7),
(1986, 409, 18, 24, 36, 8),
(1987, 411, 18, 24, 36, 10),
(1988, 412, 18, 24, 36, 9),
(1989, 413, 18, 24, 36, 8),
(1990, 414, 18, 24, 36, 8),
(1991, 415, 18, 24, 36, 1),
(1992, 416, 18, 24, 36, 1),
(1993, 417, 18, 24, 36, 1),
(1994, 418, 18, 24, 36, 8),
(1995, 420, 18, 24, 36, 1),
(1996, 395, 18, 4, 36, 6),
(1997, 396, 18, 4, 36, 1),
(1998, 397, 18, 4, 36, 1),
(1999, 398, 18, 4, 36, 9),
(2000, 399, 18, 4, 36, 9),
(2001, 400, 18, 4, 36, 7),
(2002, 402, 18, 4, 36, 8),
(2003, 403, 18, 4, 36, 7),
(2004, 404, 18, 4, 36, 8),
(2005, 406, 18, 4, 36, 10),
(2006, 407, 18, 4, 36, 1),
(2007, 408, 18, 4, 36, 6),
(2008, 409, 18, 4, 36, 7),
(2009, 411, 18, 4, 36, 5),
(2010, 412, 18, 4, 36, 6),
(2011, 413, 18, 4, 36, 5),
(2012, 414, 18, 4, 36, 6),
(2013, 415, 18, 4, 36, 8),
(2014, 416, 18, 4, 36, 6),
(2015, 417, 18, 4, 36, 6),
(2016, 418, 18, 4, 36, 7),
(2017, 420, 18, 4, 36, 5),
(2018, 369, 17, 1, 37, 8),
(2019, 369, 17, 1, 38, 8),
(2020, 370, 17, 1, 37, 9),
(2021, 370, 17, 1, 38, 7),
(2022, 372, 17, 1, 37, 8),
(2023, 372, 17, 1, 38, 5),
(2024, 373, 17, 1, 37, 9),
(2025, 373, 17, 1, 38, 10),
(2032, 378, 17, 1, 37, 10),
(2033, 378, 17, 1, 38, 5),
(2034, 379, 17, 1, 37, 10),
(2035, 379, 17, 1, 38, 8),
(2036, 380, 17, 1, 37, 7),
(2037, 380, 17, 1, 38, 7),
(2038, 382, 17, 1, 37, 5),
(2039, 382, 17, 1, 38, 6),
(2040, 384, 17, 1, 37, 8),
(2041, 384, 17, 1, 38, 8),
(2042, 386, 17, 1, 37, 8),
(2043, 386, 17, 1, 38, 6),
(2044, 388, 17, 1, 37, 10),
(2045, 388, 17, 1, 38, 10),
(2046, 389, 17, 1, 37, 8),
(2047, 389, 17, 1, 38, 8),
(2048, 390, 17, 1, 37, 8),
(2049, 390, 17, 1, 38, 7),
(2050, 394, 17, 1, 37, 8),
(2051, 394, 17, 1, 38, 8),
(2052, 369, 17, 28, 37, 8),
(2053, 369, 17, 28, 38, 8),
(2054, 370, 17, 28, 37, 7),
(2055, 370, 17, 28, 38, 8),
(2056, 372, 17, 28, 37, 7),
(2057, 372, 17, 28, 38, 7),
(2058, 373, 17, 28, 37, 8),
(2059, 373, 17, 28, 38, 8),
(2060, 374, 17, 28, 37, 8),
(2061, 376, 17, 28, 37, 9),
(2062, 377, 17, 28, 37, 9),
(2063, 377, 17, 28, 38, 9),
(2064, 378, 17, 28, 37, 8),
(2065, 378, 17, 28, 38, 8),
(2066, 379, 17, 28, 37, 9),
(2067, 379, 17, 28, 38, 9),
(2068, 380, 17, 28, 37, 8),
(2069, 380, 17, 28, 38, 8),
(2070, 382, 17, 28, 37, 9),
(2071, 382, 17, 28, 38, 9),
(2072, 384, 17, 28, 37, 8),
(2073, 384, 17, 28, 38, 8),
(2074, 386, 17, 28, 37, 7),
(2075, 386, 17, 28, 38, 8),
(2076, 388, 17, 28, 37, 8),
(2077, 388, 17, 28, 38, 8),
(2078, 389, 17, 28, 37, 8),
(2079, 389, 17, 28, 38, 8),
(2080, 390, 17, 28, 37, 7),
(2081, 390, 17, 28, 38, 8),
(2082, 394, 17, 28, 37, 9),
(2083, 394, 17, 28, 38, 8),
(2084, 369, 17, 24, 37, 8),
(2085, 369, 17, 24, 38, 8),
(2086, 370, 17, 24, 37, 7),
(2087, 370, 17, 24, 38, 7),
(2088, 373, 17, 24, 37, 9),
(2089, 373, 17, 24, 38, 9),
(2090, 377, 17, 24, 37, 8),
(2091, 377, 17, 24, 38, 7),
(2092, 378, 17, 24, 37, 6),
(2093, 378, 17, 24, 38, 6),
(2094, 379, 17, 24, 37, 8),
(2095, 379, 17, 24, 38, 8),
(2096, 380, 17, 24, 37, 6),
(2097, 380, 17, 24, 38, 8),
(2098, 382, 17, 24, 37, 7),
(2099, 382, 17, 24, 38, 5),
(2100, 384, 17, 24, 37, 8),
(2101, 384, 17, 24, 38, 8),
(2102, 386, 17, 24, 37, 7),
(2103, 386, 17, 24, 38, 7),
(2104, 389, 17, 24, 37, 8),
(2105, 389, 17, 24, 38, 8),
(2106, 390, 17, 24, 37, 9),
(2107, 390, 17, 24, 38, 9),
(2108, 394, 17, 24, 37, 8),
(2109, 394, 17, 24, 38, 8),
(2110, 369, 17, 4, 37, 8),
(2111, 369, 17, 4, 38, 7),
(2112, 370, 17, 4, 37, 6),
(2113, 370, 17, 4, 38, 9),
(2114, 372, 17, 4, 37, 8),
(2115, 372, 17, 4, 38, 6),
(2116, 373, 17, 4, 37, 9),
(2117, 373, 17, 4, 38, 9),
(2118, 374, 17, 4, 37, 8),
(2119, 374, 17, 4, 38, 8),
(2120, 378, 17, 4, 37, 5),
(2121, 378, 17, 4, 38, 5),
(2122, 379, 17, 4, 37, 8),
(2123, 379, 17, 4, 38, 7),
(2124, 380, 17, 4, 37, 7),
(2125, 380, 17, 4, 38, 8),
(2126, 382, 17, 4, 37, 6),
(2127, 382, 17, 4, 38, 3),
(2130, 384, 17, 4, 37, 7),
(2131, 384, 17, 4, 38, 8),
(2132, 386, 17, 4, 37, 7),
(2133, 386, 17, 4, 38, 7),
(2134, 389, 17, 4, 37, 8),
(2135, 389, 17, 4, 38, 8),
(2136, 390, 17, 4, 37, 7),
(2137, 390, 17, 4, 38, 9),
(2138, 394, 17, 4, 37, 8),
(2139, 394, 17, 4, 38, 8),
(2140, 395, 18, 1, 37, 6),
(2141, 395, 18, 1, 38, 10),
(2142, 396, 18, 1, 37, 1),
(2143, 396, 18, 1, 38, 1),
(2144, 397, 18, 1, 37, 8),
(2145, 397, 18, 1, 38, 1),
(2146, 398, 18, 1, 37, 9),
(2147, 398, 18, 1, 38, 10),
(2148, 399, 18, 1, 37, 9),
(2149, 399, 18, 1, 38, 10),
(2150, 400, 18, 1, 37, 3),
(2151, 400, 18, 1, 38, 5),
(2152, 402, 18, 1, 37, 7),
(2153, 402, 18, 1, 38, 7),
(2154, 403, 18, 1, 37, 7),
(2155, 403, 18, 1, 38, 5),
(2156, 404, 18, 1, 37, 7),
(2157, 404, 18, 1, 38, 8),
(2158, 406, 18, 1, 37, 10),
(2159, 406, 18, 1, 38, 10),
(2160, 407, 18, 1, 37, 6),
(2161, 407, 18, 1, 38, 6),
(2162, 408, 18, 1, 37, 1),
(2163, 408, 18, 1, 38, 1),
(2164, 409, 18, 1, 37, 9),
(2165, 409, 18, 1, 38, 9),
(2166, 411, 18, 1, 37, 10),
(2167, 411, 18, 1, 38, 10),
(2168, 412, 18, 1, 37, 8),
(2169, 412, 18, 1, 38, 10),
(2170, 413, 18, 1, 37, 7),
(2171, 413, 18, 1, 38, 10),
(2172, 414, 18, 1, 37, 9),
(2173, 414, 18, 1, 38, 8),
(2174, 415, 18, 1, 37, 8),
(2175, 415, 18, 1, 38, 7),
(2176, 416, 18, 1, 37, 5),
(2177, 416, 18, 1, 38, 5),
(2178, 417, 18, 1, 37, 5),
(2179, 417, 18, 1, 38, 5),
(2180, 418, 18, 1, 37, 10),
(2181, 418, 18, 1, 38, 10),
(2182, 420, 18, 1, 37, 8),
(2183, 420, 18, 1, 38, 1),
(2184, 395, 18, 28, 37, 9),
(2185, 395, 18, 28, 38, 9),
(2186, 396, 18, 28, 37, 1),
(2187, 396, 18, 28, 38, 1),
(2188, 397, 18, 28, 37, 7),
(2189, 397, 18, 28, 38, 7),
(2190, 398, 18, 28, 37, 8),
(2191, 398, 18, 28, 38, 9),
(2192, 399, 18, 28, 37, 10),
(2193, 399, 18, 28, 38, 10),
(2194, 400, 18, 28, 37, 7),
(2195, 400, 18, 28, 38, 7),
(2196, 402, 18, 28, 37, 7),
(2197, 402, 18, 28, 38, 7),
(2198, 403, 18, 28, 37, 1),
(2199, 403, 18, 28, 38, 1),
(2200, 404, 18, 28, 37, 7),
(2201, 404, 18, 28, 38, 7),
(2202, 406, 18, 28, 37, 10),
(2203, 406, 18, 28, 38, 10),
(2204, 407, 18, 28, 37, 1),
(2205, 407, 18, 28, 38, 1),
(2206, 408, 18, 28, 37, 7),
(2207, 408, 18, 28, 38, 7),
(2208, 409, 18, 28, 37, 9),
(2209, 409, 18, 28, 38, 9),
(2210, 411, 18, 28, 37, 10),
(2211, 411, 18, 28, 38, 10),
(2212, 412, 18, 28, 37, 10),
(2213, 412, 18, 28, 38, 10),
(2214, 413, 18, 28, 37, 9),
(2215, 413, 18, 28, 38, 9),
(2216, 414, 18, 28, 37, 9),
(2217, 414, 18, 28, 38, 8),
(2218, 415, 18, 28, 37, 8),
(2219, 415, 18, 28, 38, 8),
(2220, 416, 18, 28, 37, 1),
(2221, 416, 18, 28, 38, 1),
(2222, 417, 18, 28, 37, 1),
(2223, 417, 18, 28, 38, 1),
(2224, 418, 18, 28, 37, 9),
(2225, 418, 18, 28, 38, 9),
(2226, 420, 18, 28, 37, 1),
(2227, 420, 18, 28, 38, 1),
(2228, 395, 18, 24, 37, 10),
(2229, 395, 18, 24, 38, 10),
(2230, 396, 18, 24, 37, 1),
(2231, 396, 18, 24, 38, 1),
(2232, 397, 18, 24, 37, 7),
(2233, 397, 18, 24, 38, 7),
(2234, 398, 18, 24, 37, 10),
(2235, 398, 18, 24, 38, 10),
(2236, 399, 18, 24, 37, 10),
(2237, 399, 18, 24, 38, 10),
(2238, 400, 18, 24, 37, 5),
(2239, 400, 18, 24, 38, 5),
(2240, 402, 18, 24, 37, 1),
(2241, 402, 18, 24, 38, 1),
(2242, 403, 18, 24, 37, 1),
(2243, 403, 18, 24, 38, 1),
(2244, 404, 18, 24, 37, 7),
(2245, 404, 18, 24, 38, 8),
(2246, 406, 18, 24, 37, 10),
(2247, 406, 18, 24, 38, 10),
(2248, 407, 18, 24, 37, 5),
(2249, 407, 18, 24, 38, 5),
(2250, 408, 18, 24, 37, 4),
(2251, 408, 18, 24, 38, 4),
(2252, 409, 18, 24, 37, 10),
(2253, 409, 18, 24, 38, 10),
(2254, 411, 18, 24, 37, 10),
(2255, 411, 18, 24, 38, 10),
(2256, 412, 18, 24, 37, 10),
(2257, 412, 18, 24, 38, 10),
(2258, 413, 18, 24, 37, 7),
(2259, 413, 18, 24, 38, 8),
(2260, 414, 18, 24, 37, 10),
(2261, 414, 18, 24, 38, 10),
(2262, 415, 18, 24, 37, 8),
(2263, 415, 18, 24, 38, 8),
(2264, 416, 18, 24, 37, 7),
(2265, 416, 18, 24, 38, 7),
(2266, 417, 18, 24, 37, 7),
(2267, 417, 18, 24, 38, 7),
(2268, 418, 18, 24, 37, 10),
(2269, 418, 18, 24, 38, 10),
(2270, 420, 18, 24, 37, 1),
(2271, 420, 18, 24, 38, 1),
(2272, 395, 18, 4, 37, 9),
(2273, 395, 18, 4, 38, 10),
(2274, 396, 18, 4, 37, 1),
(2275, 396, 18, 4, 38, 1),
(2276, 397, 18, 4, 37, 5),
(2277, 397, 18, 4, 38, 5),
(2278, 398, 18, 4, 37, 10),
(2279, 398, 18, 4, 38, 10),
(2280, 399, 18, 4, 37, 10),
(2281, 399, 18, 4, 38, 10),
(2282, 400, 18, 4, 37, 1),
(2283, 400, 18, 4, 38, 1),
(2284, 402, 18, 4, 37, 6),
(2285, 402, 18, 4, 38, 6),
(2286, 403, 18, 4, 37, 5),
(2287, 403, 18, 4, 38, 5),
(2288, 404, 18, 4, 37, 7),
(2289, 404, 18, 4, 38, 7),
(2290, 406, 18, 4, 37, 10),
(2291, 406, 18, 4, 38, 10),
(2292, 407, 18, 4, 37, 6),
(2293, 407, 18, 4, 38, 6),
(2294, 408, 18, 4, 37, 5),
(2295, 408, 18, 4, 38, 5),
(2296, 409, 18, 4, 37, 10),
(2297, 409, 18, 4, 38, 10),
(2298, 411, 18, 4, 37, 10),
(2299, 411, 18, 4, 38, 8),
(2300, 412, 18, 4, 37, 9),
(2301, 412, 18, 4, 38, 7),
(2302, 413, 18, 4, 37, 10),
(2303, 413, 18, 4, 38, 10),
(2304, 414, 18, 4, 37, 8),
(2305, 414, 18, 4, 38, 1),
(2306, 415, 18, 4, 37, 8),
(2307, 415, 18, 4, 38, 8),
(2308, 416, 18, 4, 37, 7),
(2309, 416, 18, 4, 38, 7),
(2310, 417, 18, 4, 37, 1),
(2311, 417, 18, 4, 38, 7),
(2312, 418, 18, 4, 37, 9),
(2313, 418, 18, 4, 38, 10),
(2314, 420, 18, 4, 37, 6),
(2315, 420, 18, 4, 38, 6),
(2316, 369, 17, 1, 39, 9),
(2317, 369, 17, 1, 40, 9),
(2318, 370, 17, 1, 39, 7),
(2319, 370, 17, 1, 40, 7),
(2320, 372, 17, 1, 39, 7),
(2321, 372, 17, 1, 40, 8),
(2322, 373, 17, 1, 39, 9),
(2323, 373, 17, 1, 40, 9),
(2324, 374, 17, 1, 39, 1),
(2325, 374, 17, 1, 40, 1),
(2326, 376, 17, 1, 39, 1),
(2327, 376, 17, 1, 40, 1),
(2328, 377, 17, 1, 39, 8),
(2329, 377, 17, 1, 40, 7),
(2330, 378, 17, 1, 39, 7),
(2331, 378, 17, 1, 40, 8),
(2332, 379, 17, 1, 39, 7),
(2333, 379, 17, 1, 40, 8),
(2334, 380, 17, 1, 39, 9),
(2335, 380, 17, 1, 40, 9),
(2336, 382, 17, 1, 39, 6),
(2337, 382, 17, 1, 40, 6),
(2338, 384, 17, 1, 39, 8),
(2339, 384, 17, 1, 40, 8),
(2340, 385, 17, 1, 39, 1),
(2341, 385, 17, 1, 40, 1),
(2342, 386, 17, 1, 39, 8),
(2343, 386, 17, 1, 40, 7),
(2344, 388, 17, 1, 39, 1),
(2345, 388, 17, 1, 40, 1),
(2346, 389, 17, 1, 39, 8),
(2347, 389, 17, 1, 40, 8),
(2348, 390, 17, 1, 39, 8),
(2349, 390, 17, 1, 40, 6),
(2350, 393, 17, 1, 39, 1),
(2351, 393, 17, 1, 40, 1),
(2352, 394, 17, 1, 39, 8),
(2353, 394, 17, 1, 40, 8),
(2354, 369, 17, 28, 39, 8),
(2355, 369, 17, 28, 40, 8),
(2356, 370, 17, 28, 39, 8),
(2357, 370, 17, 28, 40, 8),
(2358, 372, 17, 28, 39, 7),
(2359, 372, 17, 28, 40, 8),
(2360, 373, 17, 28, 39, 1),
(2361, 373, 17, 28, 40, 1),
(2362, 374, 17, 28, 39, 8),
(2363, 374, 17, 28, 40, 8),
(2364, 376, 17, 28, 39, 1),
(2365, 376, 17, 28, 40, 1),
(2366, 377, 17, 28, 39, 8),
(2367, 377, 17, 28, 40, 8),
(2368, 378, 17, 28, 39, 7),
(2369, 378, 17, 28, 40, 8),
(2370, 379, 17, 28, 39, 8),
(2371, 379, 17, 28, 40, 8),
(2372, 380, 17, 28, 39, 8),
(2373, 380, 17, 28, 40, 8),
(2374, 382, 17, 28, 39, 6),
(2375, 382, 17, 28, 40, 5),
(2376, 384, 17, 28, 39, 8),
(2377, 384, 17, 28, 40, 9),
(2378, 385, 17, 28, 39, 1),
(2379, 385, 17, 28, 40, 1),
(2380, 386, 17, 28, 39, 8),
(2381, 386, 17, 28, 40, 8),
(2382, 388, 17, 28, 39, 1),
(2383, 388, 17, 28, 40, 1),
(2384, 389, 17, 28, 39, 8),
(2385, 389, 17, 28, 40, 8),
(2386, 390, 17, 28, 39, 8),
(2387, 390, 17, 28, 40, 8),
(2388, 393, 17, 28, 39, 1),
(2389, 393, 17, 28, 40, 1),
(2390, 394, 17, 28, 39, 8),
(2391, 394, 17, 28, 40, 8),
(2392, 369, 17, 24, 39, 9),
(2393, 369, 17, 24, 40, 9),
(2394, 370, 17, 24, 39, 8),
(2395, 370, 17, 24, 40, 8),
(2396, 372, 17, 24, 39, 9),
(2397, 372, 17, 24, 40, 9),
(2398, 373, 17, 24, 39, 10),
(2399, 373, 17, 24, 40, 10),
(2400, 374, 17, 24, 39, 10),
(2401, 374, 17, 24, 40, 1),
(2402, 376, 17, 24, 39, 1),
(2403, 376, 17, 24, 40, 1),
(2404, 377, 17, 24, 39, 8),
(2405, 377, 17, 24, 40, 7),
(2406, 378, 17, 24, 39, 8),
(2407, 378, 17, 24, 40, 8),
(2408, 379, 17, 24, 39, 8),
(2409, 379, 17, 24, 40, 8),
(2410, 380, 17, 24, 39, 8),
(2411, 380, 17, 24, 40, 8),
(2412, 382, 17, 24, 39, 7),
(2413, 382, 17, 24, 40, 7),
(2414, 384, 17, 24, 39, 8),
(2415, 384, 17, 24, 40, 8),
(2416, 385, 17, 24, 39, 1),
(2417, 385, 17, 24, 40, 1),
(2418, 386, 17, 24, 39, 8),
(2419, 386, 17, 24, 40, 8),
(2420, 388, 17, 24, 39, 1),
(2421, 388, 17, 24, 40, 1),
(2422, 389, 17, 24, 39, 8),
(2423, 389, 17, 24, 40, 9),
(2424, 390, 17, 24, 39, 8),
(2425, 390, 17, 24, 40, 9),
(2426, 393, 17, 24, 39, 1),
(2427, 393, 17, 24, 40, 1),
(2428, 394, 17, 24, 39, 9),
(2429, 394, 17, 24, 40, 9),
(2430, 369, 17, 4, 39, 9),
(2431, 369, 17, 4, 40, 9),
(2432, 370, 17, 4, 39, 8),
(2433, 370, 17, 4, 40, 8),
(2434, 372, 17, 4, 39, 8),
(2435, 372, 17, 4, 40, 8),
(2436, 373, 17, 4, 39, 10),
(2437, 373, 17, 4, 40, 9),
(2438, 374, 17, 4, 39, 8),
(2439, 374, 17, 4, 40, 1),
(2440, 376, 17, 4, 39, 1),
(2441, 376, 17, 4, 40, 1),
(2442, 377, 17, 4, 39, 8),
(2443, 377, 17, 4, 40, 8),
(2444, 378, 17, 4, 39, 7),
(2445, 378, 17, 4, 40, 6),
(2446, 379, 17, 4, 39, 8),
(2447, 379, 17, 4, 40, 8),
(2448, 380, 17, 4, 39, 7),
(2449, 380, 17, 4, 40, 7),
(2450, 382, 17, 4, 39, 7),
(2451, 382, 17, 4, 40, 7),
(2452, 384, 17, 4, 39, 8),
(2453, 384, 17, 4, 40, 7),
(2454, 385, 17, 4, 39, 1),
(2455, 385, 17, 4, 40, 1),
(2456, 386, 17, 4, 39, 7),
(2457, 386, 17, 4, 40, 7),
(2458, 388, 17, 4, 39, 1),
(2459, 388, 17, 4, 40, 1),
(2460, 389, 17, 4, 39, 8),
(2461, 389, 17, 4, 40, 8),
(2462, 390, 17, 4, 39, 7),
(2463, 390, 17, 4, 40, 8),
(2464, 393, 17, 4, 39, 1),
(2465, 393, 17, 4, 40, 1),
(2466, 394, 17, 4, 39, 8),
(2467, 394, 17, 4, 40, 9),
(2468, 395, 18, 1, 39, 8),
(2469, 395, 18, 1, 40, 8),
(2470, 396, 18, 1, 39, 1),
(2471, 396, 18, 1, 40, 1),
(2472, 397, 18, 1, 39, 1),
(2473, 397, 18, 1, 40, 1),
(2474, 398, 18, 1, 39, 8),
(2475, 398, 18, 1, 40, 8),
(2476, 399, 18, 1, 39, 8),
(2477, 399, 18, 1, 40, 10),
(2478, 400, 18, 1, 39, 4),
(2479, 400, 18, 1, 40, 3),
(2480, 402, 18, 1, 39, 7),
(2481, 402, 18, 1, 40, 7),
(2482, 403, 18, 1, 39, 5),
(2483, 403, 18, 1, 40, 5),
(2484, 404, 18, 1, 39, 7),
(2485, 404, 18, 1, 40, 7),
(2486, 406, 18, 1, 39, 9),
(2487, 406, 18, 1, 40, 10),
(2488, 407, 18, 1, 39, 6),
(2489, 407, 18, 1, 40, 6),
(2490, 408, 18, 1, 39, 1),
(2491, 408, 18, 1, 40, 1),
(2492, 409, 18, 1, 39, 7),
(2493, 409, 18, 1, 40, 7),
(2494, 411, 18, 1, 39, 9),
(2495, 411, 18, 1, 40, 9),
(2496, 412, 18, 1, 39, 9),
(2497, 412, 18, 1, 40, 9),
(2498, 413, 18, 1, 39, 7),
(2499, 413, 18, 1, 40, 8),
(2500, 414, 18, 1, 39, 8),
(2501, 414, 18, 1, 40, 9),
(2502, 415, 18, 1, 39, 8),
(2503, 415, 18, 1, 40, 8),
(2504, 416, 18, 1, 39, 5),
(2505, 416, 18, 1, 40, 5),
(2506, 417, 18, 1, 39, 5),
(2507, 417, 18, 1, 40, 5),
(2508, 418, 18, 1, 39, 8),
(2509, 418, 18, 1, 40, 9),
(2510, 420, 18, 1, 39, 1),
(2511, 420, 18, 1, 40, 1),
(2512, 395, 18, 28, 39, 8),
(2513, 395, 18, 28, 40, 8),
(2514, 396, 18, 28, 39, 1),
(2515, 396, 18, 28, 40, 1),
(2516, 397, 18, 28, 39, 1),
(2517, 397, 18, 28, 40, 1),
(2518, 398, 18, 28, 39, 9),
(2519, 398, 18, 28, 40, 9),
(2520, 399, 18, 28, 39, 10),
(2521, 399, 18, 28, 40, 9),
(2522, 400, 18, 28, 39, 7),
(2523, 400, 18, 28, 40, 1),
(2524, 402, 18, 28, 39, 7),
(2525, 402, 18, 28, 40, 7),
(2526, 403, 18, 28, 39, 5),
(2527, 403, 18, 28, 40, 8),
(2528, 404, 18, 28, 39, 7),
(2529, 404, 18, 28, 40, 7),
(2530, 406, 18, 28, 39, 9),
(2531, 406, 18, 28, 40, 9),
(2532, 407, 18, 28, 39, 1),
(2533, 407, 18, 28, 40, 1),
(2534, 408, 18, 28, 39, 1),
(2535, 408, 18, 28, 40, 1),
(2536, 409, 18, 28, 39, 8),
(2537, 409, 18, 28, 40, 9),
(2538, 411, 18, 28, 39, 9),
(2539, 411, 18, 28, 40, 9),
(2540, 412, 18, 28, 39, 8),
(2541, 412, 18, 28, 40, 9),
(2542, 413, 18, 28, 39, 7),
(2543, 413, 18, 28, 40, 6),
(2544, 414, 18, 28, 39, 8),
(2545, 414, 18, 28, 40, 8),
(2546, 415, 18, 28, 39, 8),
(2547, 415, 18, 28, 40, 8),
(2548, 416, 18, 28, 39, 1),
(2549, 416, 18, 28, 40, 1),
(2550, 417, 18, 28, 39, 1),
(2551, 417, 18, 28, 40, 1),
(2552, 418, 18, 28, 39, 8),
(2553, 418, 18, 28, 40, 8),
(2554, 420, 18, 28, 39, 1),
(2555, 420, 18, 28, 40, 1),
(2556, 395, 18, 24, 39, 9),
(2557, 395, 18, 24, 40, 9),
(2558, 396, 18, 24, 39, 1),
(2559, 396, 18, 24, 40, 1),
(2560, 397, 18, 24, 39, 6),
(2561, 397, 18, 24, 40, 6),
(2562, 398, 18, 24, 39, 10),
(2563, 398, 18, 24, 40, 10),
(2564, 399, 18, 24, 39, 10),
(2565, 399, 18, 24, 40, 10),
(2566, 400, 18, 24, 39, 8),
(2567, 402, 18, 24, 39, 9),
(2568, 402, 18, 24, 40, 9),
(2569, 403, 18, 24, 39, 7),
(2570, 403, 18, 24, 40, 7),
(2571, 404, 18, 24, 39, 7),
(2572, 404, 18, 24, 40, 7),
(2573, 406, 18, 24, 39, 10),
(2574, 406, 18, 24, 40, 9),
(2575, 407, 18, 24, 39, 5),
(2576, 407, 18, 24, 40, 5),
(2577, 408, 18, 24, 39, 6),
(2578, 408, 18, 24, 40, 6),
(2579, 409, 18, 24, 39, 8),
(2580, 409, 18, 24, 40, 9),
(2581, 411, 18, 24, 39, 10),
(2582, 411, 18, 24, 40, 10),
(2583, 412, 18, 24, 39, 9),
(2584, 412, 18, 24, 40, 9),
(2585, 413, 18, 24, 39, 9),
(2586, 413, 18, 24, 40, 9),
(2587, 414, 18, 24, 39, 1),
(2588, 414, 18, 24, 40, 1),
(2589, 415, 18, 24, 39, 9),
(2590, 415, 18, 24, 40, 9),
(2591, 416, 18, 24, 39, 4),
(2592, 416, 18, 24, 40, 4),
(2593, 417, 18, 24, 39, 4),
(2594, 417, 18, 24, 40, 4),
(2595, 418, 18, 24, 39, 10),
(2596, 418, 18, 24, 40, 10),
(2597, 420, 18, 24, 39, 1),
(2598, 420, 18, 24, 40, 1),
(2599, 395, 18, 4, 39, 9.5),
(2600, 395, 18, 4, 40, 9.5),
(2601, 396, 18, 4, 39, 1),
(2602, 396, 18, 4, 40, 1),
(2603, 397, 18, 4, 39, 8),
(2604, 397, 18, 4, 40, 8),
(2605, 398, 18, 4, 39, 8),
(2606, 398, 18, 4, 40, 9),
(2607, 399, 18, 4, 39, 9),
(2608, 399, 18, 4, 40, 9),
(2609, 400, 18, 4, 39, 5),
(2610, 400, 18, 4, 40, 4),
(2611, 402, 18, 4, 39, 7),
(2612, 402, 18, 4, 40, 7),
(2613, 403, 18, 4, 39, 5),
(2614, 403, 18, 4, 40, 4),
(2615, 404, 18, 4, 39, 8),
(2616, 404, 18, 4, 40, 8),
(2617, 406, 18, 4, 39, 9),
(2618, 406, 18, 4, 40, 9),
(2619, 407, 18, 4, 39, 6),
(2620, 407, 18, 4, 40, 6),
(2621, 408, 18, 4, 39, 8),
(2622, 408, 18, 4, 40, 8),
(2623, 409, 18, 4, 39, 9),
(2624, 409, 18, 4, 40, 5),
(2625, 411, 18, 4, 39, 1),
(2626, 411, 18, 4, 40, 1),
(2627, 412, 18, 4, 39, 9),
(2628, 412, 18, 4, 40, 8),
(2629, 413, 18, 4, 39, 8),
(2630, 413, 18, 4, 40, 7),
(2631, 414, 18, 4, 39, 8),
(2632, 414, 18, 4, 40, 9),
(2633, 415, 18, 4, 39, 8),
(2634, 415, 18, 4, 40, 7),
(2635, 416, 18, 4, 39, 7),
(2636, 416, 18, 4, 40, 7),
(2637, 417, 18, 4, 39, 7),
(2638, 417, 18, 4, 40, 7),
(2639, 418, 18, 4, 39, 9),
(2640, 418, 18, 4, 40, 9),
(2641, 420, 18, 4, 39, 1),
(2642, 420, 18, 4, 40, 1),
(2643, 369, 17, 1, 41, 7),
(2644, 370, 17, 1, 41, 7),
(2645, 372, 17, 1, 41, 1),
(2646, 373, 17, 1, 41, 9),
(2647, 374, 17, 1, 41, 1),
(2648, 376, 17, 1, 41, 1),
(2649, 377, 17, 1, 41, 6),
(2650, 378, 17, 1, 41, 6),
(2651, 379, 17, 1, 41, 7),
(2652, 380, 17, 1, 41, 6),
(2653, 382, 17, 1, 41, 5),
(2654, 384, 17, 1, 41, 7),
(2655, 385, 17, 1, 41, 1),
(2656, 386, 17, 1, 41, 5),
(2657, 388, 17, 1, 41, 5),
(2658, 389, 17, 1, 41, 8),
(2659, 390, 17, 1, 41, 6),
(2660, 393, 17, 1, 41, 1),
(2661, 394, 17, 1, 41, 7),
(2662, 369, 17, 28, 41, 8),
(2663, 370, 17, 28, 41, 8),
(2664, 372, 17, 28, 41, 7),
(2665, 373, 17, 28, 41, 8),
(2666, 374, 17, 28, 41, 7),
(2667, 376, 17, 28, 41, 1),
(2668, 377, 17, 28, 41, 8),
(2669, 378, 17, 28, 41, 8),
(2670, 379, 17, 28, 41, 7),
(2671, 380, 17, 28, 41, 8),
(2672, 382, 17, 28, 41, 7),
(2673, 384, 17, 28, 41, 7),
(2674, 385, 17, 28, 41, 1),
(2675, 386, 17, 28, 41, 8),
(2676, 388, 17, 28, 41, 5),
(2677, 389, 17, 28, 41, 8),
(2678, 390, 17, 28, 41, 7),
(2679, 393, 17, 28, 41, 1),
(2680, 394, 17, 28, 41, 8),
(2681, 369, 17, 24, 41, 8),
(2682, 370, 17, 24, 41, 8),
(2683, 372, 17, 24, 41, 8),
(2684, 373, 17, 24, 41, 8),
(2685, 374, 17, 24, 41, 1),
(2686, 376, 17, 24, 41, 1),
(2687, 377, 17, 24, 41, 8),
(2688, 378, 17, 24, 41, 7),
(2689, 379, 17, 24, 41, 8),
(2690, 380, 17, 24, 41, 8),
(2691, 382, 17, 24, 41, 7),
(2692, 384, 17, 24, 41, 7),
(2693, 385, 17, 24, 41, 1),
(2694, 386, 17, 24, 41, 7),
(2695, 388, 17, 24, 41, 1),
(2696, 389, 17, 24, 41, 8),
(2697, 390, 17, 24, 41, 8),
(2698, 393, 17, 24, 41, 1),
(2699, 394, 17, 24, 41, 9),
(2700, 369, 17, 4, 41, 6),
(2701, 370, 17, 4, 41, 6),
(2702, 372, 17, 4, 41, 6),
(2703, 373, 17, 4, 41, 9),
(2704, 374, 17, 4, 41, 1),
(2705, 376, 17, 4, 41, 1),
(2706, 377, 17, 4, 41, 4),
(2707, 378, 17, 4, 41, 7),
(2708, 379, 17, 4, 41, 8),
(2709, 380, 17, 4, 41, 2.5),
(2710, 382, 17, 4, 41, 1),
(2711, 384, 17, 4, 41, 8),
(2712, 385, 17, 4, 41, 1),
(2713, 386, 17, 4, 41, 5),
(2714, 388, 17, 4, 41, 1),
(2715, 389, 17, 4, 41, 8),
(2716, 390, 17, 4, 41, 8),
(2717, 393, 17, 4, 41, 1),
(2718, 394, 17, 4, 41, 7),
(2719, 395, 18, 1, 41, 8),
(2720, 396, 18, 1, 41, 6),
(2721, 397, 18, 1, 41, 5),
(2722, 398, 18, 1, 41, 8),
(2723, 399, 18, 1, 41, 10),
(2724, 400, 18, 1, 41, 6),
(2725, 402, 18, 1, 41, 6),
(2726, 403, 18, 1, 41, 7),
(2727, 404, 18, 1, 41, 7),
(2728, 406, 18, 1, 41, 10),
(2729, 407, 18, 1, 41, 1),
(2730, 408, 18, 1, 41, 1),
(2731, 409, 18, 1, 41, 6),
(2732, 411, 18, 1, 41, 8),
(2733, 412, 18, 1, 41, 6),
(2734, 413, 18, 1, 41, 7),
(2735, 414, 18, 1, 41, 8),
(2736, 415, 18, 1, 41, 8),
(2737, 416, 18, 1, 41, 5),
(2738, 417, 18, 1, 41, 5),
(2739, 418, 18, 1, 41, 8),
(2740, 420, 18, 1, 41, 1),
(2741, 395, 18, 28, 41, 9),
(2742, 396, 18, 28, 41, 1),
(2743, 397, 18, 28, 41, 1),
(2744, 398, 18, 28, 41, 9),
(2745, 399, 18, 28, 41, 9),
(2746, 400, 18, 28, 41, 5),
(2747, 402, 18, 28, 41, 8),
(2748, 403, 18, 28, 41, 7),
(2749, 404, 18, 28, 41, 7),
(2750, 406, 18, 28, 41, 10),
(2751, 407, 18, 28, 41, 1),
(2752, 408, 18, 28, 41, 8),
(2753, 409, 18, 28, 41, 9),
(2754, 411, 18, 28, 41, 8),
(2755, 412, 18, 28, 41, 10),
(2756, 413, 18, 28, 41, 9),
(2757, 414, 18, 28, 41, 9),
(2758, 415, 18, 28, 41, 8),
(2759, 416, 18, 28, 41, 1),
(2760, 417, 18, 28, 41, 1),
(2761, 418, 18, 28, 41, 9),
(2762, 420, 18, 28, 41, 1),
(2763, 395, 18, 24, 41, 8),
(2764, 396, 18, 24, 41, 1),
(2765, 397, 18, 24, 41, 6),
(2766, 398, 18, 24, 41, 7),
(2767, 399, 18, 24, 41, 9),
(2768, 400, 18, 24, 41, 7),
(2769, 402, 18, 24, 41, 8),
(2770, 403, 18, 24, 41, 8),
(2771, 404, 18, 24, 41, 7),
(2772, 406, 18, 24, 41, 10),
(2773, 407, 18, 24, 41, 1),
(2774, 408, 18, 24, 41, 7),
(2775, 409, 18, 24, 41, 8),
(2776, 411, 18, 24, 41, 10),
(2777, 412, 18, 24, 41, 9),
(2778, 413, 18, 24, 41, 8),
(2779, 414, 18, 24, 41, 8),
(2780, 415, 18, 24, 41, 8),
(2781, 416, 18, 24, 41, 4),
(2782, 417, 18, 24, 41, 4),
(2783, 418, 18, 24, 41, 8),
(2784, 420, 18, 24, 41, 7),
(2785, 395, 18, 4, 41, 6),
(2786, 396, 18, 4, 41, 1),
(2787, 397, 18, 4, 41, 1),
(2788, 398, 18, 4, 41, 9),
(2789, 399, 18, 4, 41, 9),
(2790, 400, 18, 4, 41, 7),
(2791, 402, 18, 4, 41, 7),
(2792, 403, 18, 4, 41, 7),
(2793, 404, 18, 4, 41, 7),
(2794, 406, 18, 4, 41, 10),
(2795, 407, 18, 4, 41, 1),
(2796, 408, 18, 4, 41, 7),
(2797, 409, 18, 4, 41, 4),
(2798, 411, 18, 4, 41, 8),
(2799, 412, 18, 4, 41, 9),
(2800, 413, 18, 4, 41, 9),
(2801, 414, 18, 4, 41, 8),
(2802, 415, 18, 4, 41, 9),
(2803, 416, 18, 4, 41, 9),
(2804, 417, 18, 4, 41, 7),
(2805, 418, 18, 4, 41, 9),
(2806, 420, 18, 4, 41, 6),
(2807, 382, 17, 3, 42, 5),
(2808, 369, 17, 7, 32, 8),
(2809, 369, 17, 7, 33, 8),
(2810, 370, 17, 7, 32, 10),
(2811, 370, 17, 7, 33, 10),
(2812, 373, 17, 7, 32, 8),
(2813, 373, 17, 7, 33, 8),
(2814, 374, 17, 7, 32, 10),
(2815, 374, 17, 7, 33, 10),
(2816, 376, 17, 7, 32, 10),
(2817, 376, 17, 7, 33, 10),
(2818, 377, 17, 7, 32, 8),
(2819, 377, 17, 7, 33, 8),
(2820, 378, 17, 7, 32, 9),
(2821, 378, 17, 7, 33, 9),
(2822, 379, 17, 7, 32, 10),
(2823, 379, 17, 7, 33, 10),
(2824, 380, 17, 7, 32, 7),
(2825, 380, 17, 7, 33, 7),
(2826, 382, 17, 7, 32, 7),
(2827, 382, 17, 7, 33, 7),
(2828, 384, 17, 7, 32, 8),
(2829, 384, 17, 7, 33, 8),
(2830, 385, 17, 7, 32, 1),
(2831, 385, 17, 7, 33, 1),
(2832, 386, 17, 7, 32, 10),
(2833, 386, 17, 7, 33, 10),
(2834, 388, 17, 7, 32, 9),
(2835, 388, 17, 7, 33, 9),
(2836, 389, 17, 7, 32, 8),
(2837, 389, 17, 7, 33, 8),
(2838, 390, 17, 7, 32, 10),
(2839, 390, 17, 7, 33, 10),
(2840, 393, 17, 7, 32, 8),
(2841, 393, 17, 7, 33, 8),
(2842, 394, 17, 7, 32, 9),
(2843, 394, 17, 7, 33, 9),
(2844, 369, 17, 8, 32, 8),
(2845, 369, 17, 8, 33, 8),
(2846, 370, 17, 8, 32, 10),
(2847, 370, 17, 8, 33, 10),
(2848, 372, 17, 8, 32, 1),
(2849, 372, 17, 8, 33, 1),
(2850, 373, 17, 8, 32, 8),
(2851, 373, 17, 8, 33, 8),
(2852, 374, 17, 8, 32, 10),
(2853, 374, 17, 8, 33, 10),
(2854, 376, 17, 8, 32, 10),
(2855, 376, 17, 8, 33, 10),
(2856, 377, 17, 8, 32, 8),
(2857, 377, 17, 8, 33, 8),
(2858, 378, 17, 8, 32, 9),
(2859, 378, 17, 8, 33, 9),
(2860, 379, 17, 8, 32, 10),
(2861, 379, 17, 8, 33, 10),
(2862, 380, 17, 8, 32, 7),
(2863, 380, 17, 8, 33, 7),
(2864, 382, 17, 8, 32, 8),
(2865, 382, 17, 8, 33, 8),
(2866, 384, 17, 8, 32, 8),
(2867, 384, 17, 8, 33, 8),
(2868, 385, 17, 8, 32, 1),
(2869, 385, 17, 8, 33, 1),
(2870, 386, 17, 8, 32, 10),
(2871, 386, 17, 8, 33, 10),
(2872, 388, 17, 8, 32, 9),
(2873, 388, 17, 8, 33, 9),
(2874, 389, 17, 8, 32, 8),
(2875, 389, 17, 8, 33, 8),
(2876, 390, 17, 8, 32, 10),
(2877, 390, 17, 8, 33, 10),
(2878, 393, 17, 8, 32, 8),
(2879, 393, 17, 8, 33, 8),
(2880, 394, 17, 8, 32, 9),
(2881, 394, 17, 8, 33, 9),
(2882, 369, 17, 22, 32, 10),
(2883, 369, 17, 22, 33, 10),
(2884, 370, 17, 22, 32, 10),
(2885, 370, 17, 22, 33, 10),
(2886, 372, 17, 22, 32, 9),
(2887, 372, 17, 22, 33, 10),
(2888, 373, 17, 22, 32, 9),
(2889, 373, 17, 22, 33, 8),
(2890, 374, 17, 22, 32, 10),
(2891, 374, 17, 22, 33, 10),
(2892, 376, 17, 22, 32, 9),
(2893, 376, 17, 22, 33, 8),
(2894, 377, 17, 22, 32, 10),
(2895, 377, 17, 22, 33, 10),
(2896, 378, 17, 22, 32, 10),
(2897, 378, 17, 22, 33, 10),
(2898, 379, 17, 22, 32, 10),
(2899, 379, 17, 22, 33, 10),
(2900, 380, 17, 22, 32, 10),
(2901, 380, 17, 22, 33, 10),
(2902, 382, 17, 22, 32, 8),
(2903, 382, 17, 22, 33, 9),
(2904, 384, 17, 22, 32, 8),
(2905, 384, 17, 22, 33, 8),
(2906, 385, 17, 22, 32, 1),
(2907, 385, 17, 22, 33, 1),
(2908, 386, 17, 22, 32, 10),
(2909, 386, 17, 22, 33, 10),
(2910, 388, 17, 22, 32, 10),
(2911, 388, 17, 22, 33, 10),
(2912, 389, 17, 22, 32, 8),
(2913, 389, 17, 22, 33, 8),
(2914, 390, 17, 22, 32, 10),
(2915, 390, 17, 22, 33, 10),
(2916, 393, 17, 22, 32, 8),
(2917, 393, 17, 22, 33, 8),
(2918, 394, 17, 22, 32, 10),
(2919, 394, 17, 22, 33, 8),
(2920, 395, 18, 7, 32, 9),
(2921, 395, 18, 7, 33, 9),
(2922, 396, 18, 7, 32, 8),
(2923, 396, 18, 7, 33, 8),
(2924, 397, 18, 7, 32, 9),
(2925, 397, 18, 7, 33, 9),
(2926, 398, 18, 7, 32, 10),
(2927, 398, 18, 7, 33, 10),
(2928, 399, 18, 7, 32, 9),
(2929, 399, 18, 7, 33, 10),
(2930, 400, 18, 7, 32, 8),
(2931, 400, 18, 7, 33, 8),
(2932, 402, 18, 7, 32, 7),
(2933, 402, 18, 7, 33, 7),
(2934, 403, 18, 7, 32, 10),
(2935, 403, 18, 7, 33, 10),
(2936, 404, 18, 7, 32, 10),
(2937, 404, 18, 7, 33, 10),
(2938, 406, 18, 7, 32, 10),
(2939, 406, 18, 7, 33, 10),
(2940, 407, 18, 7, 32, 8),
(2941, 407, 18, 7, 33, 8),
(2942, 408, 18, 7, 32, 1),
(2943, 408, 18, 7, 33, 1),
(2944, 409, 18, 7, 32, 10),
(2945, 409, 18, 7, 33, 10),
(2946, 411, 18, 7, 32, 10),
(2947, 411, 18, 7, 33, 10),
(2948, 412, 18, 7, 32, 10),
(2949, 412, 18, 7, 33, 10),
(2950, 413, 18, 7, 32, 8),
(2951, 413, 18, 7, 33, 9),
(2952, 414, 18, 7, 32, 10),
(2953, 414, 18, 7, 33, 10),
(2954, 415, 18, 7, 32, 10),
(2955, 415, 18, 7, 33, 10),
(2956, 416, 18, 7, 32, 7),
(2957, 416, 18, 7, 33, 7),
(2958, 417, 18, 7, 32, 7),
(2959, 417, 18, 7, 33, 7),
(2960, 418, 18, 7, 32, 10),
(2961, 418, 18, 7, 33, 10),
(2962, 420, 18, 7, 32, 8),
(2963, 420, 18, 7, 33, 8),
(2964, 395, 18, 8, 32, 9),
(2965, 395, 18, 8, 33, 9),
(2966, 396, 18, 8, 32, 1),
(2967, 396, 18, 8, 33, 1),
(2968, 397, 18, 8, 32, 9),
(2969, 397, 18, 8, 33, 9),
(2970, 398, 18, 8, 32, 9),
(2971, 398, 18, 8, 33, 9),
(2972, 399, 18, 8, 32, 10),
(2973, 399, 18, 8, 33, 10),
(2974, 400, 18, 8, 32, 8),
(2975, 400, 18, 8, 33, 8),
(2976, 402, 18, 8, 32, 7),
(2977, 402, 18, 8, 33, 7),
(2978, 403, 18, 8, 32, 10),
(2979, 403, 18, 8, 33, 10),
(2980, 404, 18, 8, 32, 10),
(2981, 404, 18, 8, 33, 10),
(2982, 406, 18, 8, 32, 10),
(2983, 406, 18, 8, 33, 10),
(2984, 407, 18, 8, 32, 8),
(2985, 407, 18, 8, 33, 8),
(2986, 408, 18, 8, 32, 1),
(2987, 408, 18, 8, 33, 1),
(2988, 409, 18, 8, 32, 10),
(2989, 409, 18, 8, 33, 10),
(2990, 411, 18, 8, 32, 10),
(2991, 411, 18, 8, 33, 10),
(2992, 412, 18, 8, 32, 10),
(2993, 412, 18, 8, 33, 10),
(2994, 413, 18, 8, 32, 8),
(2995, 413, 18, 8, 33, 9),
(2996, 414, 18, 8, 32, 10),
(2997, 414, 18, 8, 33, 10),
(2998, 415, 18, 8, 32, 10),
(2999, 415, 18, 8, 33, 10),
(3000, 416, 18, 8, 32, 7),
(3001, 416, 18, 8, 33, 7),
(3002, 417, 18, 8, 32, 7),
(3003, 417, 18, 8, 33, 7),
(3004, 418, 18, 8, 32, 10),
(3005, 418, 18, 8, 33, 10),
(3006, 420, 18, 8, 32, 8),
(3007, 420, 18, 8, 33, 8),
(3008, 395, 18, 22, 32, 9),
(3009, 395, 18, 22, 33, 10),
(3010, 396, 18, 22, 32, 9),
(3011, 396, 18, 22, 33, 10),
(3012, 397, 18, 22, 32, 10),
(3013, 397, 18, 22, 33, 10),
(3014, 398, 18, 22, 32, 10),
(3015, 398, 18, 22, 33, 10),
(3016, 399, 18, 22, 32, 10),
(3017, 399, 18, 22, 33, 10),
(3018, 400, 18, 22, 32, 8),
(3019, 400, 18, 22, 33, 9),
(3020, 402, 18, 22, 32, 7),
(3021, 402, 18, 22, 33, 7),
(3022, 403, 18, 22, 32, 9),
(3023, 403, 18, 22, 33, 9),
(3024, 404, 18, 22, 32, 10),
(3025, 404, 18, 22, 33, 10),
(3026, 406, 18, 22, 32, 10),
(3027, 406, 18, 22, 33, 10),
(3028, 407, 18, 22, 32, 10),
(3029, 407, 18, 22, 33, 10),
(3030, 408, 18, 22, 32, 9),
(3031, 408, 18, 22, 33, 8),
(3032, 409, 18, 22, 32, 10),
(3033, 409, 18, 22, 33, 10),
(3034, 411, 18, 22, 32, 10),
(3035, 411, 18, 22, 33, 10),
(3036, 412, 18, 22, 32, 10),
(3037, 412, 18, 22, 33, 10),
(3038, 413, 18, 22, 32, 8),
(3039, 413, 18, 22, 33, 10),
(3040, 414, 18, 22, 32, 10),
(3041, 414, 18, 22, 33, 10),
(3042, 415, 18, 22, 32, 10),
(3043, 415, 18, 22, 33, 10),
(3044, 416, 18, 22, 32, 9),
(3045, 416, 18, 22, 33, 8),
(3046, 417, 18, 22, 32, 7),
(3047, 417, 18, 22, 33, 7),
(3048, 418, 18, 22, 32, 10),
(3049, 418, 18, 22, 33, 10),
(3050, 420, 18, 22, 32, 9),
(3051, 420, 18, 22, 33, 8),
(3052, 369, 17, 7, 34, 10),
(3053, 369, 17, 7, 35, 10),
(3054, 370, 17, 7, 34, 10),
(3055, 370, 17, 7, 35, 10),
(3056, 372, 17, 7, 34, 8),
(3057, 372, 17, 7, 35, 8),
(3058, 373, 17, 7, 34, 8),
(3059, 373, 17, 7, 35, 8),
(3060, 374, 17, 7, 34, 8),
(3061, 374, 17, 7, 35, 8),
(3062, 376, 17, 7, 34, 9),
(3063, 376, 17, 7, 35, 8),
(3064, 377, 17, 7, 34, 8),
(3065, 377, 17, 7, 35, 8),
(3066, 378, 17, 7, 34, 7),
(3067, 378, 17, 7, 35, 7),
(3068, 379, 17, 7, 34, 10),
(3069, 379, 17, 7, 35, 10),
(3070, 380, 17, 7, 34, 7),
(3071, 380, 17, 7, 35, 7),
(3072, 382, 17, 7, 34, 9),
(3073, 382, 17, 7, 35, 8),
(3074, 384, 17, 7, 34, 8),
(3075, 384, 17, 7, 35, 8),
(3076, 385, 17, 7, 34, 7),
(3077, 385, 17, 7, 35, 7),
(3078, 386, 17, 7, 34, 10),
(3079, 386, 17, 7, 35, 10),
(3080, 388, 17, 7, 34, 8),
(3081, 388, 17, 7, 35, 8),
(3082, 389, 17, 7, 34, 8),
(3083, 389, 17, 7, 35, 8),
(3084, 390, 17, 7, 34, 10),
(3085, 390, 17, 7, 35, 10),
(3086, 393, 17, 7, 34, 9),
(3087, 393, 17, 7, 35, 9),
(3088, 394, 17, 7, 34, 10),
(3089, 394, 17, 7, 35, 10),
(3090, 369, 17, 8, 34, 10),
(3091, 369, 17, 8, 35, 10),
(3092, 370, 17, 8, 34, 10),
(3093, 370, 17, 8, 35, 10),
(3094, 372, 17, 8, 34, 9),
(3095, 372, 17, 8, 35, 8),
(3096, 373, 17, 8, 34, 7),
(3097, 373, 17, 8, 35, 7),
(3098, 374, 17, 8, 34, 8),
(3099, 374, 17, 8, 35, 9),
(3100, 376, 17, 8, 34, 8),
(3101, 376, 17, 8, 35, 9),
(3102, 377, 17, 8, 34, 7),
(3103, 377, 17, 8, 35, 7),
(3104, 378, 17, 8, 34, 7),
(3105, 378, 17, 8, 35, 7),
(3106, 379, 17, 8, 34, 10),
(3107, 379, 17, 8, 35, 10),
(3108, 380, 17, 8, 34, 7),
(3109, 380, 17, 8, 35, 7),
(3110, 382, 17, 8, 34, 9),
(3111, 382, 17, 8, 35, 8),
(3112, 384, 17, 8, 34, 8),
(3113, 384, 17, 8, 35, 8),
(3114, 385, 17, 8, 34, 7),
(3115, 385, 17, 8, 35, 8),
(3116, 386, 17, 8, 34, 10),
(3117, 386, 17, 8, 35, 10),
(3118, 388, 17, 8, 34, 9),
(3119, 388, 17, 8, 35, 8),
(3120, 389, 17, 8, 34, 8),
(3121, 389, 17, 8, 35, 7),
(3122, 390, 17, 8, 34, 10),
(3123, 390, 17, 8, 35, 10),
(3124, 393, 17, 8, 34, 9),
(3125, 393, 17, 8, 35, 9),
(3126, 394, 17, 8, 34, 10),
(3127, 394, 17, 8, 35, 10),
(3128, 369, 17, 22, 34, 10),
(3129, 369, 17, 22, 35, 10),
(3130, 370, 17, 22, 34, 10),
(3131, 370, 17, 22, 35, 10),
(3132, 372, 17, 22, 34, 7),
(3133, 372, 17, 22, 35, 8),
(3134, 373, 17, 22, 34, 7),
(3135, 373, 17, 22, 35, 8),
(3136, 374, 17, 22, 34, 5),
(3137, 374, 17, 22, 35, 5),
(3138, 376, 17, 22, 34, 8),
(3139, 376, 17, 22, 35, 8),
(3140, 377, 17, 22, 34, 8),
(3141, 377, 17, 22, 35, 8),
(3142, 378, 17, 22, 34, 7),
(3143, 378, 17, 22, 35, 7),
(3144, 379, 17, 22, 34, 10),
(3145, 379, 17, 22, 35, 10),
(3146, 380, 17, 22, 34, 8),
(3147, 380, 17, 22, 35, 8),
(3148, 382, 17, 22, 34, 7),
(3149, 382, 17, 22, 35, 7),
(3150, 384, 17, 22, 34, 8),
(3151, 384, 17, 22, 35, 8),
(3152, 385, 17, 22, 34, 7),
(3153, 385, 17, 22, 35, 8),
(3154, 386, 17, 22, 34, 10),
(3155, 386, 17, 22, 35, 10),
(3156, 388, 17, 22, 34, 8),
(3157, 388, 17, 22, 35, 8),
(3158, 389, 17, 22, 34, 7),
(3159, 389, 17, 22, 35, 8),
(3160, 390, 17, 22, 34, 10),
(3161, 390, 17, 22, 35, 10),
(3162, 393, 17, 22, 34, 8),
(3163, 393, 17, 22, 35, 8),
(3164, 394, 17, 22, 34, 10),
(3165, 394, 17, 22, 35, 10),
(3166, 395, 18, 7, 34, 10),
(3167, 395, 18, 7, 35, 10),
(3168, 396, 18, 7, 34, 8),
(3169, 396, 18, 7, 35, 8),
(3170, 397, 18, 7, 34, 10),
(3171, 397, 18, 7, 35, 10),
(3172, 398, 18, 7, 34, 10),
(3173, 398, 18, 7, 35, 10),
(3174, 399, 18, 7, 34, 10),
(3175, 399, 18, 7, 35, 10),
(3176, 400, 18, 7, 34, 8),
(3177, 400, 18, 7, 35, 7),
(3178, 402, 18, 7, 34, 7),
(3179, 402, 18, 7, 35, 7),
(3180, 403, 18, 7, 34, 10),
(3181, 403, 18, 7, 35, 10),
(3182, 404, 18, 7, 34, 10),
(3183, 404, 18, 7, 35, 10),
(3184, 406, 18, 7, 34, 10),
(3185, 406, 18, 7, 35, 10),
(3186, 407, 18, 7, 34, 1),
(3187, 407, 18, 7, 35, 1),
(3188, 408, 18, 7, 34, 1),
(3189, 408, 18, 7, 35, 1),
(3190, 409, 18, 7, 34, 10),
(3191, 409, 18, 7, 35, 10),
(3192, 411, 18, 7, 34, 10),
(3193, 411, 18, 7, 35, 10),
(3194, 412, 18, 7, 34, 10),
(3195, 412, 18, 7, 35, 10),
(3196, 413, 18, 7, 34, 9),
(3197, 413, 18, 7, 35, 10),
(3198, 414, 18, 7, 34, 10),
(3199, 414, 18, 7, 35, 10),
(3200, 415, 18, 7, 34, 8),
(3201, 415, 18, 7, 35, 8),
(3202, 416, 18, 7, 34, 7),
(3203, 416, 18, 7, 35, 7),
(3204, 417, 18, 7, 34, 7),
(3205, 417, 18, 7, 35, 7),
(3206, 418, 18, 7, 34, 10),
(3207, 418, 18, 7, 35, 10),
(3208, 420, 18, 7, 34, 1),
(3209, 420, 18, 7, 35, 1),
(3210, 395, 18, 8, 34, 10),
(3211, 395, 18, 8, 35, 10),
(3212, 396, 18, 8, 34, 8),
(3213, 396, 18, 8, 35, 9),
(3214, 397, 18, 8, 34, 10),
(3215, 397, 18, 8, 35, 10),
(3216, 398, 18, 8, 34, 10),
(3217, 398, 18, 8, 35, 10),
(3218, 399, 18, 8, 34, 10),
(3219, 399, 18, 8, 35, 10),
(3220, 400, 18, 8, 34, 7),
(3221, 400, 18, 8, 35, 7),
(3222, 402, 18, 8, 34, 7),
(3223, 402, 18, 8, 35, 7),
(3224, 403, 18, 8, 34, 10),
(3225, 403, 18, 8, 35, 10),
(3226, 404, 18, 8, 34, 10),
(3227, 404, 18, 8, 35, 10),
(3228, 406, 18, 8, 34, 10),
(3229, 406, 18, 8, 35, 10),
(3230, 407, 18, 8, 34, 1),
(3231, 407, 18, 8, 35, 1),
(3232, 408, 18, 8, 34, 1),
(3233, 408, 18, 8, 35, 1),
(3234, 409, 18, 8, 34, 10),
(3235, 409, 18, 8, 35, 10),
(3236, 411, 18, 8, 34, 10),
(3237, 411, 18, 8, 35, 10),
(3238, 412, 18, 8, 34, 10),
(3239, 412, 18, 8, 35, 10),
(3240, 413, 18, 8, 34, 10),
(3241, 413, 18, 8, 35, 10),
(3242, 414, 18, 8, 34, 10),
(3243, 414, 18, 8, 35, 10),
(3244, 415, 18, 8, 34, 8),
(3245, 415, 18, 8, 35, 8),
(3246, 416, 18, 8, 34, 7),
(3247, 416, 18, 8, 35, 7),
(3248, 417, 18, 8, 34, 7),
(3249, 417, 18, 8, 35, 7),
(3250, 418, 18, 8, 34, 10),
(3251, 418, 18, 8, 35, 10),
(3252, 420, 18, 8, 34, 1),
(3253, 420, 18, 8, 35, 1),
(3254, 395, 18, 22, 34, 10),
(3255, 395, 18, 22, 35, 10),
(3256, 396, 18, 22, 34, 9),
(3257, 396, 18, 22, 35, 8),
(3258, 397, 18, 22, 34, 10),
(3259, 397, 18, 22, 35, 10),
(3260, 398, 18, 22, 34, 10),
(3261, 398, 18, 22, 35, 10),
(3262, 399, 18, 22, 34, 10),
(3263, 399, 18, 22, 35, 10),
(3264, 400, 18, 22, 34, 7),
(3265, 400, 18, 22, 35, 7),
(3266, 402, 18, 22, 34, 7),
(3267, 402, 18, 22, 35, 7),
(3268, 403, 18, 22, 34, 10),
(3269, 403, 18, 22, 35, 10),
(3270, 404, 18, 22, 34, 10),
(3271, 404, 18, 22, 35, 10),
(3272, 406, 18, 22, 34, 10),
(3273, 406, 18, 22, 35, 10),
(3274, 407, 18, 22, 34, 8),
(3275, 407, 18, 22, 35, 8),
(3276, 408, 18, 22, 34, 1),
(3277, 408, 18, 22, 35, 1),
(3278, 409, 18, 22, 34, 10),
(3279, 409, 18, 22, 35, 10),
(3280, 411, 18, 22, 34, 10),
(3281, 411, 18, 22, 35, 10),
(3282, 412, 18, 22, 34, 10),
(3283, 412, 18, 22, 35, 10),
(3284, 413, 18, 22, 34, 9),
(3285, 413, 18, 22, 35, 9),
(3286, 414, 18, 22, 34, 10),
(3287, 414, 18, 22, 35, 10),
(3288, 415, 18, 22, 34, 10),
(3289, 415, 18, 22, 35, 10),
(3290, 416, 18, 22, 34, 7),
(3291, 416, 18, 22, 35, 7),
(3292, 417, 18, 22, 34, 7),
(3293, 417, 18, 22, 35, 7),
(3294, 418, 18, 22, 34, 10),
(3295, 418, 18, 22, 35, 10),
(3296, 420, 18, 22, 34, 8),
(3297, 420, 18, 22, 35, 8),
(3298, 369, 17, 7, 36, 10),
(3299, 370, 17, 7, 36, 10),
(3300, 372, 17, 7, 36, 7),
(3301, 373, 17, 7, 36, 9),
(3302, 374, 17, 7, 36, 7),
(3303, 376, 17, 7, 36, 7),
(3304, 377, 17, 7, 36, 10),
(3305, 378, 17, 7, 36, 8),
(3306, 379, 17, 7, 36, 10),
(3307, 380, 17, 7, 36, 9),
(3308, 382, 17, 7, 36, 10),
(3309, 384, 17, 7, 36, 10),
(3310, 385, 17, 7, 36, 1),
(3311, 386, 17, 7, 36, 10),
(3312, 388, 17, 7, 36, 7),
(3313, 389, 17, 7, 36, 8),
(3314, 390, 17, 7, 36, 10),
(3315, 393, 17, 7, 36, 1),
(3316, 394, 17, 7, 36, 10),
(3317, 369, 17, 8, 36, 10),
(3318, 370, 17, 8, 36, 10),
(3319, 372, 17, 8, 36, 7),
(3320, 373, 17, 8, 36, 9),
(3321, 374, 17, 8, 36, 7),
(3322, 376, 17, 8, 36, 7),
(3323, 377, 17, 8, 36, 9),
(3324, 378, 17, 8, 36, 8),
(3325, 379, 17, 8, 36, 10),
(3326, 380, 17, 8, 36, 8),
(3327, 382, 17, 8, 36, 8),
(3328, 384, 17, 8, 36, 8),
(3329, 385, 17, 8, 36, 1),
(3330, 386, 17, 8, 36, 9),
(3331, 388, 17, 8, 36, 7),
(3332, 389, 17, 8, 36, 9),
(3333, 390, 17, 8, 36, 10),
(3334, 393, 17, 8, 36, 1),
(3335, 394, 17, 8, 36, 10),
(3336, 369, 17, 22, 36, 10),
(3337, 370, 17, 22, 36, 10),
(3338, 372, 17, 22, 36, 7),
(3339, 373, 17, 22, 36, 9),
(3340, 374, 17, 22, 36, 7),
(3341, 376, 17, 22, 36, 7),
(3342, 377, 17, 22, 36, 10),
(3343, 378, 17, 22, 36, 8),
(3344, 379, 17, 22, 36, 10),
(3345, 380, 17, 22, 36, 8),
(3346, 382, 17, 22, 36, 9),
(3347, 384, 17, 22, 36, 9),
(3348, 385, 17, 22, 36, 1),
(3349, 386, 17, 22, 36, 9),
(3350, 388, 17, 22, 36, 7),
(3351, 389, 17, 22, 36, 9),
(3352, 390, 17, 22, 36, 10),
(3353, 393, 17, 22, 36, 1),
(3354, 394, 17, 22, 36, 10),
(3355, 395, 18, 7, 36, 10),
(3356, 396, 18, 7, 36, 8),
(3357, 397, 18, 7, 36, 10),
(3358, 398, 18, 7, 36, 10),
(3359, 399, 18, 7, 36, 10),
(3360, 400, 18, 7, 36, 5),
(3361, 402, 18, 7, 36, 7),
(3362, 403, 18, 7, 36, 10),
(3363, 404, 18, 7, 36, 7),
(3364, 406, 18, 7, 36, 10),
(3365, 407, 18, 7, 36, 5),
(3366, 408, 18, 7, 36, 6),
(3367, 409, 18, 7, 36, 10),
(3368, 411, 18, 7, 36, 10),
(3369, 412, 18, 7, 36, 10),
(3370, 413, 18, 7, 36, 10),
(3371, 414, 18, 7, 36, 10),
(3372, 415, 18, 7, 36, 10),
(3373, 416, 18, 7, 36, 8),
(3374, 417, 18, 7, 36, 8),
(3375, 418, 18, 7, 36, 10),
(3376, 420, 18, 7, 36, 7),
(3377, 395, 18, 8, 36, 10),
(3378, 396, 18, 8, 36, 7),
(3379, 397, 18, 8, 36, 10),
(3380, 398, 18, 8, 36, 10),
(3381, 399, 18, 8, 36, 10),
(3382, 400, 18, 8, 36, 5),
(3383, 402, 18, 8, 36, 7),
(3384, 403, 18, 8, 36, 10),
(3385, 404, 18, 8, 36, 7),
(3386, 406, 18, 8, 36, 10),
(3387, 407, 18, 8, 36, 5),
(3388, 408, 18, 8, 36, 10),
(3389, 409, 18, 8, 36, 10),
(3390, 411, 18, 8, 36, 10),
(3391, 412, 18, 8, 36, 10),
(3392, 413, 18, 8, 36, 10),
(3393, 414, 18, 8, 36, 10),
(3394, 415, 18, 8, 36, 10),
(3395, 416, 18, 8, 36, 9),
(3396, 417, 18, 8, 36, 7),
(3397, 418, 18, 8, 36, 10),
(3398, 420, 18, 8, 36, 7),
(3399, 395, 18, 22, 36, 10),
(3400, 396, 18, 22, 36, 8),
(3401, 397, 18, 22, 36, 10),
(3402, 398, 18, 22, 36, 10),
(3403, 399, 18, 22, 36, 10),
(3404, 400, 18, 22, 36, 5),
(3405, 402, 18, 22, 36, 7),
(3406, 403, 18, 22, 36, 10),
(3407, 404, 18, 22, 36, 7),
(3408, 406, 18, 22, 36, 10),
(3409, 407, 18, 22, 36, 1),
(3410, 408, 18, 22, 36, 5),
(3411, 409, 18, 22, 36, 10),
(3412, 411, 18, 22, 36, 10),
(3413, 412, 18, 22, 36, 10),
(3414, 413, 18, 22, 36, 10),
(3415, 414, 18, 22, 36, 10),
(3416, 415, 18, 22, 36, 10),
(3417, 416, 18, 22, 36, 9),
(3418, 417, 18, 22, 36, 7),
(3419, 418, 18, 22, 36, 10),
(3420, 420, 18, 22, 36, 7),
(3421, 369, 17, 7, 37, 10),
(3422, 369, 17, 7, 38, 10),
(3423, 370, 17, 7, 37, 10),
(3424, 370, 17, 7, 38, 10),
(3425, 372, 17, 7, 37, 1),
(3426, 372, 17, 7, 38, 1),
(3427, 373, 17, 7, 37, 7),
(3428, 373, 17, 7, 38, 7),
(3429, 374, 17, 7, 37, 7),
(3430, 374, 17, 7, 38, 7),
(3431, 376, 17, 7, 37, 7),
(3432, 376, 17, 7, 38, 7),
(3433, 377, 17, 7, 37, 10),
(3434, 377, 17, 7, 38, 10),
(3435, 378, 17, 7, 37, 10),
(3436, 378, 17, 7, 38, 10),
(3437, 379, 17, 7, 37, 10),
(3438, 379, 17, 7, 38, 10),
(3439, 380, 17, 7, 37, 8),
(3440, 380, 17, 7, 38, 8),
(3441, 382, 17, 7, 37, 7),
(3442, 382, 17, 7, 38, 7),
(3443, 384, 17, 7, 37, 8),
(3444, 384, 17, 7, 38, 8),
(3445, 385, 17, 7, 37, 1),
(3446, 385, 17, 7, 38, 1),
(3447, 386, 17, 7, 37, 7),
(3448, 386, 17, 7, 38, 7),
(3449, 388, 17, 7, 37, 7),
(3450, 388, 17, 7, 38, 7),
(3451, 389, 17, 7, 37, 7),
(3452, 389, 17, 7, 38, 8),
(3453, 390, 17, 7, 37, 10),
(3454, 390, 17, 7, 38, 10),
(3455, 393, 17, 7, 37, 8),
(3456, 393, 17, 7, 38, 8),
(3457, 394, 17, 7, 37, 10),
(3458, 394, 17, 7, 38, 10),
(3459, 369, 17, 8, 37, 10),
(3460, 369, 17, 8, 38, 10),
(3461, 370, 17, 8, 37, 10),
(3462, 370, 17, 8, 38, 10),
(3463, 372, 17, 8, 37, 1),
(3464, 372, 17, 8, 38, 1),
(3465, 373, 17, 8, 37, 7),
(3466, 373, 17, 8, 38, 7),
(3467, 374, 17, 8, 37, 7),
(3468, 374, 17, 8, 38, 7),
(3469, 376, 17, 8, 37, 7),
(3470, 376, 17, 8, 38, 7),
(3471, 377, 17, 8, 37, 10),
(3472, 377, 17, 8, 38, 10),
(3473, 378, 17, 8, 37, 10),
(3474, 378, 17, 8, 38, 10),
(3475, 379, 17, 8, 37, 10),
(3476, 379, 17, 8, 38, 10),
(3477, 380, 17, 8, 37, 8),
(3478, 380, 17, 8, 38, 7),
(3479, 382, 17, 8, 37, 7),
(3480, 382, 17, 8, 38, 1),
(3481, 384, 17, 8, 37, 8),
(3482, 384, 17, 8, 38, 8),
(3483, 385, 17, 8, 37, 1),
(3484, 385, 17, 8, 38, 1),
(3485, 386, 17, 8, 37, 7),
(3486, 386, 17, 8, 38, 7),
(3487, 388, 17, 8, 37, 7),
(3488, 388, 17, 8, 38, 7),
(3489, 389, 17, 8, 37, 8),
(3490, 389, 17, 8, 38, 7),
(3491, 390, 17, 8, 37, 10),
(3492, 390, 17, 8, 38, 10),
(3493, 393, 17, 8, 37, 8),
(3494, 393, 17, 8, 38, 8),
(3495, 394, 17, 8, 37, 10),
(3496, 394, 17, 8, 38, 10),
(3497, 369, 17, 22, 37, 10),
(3498, 369, 17, 22, 38, 10),
(3499, 370, 17, 22, 37, 10),
(3500, 370, 17, 22, 38, 10),
(3501, 372, 17, 22, 37, 7),
(3502, 372, 17, 22, 38, 7),
(3503, 373, 17, 22, 37, 7),
(3504, 373, 17, 22, 38, 7),
(3505, 374, 17, 22, 37, 7),
(3506, 374, 17, 22, 38, 7),
(3507, 376, 17, 22, 37, 7),
(3508, 376, 17, 22, 38, 7),
(3509, 377, 17, 22, 37, 10),
(3510, 377, 17, 22, 38, 10),
(3511, 378, 17, 22, 37, 10),
(3512, 378, 17, 22, 38, 10),
(3513, 379, 17, 22, 37, 10),
(3514, 379, 17, 22, 38, 10),
(3515, 380, 17, 22, 37, 8),
(3516, 380, 17, 22, 38, 8),
(3517, 382, 17, 22, 37, 10),
(3518, 382, 17, 22, 38, 10),
(3519, 384, 17, 22, 37, 8),
(3520, 384, 17, 22, 38, 8),
(3521, 385, 17, 22, 37, 1),
(3522, 385, 17, 22, 38, 1),
(3523, 386, 17, 22, 37, 7),
(3524, 386, 17, 22, 38, 7),
(3525, 388, 17, 22, 37, 7),
(3526, 388, 17, 22, 38, 7),
(3527, 389, 17, 22, 37, 8),
(3528, 389, 17, 22, 38, 7),
(3529, 390, 17, 22, 37, 10),
(3530, 390, 17, 22, 38, 10),
(3531, 393, 17, 22, 37, 8),
(3532, 393, 17, 22, 38, 8),
(3533, 394, 17, 22, 37, 10),
(3534, 394, 17, 22, 38, 10),
(3535, 395, 18, 7, 37, 10),
(3536, 395, 18, 7, 38, 10),
(3537, 396, 18, 7, 37, 7),
(3538, 396, 18, 7, 38, 7),
(3539, 397, 18, 7, 37, 10),
(3540, 397, 18, 7, 38, 10),
(3541, 398, 18, 7, 37, 10),
(3542, 398, 18, 7, 38, 10),
(3543, 399, 18, 7, 37, 10),
(3544, 399, 18, 7, 38, 10),
(3545, 400, 18, 7, 37, 8),
(3546, 400, 18, 7, 38, 7),
(3547, 402, 18, 7, 37, 7),
(3548, 402, 18, 7, 38, 7),
(3549, 403, 18, 7, 37, 10),
(3550, 403, 18, 7, 38, 10),
(3551, 404, 18, 7, 37, 8),
(3552, 404, 18, 7, 38, 8),
(3553, 406, 18, 7, 37, 10),
(3554, 406, 18, 7, 38, 10),
(3555, 407, 18, 7, 37, 7),
(3556, 407, 18, 7, 38, 7),
(3557, 408, 18, 7, 37, 7),
(3558, 408, 18, 7, 38, 7),
(3559, 409, 18, 7, 37, 10),
(3560, 409, 18, 7, 38, 10),
(3561, 411, 18, 7, 37, 10),
(3562, 411, 18, 7, 38, 10),
(3563, 412, 18, 7, 37, 10),
(3564, 412, 18, 7, 38, 10),
(3565, 413, 18, 7, 37, 10),
(3566, 413, 18, 7, 38, 10),
(3567, 414, 18, 7, 37, 10),
(3568, 414, 18, 7, 38, 10),
(3569, 415, 18, 7, 37, 10),
(3570, 415, 18, 7, 38, 10),
(3571, 416, 18, 7, 37, 8),
(3572, 416, 18, 7, 38, 7),
(3573, 417, 18, 7, 37, 8),
(3574, 417, 18, 7, 38, 7),
(3575, 418, 18, 7, 37, 10),
(3576, 418, 18, 7, 38, 10),
(3577, 420, 18, 7, 37, 1),
(3578, 420, 18, 7, 38, 1),
(3579, 395, 18, 8, 37, 10),
(3580, 395, 18, 8, 38, 10),
(3581, 396, 18, 8, 37, 7),
(3582, 396, 18, 8, 38, 7),
(3583, 397, 18, 8, 37, 10),
(3584, 397, 18, 8, 38, 10),
(3585, 398, 18, 8, 37, 10),
(3586, 398, 18, 8, 38, 10),
(3587, 399, 18, 8, 37, 10),
(3588, 399, 18, 8, 38, 10),
(3589, 400, 18, 8, 37, 7),
(3590, 400, 18, 8, 38, 8),
(3591, 402, 18, 8, 37, 7),
(3592, 402, 18, 8, 38, 7),
(3593, 403, 18, 8, 37, 10),
(3594, 403, 18, 8, 38, 10),
(3595, 404, 18, 8, 37, 8),
(3596, 404, 18, 8, 38, 9),
(3597, 406, 18, 8, 37, 10),
(3598, 406, 18, 8, 38, 10),
(3599, 407, 18, 8, 37, 7),
(3600, 407, 18, 8, 38, 7),
(3601, 408, 18, 8, 37, 7),
(3602, 408, 18, 8, 38, 7),
(3603, 409, 18, 8, 37, 10),
(3604, 409, 18, 8, 38, 10),
(3605, 411, 18, 8, 37, 10),
(3606, 411, 18, 8, 38, 10),
(3607, 412, 18, 8, 37, 10),
(3608, 412, 18, 8, 38, 10),
(3609, 413, 18, 8, 37, 10),
(3610, 413, 18, 8, 38, 10),
(3611, 414, 18, 8, 37, 10),
(3612, 414, 18, 8, 38, 10),
(3613, 415, 18, 8, 37, 10),
(3614, 415, 18, 8, 38, 10),
(3615, 416, 18, 8, 37, 7),
(3616, 416, 18, 8, 38, 7),
(3617, 417, 18, 8, 37, 7),
(3618, 417, 18, 8, 38, 7),
(3619, 418, 18, 8, 37, 10),
(3620, 418, 18, 8, 38, 10),
(3621, 420, 18, 8, 37, 1),
(3622, 420, 18, 8, 38, 1),
(3623, 395, 18, 22, 37, 10),
(3624, 395, 18, 22, 38, 10),
(3625, 396, 18, 22, 37, 8),
(3626, 396, 18, 22, 38, 8),
(3627, 397, 18, 22, 37, 10),
(3628, 397, 18, 22, 38, 10),
(3629, 398, 18, 22, 37, 10),
(3630, 398, 18, 22, 38, 10),
(3631, 399, 18, 22, 37, 10),
(3632, 399, 18, 22, 38, 10),
(3633, 400, 18, 22, 37, 8),
(3634, 400, 18, 22, 38, 8),
(3635, 402, 18, 22, 37, 7),
(3636, 402, 18, 22, 38, 7),
(3637, 403, 18, 22, 37, 10),
(3638, 403, 18, 22, 38, 10),
(3639, 404, 18, 22, 37, 9),
(3640, 404, 18, 22, 38, 8),
(3641, 406, 18, 22, 37, 10),
(3642, 406, 18, 22, 38, 10),
(3643, 407, 18, 22, 37, 7),
(3644, 407, 18, 22, 38, 7),
(3645, 408, 18, 22, 37, 7),
(3646, 408, 18, 22, 38, 7),
(3647, 409, 18, 22, 37, 10),
(3648, 409, 18, 22, 38, 10),
(3649, 411, 18, 22, 37, 10),
(3650, 411, 18, 22, 38, 10),
(3651, 412, 18, 22, 37, 10),
(3652, 412, 18, 22, 38, 10),
(3653, 413, 18, 22, 37, 10),
(3654, 413, 18, 22, 38, 10),
(3655, 414, 18, 22, 37, 10),
(3656, 414, 18, 22, 38, 10),
(3657, 415, 18, 22, 37, 10),
(3658, 415, 18, 22, 38, 10),
(3659, 416, 18, 22, 37, 8),
(3660, 416, 18, 22, 38, 8),
(3661, 417, 18, 22, 37, 8),
(3662, 417, 18, 22, 38, 8),
(3663, 418, 18, 22, 37, 10),
(3664, 418, 18, 22, 38, 10),
(3665, 420, 18, 22, 37, 1),
(3666, 420, 18, 22, 38, 1),
(3667, 369, 17, 7, 39, 10),
(3668, 369, 17, 7, 40, 10),
(3669, 370, 17, 7, 39, 10),
(3670, 370, 17, 7, 40, 10),
(3671, 372, 17, 7, 39, 1),
(3672, 372, 17, 7, 40, 1),
(3673, 373, 17, 7, 39, 7),
(3674, 373, 17, 7, 40, 7),
(3675, 374, 17, 7, 39, 7),
(3676, 374, 17, 7, 40, 7),
(3677, 376, 17, 7, 39, 7),
(3678, 376, 17, 7, 40, 7),
(3679, 377, 17, 7, 39, 10),
(3680, 377, 17, 7, 40, 10),
(3681, 378, 17, 7, 39, 10),
(3682, 378, 17, 7, 40, 10),
(3683, 379, 17, 7, 39, 10),
(3684, 379, 17, 7, 40, 10),
(3685, 380, 17, 7, 39, 8),
(3686, 380, 17, 7, 40, 8),
(3687, 382, 17, 7, 39, 7),
(3688, 382, 17, 7, 40, 7),
(3689, 384, 17, 7, 39, 8),
(3690, 384, 17, 7, 40, 8),
(3691, 385, 17, 7, 39, 1),
(3692, 385, 17, 7, 40, 1),
(3693, 386, 17, 7, 39, 7),
(3694, 386, 17, 7, 40, 7),
(3695, 388, 17, 7, 39, 7),
(3696, 388, 17, 7, 40, 7),
(3697, 389, 17, 7, 39, 8),
(3698, 389, 17, 7, 40, 8),
(3699, 390, 17, 7, 39, 10),
(3700, 390, 17, 7, 40, 10),
(3701, 393, 17, 7, 39, 8),
(3702, 393, 17, 7, 40, 8),
(3703, 394, 17, 7, 39, 10),
(3704, 394, 17, 7, 40, 10),
(3705, 369, 17, 8, 39, 10),
(3706, 369, 17, 8, 40, 10),
(3707, 370, 17, 8, 39, 10),
(3708, 370, 17, 8, 40, 10),
(3709, 372, 17, 8, 39, 1),
(3710, 372, 17, 8, 40, 1),
(3711, 373, 17, 8, 39, 7),
(3712, 373, 17, 8, 40, 7),
(3713, 374, 17, 8, 39, 7),
(3714, 374, 17, 8, 40, 7),
(3715, 376, 17, 8, 39, 7),
(3716, 376, 17, 8, 40, 7),
(3717, 377, 17, 8, 39, 10),
(3718, 377, 17, 8, 40, 10),
(3719, 378, 17, 8, 39, 10),
(3720, 378, 17, 8, 40, 10),
(3721, 379, 17, 8, 39, 10),
(3722, 379, 17, 8, 40, 10),
(3723, 380, 17, 8, 39, 7),
(3724, 380, 17, 8, 40, 8),
(3725, 382, 17, 8, 39, 7),
(3726, 382, 17, 8, 40, 7),
(3727, 384, 17, 8, 39, 8),
(3728, 384, 17, 8, 40, 1),
(3729, 385, 17, 8, 39, 1),
(3730, 385, 17, 8, 40, 1),
(3731, 386, 17, 8, 39, 7),
(3732, 386, 17, 8, 40, 7),
(3733, 388, 17, 8, 39, 7),
(3734, 388, 17, 8, 40, 7),
(3735, 389, 17, 8, 39, 8),
(3736, 389, 17, 8, 40, 8),
(3737, 390, 17, 8, 39, 10),
(3738, 390, 17, 8, 40, 10),
(3739, 393, 17, 8, 39, 8),
(3740, 393, 17, 8, 40, 8),
(3741, 394, 17, 8, 39, 10),
(3742, 394, 17, 8, 40, 10),
(3743, 369, 17, 22, 39, 10),
(3744, 369, 17, 22, 40, 10),
(3745, 370, 17, 22, 39, 10),
(3746, 370, 17, 22, 40, 10),
(3747, 372, 17, 22, 39, 7),
(3748, 372, 17, 22, 40, 7),
(3749, 373, 17, 22, 39, 7),
(3750, 373, 17, 22, 40, 7),
(3751, 374, 17, 22, 39, 7),
(3752, 374, 17, 22, 40, 7),
(3753, 376, 17, 22, 39, 7),
(3754, 376, 17, 22, 40, 7),
(3755, 377, 17, 22, 39, 10),
(3756, 377, 17, 22, 40, 10),
(3757, 378, 17, 22, 39, 10),
(3758, 378, 17, 22, 40, 10),
(3759, 379, 17, 22, 39, 10),
(3760, 379, 17, 22, 40, 10),
(3761, 380, 17, 22, 39, 8),
(3762, 380, 17, 22, 40, 8),
(3763, 382, 17, 22, 39, 10),
(3764, 382, 17, 22, 40, 10),
(3765, 384, 17, 22, 39, 8),
(3766, 384, 17, 22, 40, 8),
(3767, 385, 17, 22, 39, 1),
(3768, 385, 17, 22, 40, 1),
(3769, 386, 17, 22, 39, 7),
(3770, 386, 17, 22, 40, 7),
(3771, 388, 17, 22, 39, 7),
(3772, 388, 17, 22, 40, 7),
(3773, 389, 17, 22, 39, 7),
(3774, 389, 17, 22, 40, 8),
(3775, 390, 17, 22, 39, 10),
(3776, 390, 17, 22, 40, 10),
(3777, 393, 17, 22, 39, 8),
(3778, 393, 17, 22, 40, 8),
(3779, 394, 17, 22, 39, 10),
(3780, 394, 17, 22, 40, 10),
(3781, 395, 18, 7, 39, 10),
(3782, 395, 18, 7, 40, 10),
(3783, 396, 18, 7, 39, 7),
(3784, 396, 18, 7, 40, 8),
(3785, 397, 18, 7, 39, 10),
(3786, 397, 18, 7, 40, 10),
(3787, 398, 18, 7, 39, 10),
(3788, 398, 18, 7, 40, 10),
(3789, 399, 18, 7, 39, 10),
(3790, 399, 18, 7, 40, 10),
(3791, 400, 18, 7, 39, 7),
(3792, 400, 18, 7, 40, 8),
(3793, 402, 18, 7, 39, 7),
(3794, 402, 18, 7, 40, 7),
(3795, 403, 18, 7, 39, 10),
(3796, 403, 18, 7, 40, 10),
(3797, 404, 18, 7, 39, 8),
(3798, 404, 18, 7, 40, 8),
(3799, 406, 18, 7, 39, 10),
(3800, 406, 18, 7, 40, 10),
(3801, 407, 18, 7, 39, 7),
(3802, 407, 18, 7, 40, 7),
(3803, 408, 18, 7, 39, 7),
(3804, 408, 18, 7, 40, 7),
(3805, 409, 18, 7, 39, 10),
(3806, 409, 18, 7, 40, 10),
(3807, 411, 18, 7, 39, 10),
(3808, 411, 18, 7, 40, 10),
(3809, 412, 18, 7, 39, 10),
(3810, 412, 18, 7, 40, 10),
(3811, 413, 18, 7, 39, 10),
(3812, 413, 18, 7, 40, 10),
(3813, 414, 18, 7, 39, 10),
(3814, 414, 18, 7, 40, 10),
(3815, 415, 18, 7, 39, 10),
(3816, 415, 18, 7, 40, 10),
(3817, 416, 18, 7, 39, 8),
(3818, 416, 18, 7, 40, 8),
(3819, 417, 18, 7, 39, 8),
(3820, 417, 18, 7, 40, 8),
(3821, 418, 18, 7, 39, 10),
(3822, 418, 18, 7, 40, 10),
(3823, 420, 18, 7, 39, 1),
(3824, 420, 18, 7, 40, 1),
(3825, 395, 18, 8, 39, 10),
(3826, 395, 18, 8, 40, 10),
(3827, 396, 18, 8, 39, 7),
(3828, 396, 18, 8, 40, 7),
(3829, 397, 18, 8, 39, 10),
(3830, 397, 18, 8, 40, 10),
(3831, 398, 18, 8, 39, 10),
(3832, 398, 18, 8, 40, 10),
(3833, 399, 18, 8, 39, 10),
(3834, 399, 18, 8, 40, 10),
(3835, 400, 18, 8, 39, 7),
(3836, 400, 18, 8, 40, 8),
(3837, 402, 18, 8, 39, 7),
(3838, 402, 18, 8, 40, 7),
(3839, 403, 18, 8, 39, 10),
(3840, 403, 18, 8, 40, 10),
(3841, 404, 18, 8, 39, 8),
(3842, 404, 18, 8, 40, 8),
(3843, 406, 18, 8, 39, 10),
(3844, 406, 18, 8, 40, 10),
(3845, 407, 18, 8, 39, 7),
(3846, 407, 18, 8, 40, 7),
(3847, 408, 18, 8, 39, 7),
(3848, 408, 18, 8, 40, 7),
(3849, 409, 18, 8, 39, 10),
(3850, 409, 18, 8, 40, 10),
(3851, 411, 18, 8, 39, 10),
(3852, 411, 18, 8, 40, 10),
(3853, 412, 18, 8, 39, 10),
(3854, 412, 18, 8, 40, 10),
(3855, 413, 18, 8, 39, 10),
(3856, 413, 18, 8, 40, 10),
(3857, 414, 18, 8, 39, 10),
(3858, 414, 18, 8, 40, 10),
(3859, 415, 18, 8, 39, 10),
(3860, 415, 18, 8, 40, 10),
(3861, 416, 18, 8, 39, 8),
(3862, 416, 18, 8, 40, 7),
(3863, 417, 18, 8, 39, 8),
(3864, 417, 18, 8, 40, 7),
(3865, 418, 18, 8, 39, 10),
(3866, 418, 18, 8, 40, 10),
(3867, 420, 18, 8, 39, 1),
(3868, 420, 18, 8, 40, 1),
(3869, 395, 18, 22, 39, 10),
(3870, 395, 18, 22, 40, 10),
(3871, 396, 18, 22, 39, 7),
(3872, 396, 18, 22, 40, 7),
(3873, 397, 18, 22, 39, 10),
(3874, 397, 18, 22, 40, 10),
(3875, 398, 18, 22, 39, 10),
(3876, 398, 18, 22, 40, 10),
(3877, 399, 18, 22, 39, 10),
(3878, 399, 18, 22, 40, 10),
(3879, 400, 18, 22, 39, 7),
(3880, 400, 18, 22, 40, 8),
(3881, 402, 18, 22, 39, 7),
(3882, 402, 18, 22, 40, 7),
(3883, 403, 18, 22, 39, 10),
(3884, 403, 18, 22, 40, 10),
(3885, 404, 18, 22, 39, 8),
(3886, 404, 18, 22, 40, 8),
(3887, 406, 18, 22, 39, 10),
(3888, 406, 18, 22, 40, 10),
(3889, 407, 18, 22, 39, 7),
(3890, 407, 18, 22, 40, 7);
INSERT INTO `sw_rubrica_estudiante` (`id_rubrica_estudiante`, `id_estudiante`, `id_paralelo`, `id_asignatura`, `id_rubrica_evaluacion`, `re_calificacion`) VALUES
(3891, 408, 18, 22, 39, 7),
(3892, 408, 18, 22, 40, 7),
(3893, 409, 18, 22, 39, 10),
(3894, 409, 18, 22, 40, 10),
(3895, 411, 18, 22, 39, 10),
(3896, 411, 18, 22, 40, 10),
(3897, 412, 18, 22, 39, 10),
(3898, 412, 18, 22, 40, 10),
(3899, 413, 18, 22, 39, 10),
(3900, 413, 18, 22, 40, 10),
(3901, 414, 18, 22, 39, 10),
(3902, 414, 18, 22, 40, 10),
(3903, 415, 18, 22, 39, 10),
(3904, 415, 18, 22, 40, 10),
(3905, 416, 18, 22, 39, 7),
(3906, 416, 18, 22, 40, 7),
(3907, 417, 18, 22, 39, 7),
(3908, 417, 18, 22, 40, 7),
(3909, 418, 18, 22, 39, 10),
(3910, 418, 18, 22, 40, 10),
(3911, 420, 18, 22, 39, 1),
(3912, 420, 18, 22, 40, 1),
(3913, 395, 18, 7, 41, 10),
(3914, 396, 18, 7, 41, 8),
(3915, 397, 18, 7, 41, 10),
(3916, 398, 18, 7, 41, 10),
(3917, 399, 18, 7, 41, 10),
(3918, 400, 18, 7, 41, 5),
(3919, 402, 18, 7, 41, 7),
(3920, 369, 17, 7, 41, 10),
(3921, 370, 17, 7, 41, 10),
(3922, 372, 17, 7, 41, 7),
(3923, 373, 17, 7, 41, 9),
(3924, 374, 17, 7, 41, 7),
(3925, 376, 17, 7, 41, 7),
(3926, 377, 17, 7, 41, 10),
(3927, 378, 17, 7, 41, 8),
(3928, 379, 17, 7, 41, 10),
(3929, 380, 17, 7, 41, 9),
(3930, 382, 17, 7, 41, 10),
(3931, 384, 17, 7, 41, 10),
(3932, 385, 17, 7, 41, 1),
(3933, 386, 17, 7, 41, 10),
(3934, 388, 17, 7, 41, 7),
(3935, 389, 17, 7, 41, 8),
(3936, 390, 17, 7, 41, 10),
(3937, 393, 17, 7, 41, 1),
(3938, 394, 17, 7, 41, 10),
(3939, 369, 17, 8, 41, 10),
(3940, 370, 17, 8, 41, 10),
(3941, 372, 17, 8, 41, 7),
(3942, 373, 17, 8, 41, 9),
(3943, 374, 17, 8, 41, 7),
(3944, 376, 17, 8, 41, 7),
(3945, 377, 17, 8, 41, 9),
(3946, 378, 17, 8, 41, 8),
(3947, 379, 17, 8, 41, 10),
(3948, 380, 17, 8, 41, 8),
(3949, 382, 17, 8, 41, 8),
(3950, 384, 17, 8, 41, 8),
(3951, 385, 17, 8, 41, 1),
(3952, 386, 17, 8, 41, 9),
(3953, 388, 17, 8, 41, 7),
(3954, 389, 17, 8, 41, 9),
(3955, 390, 17, 8, 41, 10),
(3956, 393, 17, 8, 41, 1),
(3957, 394, 17, 8, 41, 10),
(3958, 369, 17, 22, 41, 10),
(3959, 370, 17, 22, 41, 10),
(3960, 372, 17, 22, 41, 7),
(3961, 373, 17, 22, 41, 9),
(3962, 374, 17, 22, 41, 7),
(3963, 376, 17, 22, 41, 7),
(3964, 377, 17, 22, 41, 10),
(3965, 378, 17, 22, 41, 8),
(3966, 379, 17, 22, 41, 10),
(3967, 380, 17, 22, 41, 8),
(3968, 382, 17, 22, 41, 9),
(3969, 384, 17, 22, 41, 9),
(3970, 385, 17, 22, 41, 1),
(3971, 386, 17, 22, 41, 9),
(3972, 388, 17, 22, 41, 7),
(3973, 389, 17, 22, 41, 9),
(3974, 390, 17, 22, 41, 10),
(3975, 393, 17, 22, 41, 1),
(3976, 394, 17, 22, 41, 10),
(3977, 403, 18, 7, 41, 10),
(3978, 404, 18, 7, 41, 8),
(3979, 406, 18, 7, 41, 10),
(3980, 407, 18, 7, 41, 5),
(3981, 408, 18, 7, 41, 6),
(3982, 409, 18, 7, 41, 10),
(3983, 411, 18, 7, 41, 10),
(3984, 412, 18, 7, 41, 10),
(3985, 413, 18, 7, 41, 10),
(3986, 414, 18, 7, 41, 10),
(3987, 415, 18, 7, 41, 10),
(3988, 416, 18, 7, 41, 8),
(3989, 417, 18, 7, 41, 8),
(3990, 418, 18, 7, 41, 10),
(3991, 420, 18, 7, 41, 7),
(3992, 395, 18, 8, 41, 10),
(3993, 396, 18, 8, 41, 7),
(3994, 397, 18, 8, 41, 10),
(3995, 398, 18, 8, 41, 10),
(3996, 399, 18, 8, 41, 10),
(3997, 400, 18, 8, 41, 5),
(3998, 402, 18, 8, 41, 7),
(3999, 403, 18, 8, 41, 10),
(4000, 404, 18, 8, 41, 8),
(4001, 406, 18, 8, 41, 10),
(4002, 407, 18, 8, 41, 7),
(4003, 408, 18, 8, 41, 5),
(4004, 409, 18, 8, 41, 10),
(4005, 411, 18, 8, 41, 10),
(4006, 412, 18, 8, 41, 10),
(4007, 413, 18, 8, 41, 10),
(4008, 414, 18, 8, 41, 10),
(4009, 415, 18, 8, 41, 10),
(4010, 416, 18, 8, 41, 9),
(4011, 417, 18, 8, 41, 7),
(4012, 418, 18, 8, 41, 10),
(4013, 420, 18, 8, 41, 7),
(4014, 395, 18, 22, 41, 10),
(4015, 396, 18, 22, 41, 8),
(4016, 397, 18, 22, 41, 10),
(4017, 398, 18, 22, 41, 10),
(4018, 399, 18, 22, 41, 10),
(4019, 400, 18, 22, 41, 5),
(4020, 402, 18, 22, 41, 7),
(4021, 403, 18, 22, 41, 10),
(4022, 404, 18, 22, 41, 7),
(4023, 406, 18, 22, 41, 10),
(4024, 407, 18, 22, 41, 7),
(4025, 408, 18, 22, 41, 5),
(4026, 409, 18, 22, 41, 10),
(4027, 411, 18, 22, 41, 10),
(4028, 412, 18, 22, 41, 10),
(4029, 413, 18, 22, 41, 10),
(4030, 414, 18, 22, 41, 10),
(4031, 415, 18, 22, 41, 10),
(4032, 416, 18, 22, 41, 9),
(4033, 417, 18, 22, 41, 7),
(4034, 418, 18, 22, 41, 10),
(4035, 420, 18, 22, 41, 7),
(4036, 369, 17, 5, 32, 9),
(4037, 369, 17, 5, 33, 9),
(4038, 370, 17, 5, 32, 9),
(4039, 370, 17, 5, 33, 8),
(4040, 372, 17, 5, 32, 9),
(4041, 372, 17, 5, 33, 9),
(4042, 373, 17, 5, 32, 10),
(4043, 373, 17, 5, 33, 10),
(4044, 374, 17, 5, 32, 10),
(4045, 374, 17, 5, 33, 10),
(4046, 376, 17, 5, 32, 8),
(4047, 376, 17, 5, 33, 9),
(4048, 377, 17, 5, 32, 7),
(4049, 377, 17, 5, 33, 8),
(4050, 378, 17, 5, 32, 7),
(4051, 378, 17, 5, 33, 9),
(4052, 379, 17, 5, 32, 8),
(4053, 379, 17, 5, 33, 8),
(4054, 380, 17, 5, 32, 8),
(4055, 380, 17, 5, 33, 9),
(4056, 382, 17, 5, 32, 7),
(4057, 382, 17, 5, 33, 7),
(4058, 384, 17, 5, 32, 9),
(4059, 384, 17, 5, 33, 9),
(4060, 385, 17, 5, 32, 8),
(4061, 385, 17, 5, 33, 8),
(4062, 386, 17, 5, 32, 8),
(4063, 386, 17, 5, 33, 7),
(4064, 388, 17, 5, 32, 8),
(4065, 388, 17, 5, 33, 8),
(4066, 389, 17, 5, 32, 8),
(4067, 389, 17, 5, 33, 9),
(4068, 390, 17, 5, 32, 8),
(4069, 390, 17, 5, 33, 9),
(4070, 393, 17, 5, 32, 10),
(4071, 393, 17, 5, 33, 10),
(4072, 394, 17, 5, 32, 9),
(4073, 394, 17, 5, 33, 8),
(4074, 395, 18, 5, 32, 8),
(4075, 395, 18, 5, 33, 9),
(4076, 396, 18, 5, 33, 9),
(4077, 396, 18, 5, 32, 9),
(4078, 397, 18, 5, 32, 9),
(4079, 397, 18, 5, 33, 9),
(4080, 398, 18, 5, 32, 9),
(4081, 398, 18, 5, 33, 10),
(4082, 399, 18, 5, 32, 10),
(4083, 399, 18, 5, 33, 10),
(4084, 400, 18, 5, 32, 7),
(4085, 400, 18, 5, 33, 7),
(4086, 402, 18, 5, 32, 9),
(4087, 402, 18, 5, 33, 10),
(4088, 403, 18, 5, 32, 9),
(4089, 403, 18, 5, 33, 8),
(4090, 404, 18, 5, 32, 9),
(4091, 404, 18, 5, 33, 10),
(4092, 406, 18, 5, 32, 9),
(4093, 406, 18, 5, 33, 8),
(4094, 407, 18, 5, 32, 9),
(4095, 407, 18, 5, 33, 9),
(4096, 408, 18, 5, 32, 8),
(4097, 408, 18, 5, 33, 7),
(4098, 409, 18, 5, 32, 10),
(4099, 409, 18, 5, 33, 10),
(4100, 411, 18, 5, 32, 10),
(4101, 411, 18, 5, 33, 9),
(4102, 412, 18, 5, 32, 9),
(4103, 412, 18, 5, 33, 9),
(4104, 413, 18, 5, 32, 8),
(4105, 413, 18, 5, 33, 9),
(4106, 414, 18, 5, 32, 10),
(4107, 414, 18, 5, 33, 10),
(4108, 415, 18, 5, 32, 9),
(4109, 415, 18, 5, 33, 9),
(4110, 416, 18, 5, 32, 8),
(4111, 416, 18, 5, 33, 8),
(4112, 417, 18, 5, 32, 8),
(4113, 417, 18, 5, 33, 9),
(4114, 418, 18, 5, 32, 8),
(4115, 418, 18, 5, 33, 8),
(4116, 369, 17, 5, 34, 10),
(4117, 369, 17, 5, 35, 9),
(4118, 370, 17, 5, 34, 8),
(4119, 370, 17, 5, 35, 7),
(4120, 372, 17, 5, 34, 9),
(4121, 372, 17, 5, 35, 8),
(4122, 373, 17, 5, 34, 10),
(4123, 373, 17, 5, 35, 10),
(4124, 374, 17, 5, 34, 10),
(4125, 374, 17, 5, 35, 10),
(4126, 376, 17, 5, 34, 9),
(4127, 376, 17, 5, 35, 9),
(4128, 377, 17, 5, 34, 8),
(4129, 377, 17, 5, 35, 8),
(4130, 378, 17, 5, 34, 8),
(4131, 378, 17, 5, 35, 8),
(4132, 379, 17, 5, 34, 8),
(4133, 379, 17, 5, 35, 8),
(4134, 380, 17, 5, 34, 8),
(4135, 380, 17, 5, 35, 9),
(4136, 382, 17, 5, 34, 8),
(4137, 382, 17, 5, 35, 7),
(4138, 384, 17, 5, 34, 8),
(4139, 384, 17, 5, 35, 8),
(4140, 385, 17, 5, 34, 8),
(4141, 385, 17, 5, 35, 7.5),
(4142, 386, 17, 5, 34, 8),
(4143, 386, 17, 5, 35, 8),
(4144, 388, 17, 5, 34, 8),
(4145, 388, 17, 5, 35, 9),
(4146, 389, 17, 5, 34, 9),
(4147, 389, 17, 5, 35, 9),
(4148, 390, 17, 5, 34, 9),
(4149, 393, 17, 5, 34, 9),
(4150, 393, 17, 5, 35, 10),
(4151, 394, 17, 5, 34, 9),
(4152, 394, 17, 5, 35, 10),
(4153, 395, 18, 5, 34, 9),
(4154, 395, 18, 5, 35, 8),
(4155, 396, 18, 5, 34, 10),
(4156, 397, 18, 5, 35, 9),
(4157, 397, 18, 5, 34, 9),
(4158, 396, 18, 5, 35, 9),
(4159, 398, 18, 5, 34, 9),
(4160, 398, 18, 5, 35, 9),
(4161, 399, 18, 5, 34, 10),
(4162, 399, 18, 5, 35, 10),
(4163, 400, 18, 5, 34, 8),
(4164, 400, 18, 5, 35, 7),
(4165, 402, 18, 5, 34, 9),
(4166, 402, 18, 5, 35, 9),
(4167, 403, 18, 5, 34, 8),
(4168, 403, 18, 5, 35, 8),
(4169, 404, 18, 5, 34, 9),
(4170, 404, 18, 5, 35, 9),
(4171, 406, 18, 5, 34, 8),
(4172, 406, 18, 5, 35, 8),
(4173, 407, 18, 5, 34, 9),
(4174, 407, 18, 5, 35, 9),
(4175, 408, 18, 5, 34, 8),
(4176, 408, 18, 5, 35, 8),
(4177, 409, 18, 5, 34, 10),
(4178, 409, 18, 5, 35, 10),
(4179, 411, 18, 5, 34, 9),
(4180, 411, 18, 5, 35, 9),
(4181, 412, 18, 5, 34, 8),
(4182, 412, 18, 5, 35, 9),
(4183, 413, 18, 5, 34, 8),
(4184, 413, 18, 5, 35, 9),
(4185, 414, 18, 5, 34, 10),
(4186, 414, 18, 5, 35, 8),
(4187, 415, 18, 5, 34, 8),
(4188, 415, 18, 5, 35, 8),
(4189, 416, 18, 5, 34, 8),
(4190, 416, 18, 5, 35, 8),
(4191, 417, 18, 5, 34, 8),
(4192, 417, 18, 5, 35, 8),
(4193, 418, 18, 5, 34, 9),
(4194, 418, 18, 5, 35, 9),
(4195, 369, 17, 5, 36, 8),
(4196, 370, 17, 5, 36, 9),
(4197, 372, 17, 5, 36, 9),
(4198, 373, 17, 5, 36, 9),
(4199, 374, 17, 5, 36, 10),
(4200, 376, 17, 5, 36, 8),
(4201, 377, 17, 5, 36, 8),
(4202, 378, 17, 5, 36, 9),
(4203, 379, 17, 5, 36, 8),
(4204, 380, 17, 5, 36, 8),
(4205, 382, 17, 5, 36, 7.5),
(4206, 384, 17, 5, 36, 8),
(4207, 385, 17, 5, 36, 8),
(4208, 386, 17, 5, 36, 8),
(4209, 388, 17, 5, 36, 8),
(4210, 389, 17, 5, 36, 9),
(4211, 390, 17, 5, 36, 9),
(4212, 393, 17, 5, 36, 8),
(4213, 394, 17, 5, 36, 8),
(4214, 369, 17, 5, 37, 8),
(4215, 369, 17, 5, 38, 7),
(4216, 370, 17, 5, 37, 8),
(4217, 370, 17, 5, 38, 8),
(4218, 372, 17, 5, 38, 8),
(4219, 372, 17, 5, 37, 8),
(4220, 373, 17, 5, 37, 8),
(4221, 373, 17, 5, 38, 8),
(4222, 374, 17, 5, 37, 10),
(4223, 374, 17, 5, 38, 9),
(4224, 376, 17, 5, 37, 8),
(4225, 376, 17, 5, 38, 9),
(4226, 377, 17, 5, 37, 8),
(4227, 377, 17, 5, 38, 8),
(4228, 378, 17, 5, 37, 9),
(4229, 378, 17, 5, 38, 9),
(4230, 379, 17, 5, 37, 8),
(4231, 379, 17, 5, 38, 10),
(4232, 380, 17, 5, 37, 9),
(4233, 380, 17, 5, 38, 9),
(4234, 382, 17, 5, 37, 8),
(4235, 382, 17, 5, 38, 8),
(4236, 384, 17, 5, 37, 9),
(4237, 384, 17, 5, 38, 9),
(4238, 385, 17, 5, 37, 8),
(4239, 385, 17, 5, 38, 8),
(4240, 386, 17, 5, 37, 8),
(4241, 386, 17, 5, 38, 8),
(4242, 388, 17, 5, 37, 8),
(4243, 388, 17, 5, 38, 8),
(4244, 389, 17, 5, 37, 9),
(4245, 389, 17, 5, 38, 9),
(4246, 390, 17, 5, 37, 9),
(4247, 390, 17, 5, 38, 9),
(4248, 393, 17, 5, 37, 7),
(4249, 393, 17, 5, 38, 7),
(4250, 394, 17, 5, 37, 9),
(4251, 394, 17, 5, 38, 9),
(4252, 395, 18, 5, 37, 8),
(4253, 396, 18, 5, 37, 8),
(4254, 395, 18, 5, 38, 8),
(4255, 396, 18, 5, 38, 8),
(4256, 397, 18, 5, 38, 8),
(4257, 397, 18, 5, 37, 8),
(4258, 398, 18, 5, 37, 10),
(4259, 398, 18, 5, 38, 8),
(4260, 399, 18, 5, 37, 10),
(4261, 399, 18, 5, 38, 10),
(4262, 400, 18, 5, 37, 8),
(4263, 400, 18, 5, 38, 8),
(4264, 402, 18, 5, 37, 9),
(4265, 402, 18, 5, 38, 8),
(4266, 403, 18, 5, 37, 7),
(4267, 403, 18, 5, 38, 8),
(4268, 404, 18, 5, 37, 8),
(4269, 404, 18, 5, 38, 8),
(4270, 406, 18, 5, 37, 8),
(4271, 406, 18, 5, 38, 8),
(4272, 407, 18, 5, 37, 9),
(4273, 407, 18, 5, 38, 9),
(4274, 408, 18, 5, 37, 8),
(4275, 408, 18, 5, 38, 8),
(4276, 409, 18, 5, 37, 9),
(4277, 409, 18, 5, 38, 10),
(4278, 411, 18, 5, 37, 8),
(4279, 411, 18, 5, 38, 8),
(4280, 412, 18, 5, 37, 9),
(4281, 412, 18, 5, 38, 10),
(4282, 413, 18, 5, 37, 9),
(4283, 413, 18, 5, 38, 8),
(4284, 414, 18, 5, 37, 9),
(4285, 414, 18, 5, 38, 9),
(4286, 415, 18, 5, 37, 9),
(4287, 415, 18, 5, 38, 10),
(4288, 416, 18, 5, 37, 9),
(4289, 416, 18, 5, 38, 9),
(4290, 417, 18, 5, 37, 10),
(4291, 417, 18, 5, 38, 10),
(4292, 418, 18, 5, 37, 8),
(4293, 418, 18, 5, 38, 9),
(4294, 369, 17, 5, 39, 8),
(4295, 369, 17, 5, 40, 8),
(4296, 370, 17, 5, 40, 10),
(4297, 370, 17, 5, 39, 9),
(4298, 372, 17, 5, 39, 8.5),
(4299, 372, 17, 5, 40, 8),
(4300, 373, 17, 5, 39, 10),
(4301, 373, 17, 5, 40, 10),
(4302, 374, 17, 5, 39, 10),
(4303, 374, 17, 5, 40, 10),
(4304, 376, 17, 5, 39, 8),
(4305, 376, 17, 5, 40, 7),
(4306, 377, 17, 5, 39, 8),
(4307, 377, 17, 5, 40, 7),
(4308, 378, 17, 5, 39, 10),
(4309, 378, 17, 5, 40, 10),
(4310, 379, 17, 5, 39, 10),
(4311, 379, 17, 5, 40, 9),
(4312, 380, 17, 5, 39, 8),
(4313, 380, 17, 5, 40, 8),
(4314, 382, 17, 5, 39, 8),
(4315, 382, 17, 5, 40, 7),
(4316, 384, 17, 5, 39, 8),
(4317, 384, 17, 5, 40, 9),
(4318, 385, 17, 5, 39, 8),
(4319, 385, 17, 5, 40, 7),
(4320, 386, 17, 5, 39, 8),
(4321, 386, 17, 5, 40, 8.5),
(4322, 388, 17, 5, 39, 8),
(4323, 388, 17, 5, 40, 8),
(4324, 389, 17, 5, 39, 10),
(4325, 389, 17, 5, 40, 10),
(4326, 390, 17, 5, 39, 10),
(4327, 390, 17, 5, 40, 10),
(4328, 393, 17, 5, 39, 8),
(4329, 393, 17, 5, 40, 7),
(4330, 394, 17, 5, 39, 10),
(4331, 394, 17, 5, 40, 9),
(4332, 395, 18, 5, 39, 8),
(4333, 395, 18, 5, 40, 8),
(4334, 396, 18, 5, 40, 8),
(4335, 396, 18, 5, 39, 8),
(4336, 397, 18, 5, 39, 8),
(4337, 397, 18, 5, 40, 8),
(4338, 398, 18, 5, 39, 10),
(4339, 398, 18, 5, 40, 10),
(4340, 399, 18, 5, 39, 10),
(4341, 399, 18, 5, 40, 10),
(4342, 400, 18, 5, 39, 7),
(4343, 400, 18, 5, 40, 7),
(4344, 402, 18, 5, 39, 8),
(4345, 402, 18, 5, 40, 10),
(4346, 403, 18, 5, 39, 8),
(4347, 403, 18, 5, 40, 8),
(4348, 404, 18, 5, 39, 8),
(4349, 404, 18, 5, 40, 9),
(4350, 406, 18, 5, 39, 7),
(4351, 406, 18, 5, 40, 7),
(4352, 407, 18, 5, 39, 10),
(4353, 407, 18, 5, 40, 9),
(4354, 409, 18, 5, 39, 10),
(4355, 409, 18, 5, 40, 10),
(4356, 411, 18, 5, 39, 8),
(4357, 411, 18, 5, 40, 8),
(4358, 412, 18, 5, 39, 10),
(4359, 412, 18, 5, 40, 9),
(4360, 413, 18, 5, 39, 8),
(4361, 413, 18, 5, 40, 8),
(4362, 414, 18, 5, 39, 7),
(4363, 414, 18, 5, 40, 8),
(4364, 415, 18, 5, 39, 10),
(4365, 415, 18, 5, 40, 10),
(4366, 416, 18, 5, 39, 8),
(4367, 416, 18, 5, 40, 7),
(4368, 417, 18, 5, 39, 10),
(4369, 417, 18, 5, 40, 8),
(4370, 418, 18, 5, 39, 9),
(4371, 418, 18, 5, 40, 10),
(4372, 369, 17, 5, 41, 9),
(4373, 370, 17, 5, 41, 9),
(4374, 373, 17, 5, 41, 10),
(4375, 372, 17, 5, 41, 9),
(4376, 374, 17, 5, 41, 10),
(4377, 376, 17, 5, 41, 10),
(4378, 377, 17, 5, 41, 9),
(4379, 378, 17, 5, 41, 10),
(4380, 379, 17, 5, 41, 10),
(4381, 380, 17, 5, 41, 9),
(4382, 382, 17, 5, 41, 8),
(4383, 384, 17, 5, 41, 10),
(4384, 385, 17, 5, 41, 10),
(4385, 386, 17, 5, 41, 10),
(4386, 388, 17, 5, 41, 9),
(4387, 389, 17, 5, 41, 9),
(4388, 390, 17, 5, 41, 9),
(4389, 393, 17, 5, 41, 7),
(4390, 394, 17, 5, 41, 10),
(4391, 395, 18, 5, 41, 8),
(4392, 396, 18, 5, 41, 7),
(4393, 397, 18, 5, 41, 9),
(4394, 398, 18, 5, 41, 10),
(4395, 399, 18, 5, 41, 10),
(4396, 400, 18, 5, 41, 8.5),
(4397, 402, 18, 5, 41, 9),
(4398, 403, 18, 5, 41, 7),
(4399, 404, 18, 5, 41, 10),
(4400, 406, 18, 5, 41, 10),
(4401, 407, 18, 5, 41, 9),
(4402, 408, 18, 5, 41, 10),
(4403, 409, 18, 5, 41, 10),
(4404, 411, 18, 5, 41, 10),
(4405, 412, 18, 5, 41, 10),
(4406, 413, 18, 5, 41, 9),
(4407, 414, 18, 5, 41, 10),
(4408, 415, 18, 5, 41, 10),
(4409, 416, 18, 5, 41, 10),
(4410, 417, 18, 5, 41, 10),
(4411, 418, 18, 5, 41, 10),
(4412, 420, 18, 5, 41, 9),
(4413, 369, 17, 25, 32, 8),
(4414, 369, 17, 25, 33, 8),
(4415, 370, 17, 25, 32, 9),
(4416, 370, 17, 25, 33, 9),
(4417, 372, 17, 25, 32, 8.75),
(4418, 372, 17, 25, 33, 8.75),
(4419, 373, 17, 25, 32, 10),
(4420, 373, 17, 25, 33, 10),
(4421, 374, 17, 25, 32, 10),
(4422, 374, 17, 25, 33, 10),
(4423, 376, 17, 25, 32, 9.75),
(4424, 376, 17, 25, 33, 9.75),
(4425, 377, 17, 25, 32, 8.5),
(4426, 377, 17, 25, 33, 8.5),
(4427, 378, 17, 25, 32, 9),
(4428, 378, 17, 25, 33, 9),
(4429, 379, 17, 25, 32, 9.5),
(4430, 379, 17, 25, 33, 9.5),
(4431, 380, 17, 25, 32, 7),
(4432, 380, 17, 25, 33, 7),
(4433, 382, 17, 25, 32, 5),
(4434, 382, 17, 25, 33, 5),
(4435, 384, 17, 25, 32, 10),
(4436, 384, 17, 25, 33, 10),
(4437, 385, 17, 25, 32, 7),
(4438, 385, 17, 25, 33, 7),
(4439, 386, 17, 25, 32, 7.5),
(4440, 386, 17, 25, 33, 7.5),
(4441, 388, 17, 25, 32, 9),
(4442, 388, 17, 25, 33, 9),
(4443, 389, 17, 25, 32, 8),
(4444, 389, 17, 25, 33, 8),
(4445, 390, 17, 25, 32, 10),
(4446, 390, 17, 25, 33, 10),
(4447, 393, 17, 25, 32, 8.5),
(4448, 393, 17, 25, 33, 8.5),
(4449, 394, 17, 25, 32, 8.5),
(4450, 394, 17, 25, 33, 8.5),
(4451, 395, 18, 25, 32, 7),
(4452, 396, 18, 25, 32, 9.5),
(4453, 396, 18, 25, 33, 9.5),
(4454, 395, 18, 25, 33, 7),
(4455, 397, 18, 25, 32, 3.75),
(4456, 397, 18, 25, 33, 3.75),
(4457, 398, 18, 25, 32, 9),
(4458, 398, 18, 25, 33, 9),
(4459, 399, 18, 25, 32, 10),
(4460, 399, 18, 25, 33, 10),
(4461, 400, 18, 25, 32, 8),
(4462, 400, 18, 25, 33, 8),
(4463, 402, 18, 25, 32, 7),
(4464, 402, 18, 25, 33, 7),
(4465, 403, 18, 25, 32, 2.5),
(4466, 403, 18, 25, 33, 2.5),
(4467, 404, 18, 25, 32, 8.5),
(4468, 404, 18, 25, 33, 8.5),
(4469, 406, 18, 25, 32, 9.25),
(4470, 406, 18, 25, 33, 9.25),
(4471, 407, 18, 25, 32, 4),
(4472, 407, 18, 25, 33, 4),
(4473, 408, 18, 25, 32, 7),
(4474, 408, 18, 25, 33, 7),
(4475, 409, 18, 25, 32, 8),
(4476, 409, 18, 25, 33, 8),
(4477, 411, 18, 25, 32, 10),
(4478, 411, 18, 25, 33, 10),
(4479, 412, 18, 25, 32, 9.25),
(4480, 412, 18, 25, 33, 9.25),
(4481, 413, 18, 25, 32, 8.25),
(4482, 413, 18, 25, 33, 8.25),
(4483, 414, 18, 25, 32, 9.25),
(4484, 414, 18, 25, 33, 9.25),
(4485, 415, 18, 25, 32, 8.5),
(4486, 415, 18, 25, 33, 8.5),
(4487, 416, 18, 25, 32, 7),
(4488, 416, 18, 25, 33, 7),
(4489, 417, 18, 25, 32, 7),
(4490, 417, 18, 25, 33, 7),
(4491, 418, 18, 25, 32, 8.5),
(4492, 418, 18, 25, 33, 8.5),
(4493, 420, 18, 25, 32, 7.25),
(4494, 420, 18, 25, 33, 7.25),
(4495, 369, 17, 25, 34, 9.12),
(4496, 369, 17, 25, 35, 9.12),
(4497, 370, 17, 25, 34, 6.13),
(4498, 370, 17, 25, 35, 6.13),
(4499, 372, 17, 25, 34, 9.75),
(4500, 372, 17, 25, 35, 9.75),
(4501, 373, 17, 25, 34, 9.5),
(4502, 373, 17, 25, 35, 9.5),
(4503, 374, 17, 25, 34, 9.87),
(4504, 374, 17, 25, 35, 9.87),
(4505, 376, 17, 25, 34, 9.66),
(4506, 376, 17, 25, 35, 9.66),
(4507, 377, 17, 25, 34, 8),
(4508, 377, 17, 25, 35, 8),
(4509, 378, 17, 25, 34, 8.5),
(4510, 378, 17, 25, 35, 8.5),
(4511, 379, 17, 25, 34, 9.75),
(4512, 379, 17, 25, 35, 9.75),
(4513, 380, 17, 25, 34, 7),
(4514, 380, 17, 25, 35, 7),
(4515, 382, 17, 25, 34, 5),
(4516, 382, 17, 25, 35, 5),
(4517, 384, 17, 25, 34, 4.75),
(4518, 384, 17, 25, 35, 4.75),
(4519, 385, 17, 25, 34, 4.5),
(4520, 385, 17, 25, 35, 4.5),
(4521, 386, 17, 25, 34, 7.5),
(4522, 386, 17, 25, 35, 7.5),
(4523, 388, 17, 25, 34, 6.67),
(4524, 388, 17, 25, 35, 6.67),
(4525, 389, 17, 25, 34, 9.33),
(4526, 389, 17, 25, 35, 9.33),
(4527, 390, 17, 25, 34, 7.37),
(4528, 390, 17, 25, 35, 7.37),
(4529, 393, 17, 25, 34, 7.75),
(4530, 393, 17, 25, 35, 7.75),
(4531, 394, 17, 25, 34, 8.25),
(4532, 394, 17, 25, 35, 8.25),
(4533, 395, 18, 25, 34, 9.25),
(4534, 395, 18, 25, 35, 9.25),
(4535, 396, 18, 25, 35, 10),
(4536, 397, 18, 25, 34, 8.25),
(4537, 396, 18, 25, 34, 10),
(4538, 397, 18, 25, 35, 8.25),
(4539, 398, 18, 25, 34, 10),
(4540, 398, 18, 25, 35, 10),
(4541, 399, 18, 25, 34, 10),
(4542, 399, 18, 25, 35, 10),
(4543, 400, 18, 25, 34, 7.5),
(4544, 400, 18, 25, 35, 7.5),
(4545, 402, 18, 25, 34, 8),
(4546, 402, 18, 25, 35, 8),
(4547, 403, 18, 25, 34, 5),
(4548, 403, 18, 25, 35, 5),
(4549, 404, 18, 25, 34, 9.67),
(4550, 404, 18, 25, 35, 9.67),
(4551, 406, 18, 25, 34, 10),
(4552, 406, 18, 25, 35, 10),
(4553, 407, 18, 25, 34, 4),
(4554, 407, 18, 25, 35, 4),
(4555, 408, 18, 25, 34, 5),
(4556, 408, 18, 25, 35, 5),
(4557, 409, 18, 25, 34, 9.75),
(4558, 409, 18, 25, 35, 9.75),
(4559, 411, 18, 25, 34, 10),
(4560, 411, 18, 25, 35, 10),
(4561, 412, 18, 25, 34, 10),
(4562, 412, 18, 25, 35, 10),
(4563, 413, 18, 25, 34, 9),
(4564, 413, 18, 25, 35, 9),
(4565, 414, 18, 25, 34, 9.5),
(4566, 414, 18, 25, 35, 9.5),
(4567, 415, 18, 25, 34, 9.75),
(4568, 415, 18, 25, 35, 9.75),
(4569, 416, 18, 25, 34, 5),
(4570, 416, 18, 25, 35, 5),
(4571, 417, 18, 25, 34, 5),
(4572, 417, 18, 25, 35, 5),
(4573, 418, 18, 25, 34, 8.5),
(4574, 418, 18, 25, 35, 8.5),
(4575, 420, 18, 25, 34, 7),
(4576, 420, 18, 25, 35, 7),
(4577, 369, 17, 25, 36, 8.56),
(4578, 372, 17, 25, 36, 9.25),
(4579, 373, 17, 25, 36, 9.75),
(4580, 370, 17, 25, 36, 7.56),
(4581, 374, 17, 25, 36, 9.94),
(4582, 376, 17, 25, 36, 9.71),
(4583, 377, 17, 25, 36, 8.25),
(4584, 378, 17, 25, 36, 8.75),
(4585, 379, 17, 25, 36, 9.63),
(4586, 380, 17, 25, 36, 9.5),
(4587, 382, 17, 25, 36, 5),
(4588, 384, 17, 25, 36, 7.38),
(4589, 385, 17, 25, 36, 5.75),
(4590, 386, 17, 25, 36, 7.5),
(4591, 388, 17, 25, 36, 8),
(4592, 389, 17, 25, 36, 8.5),
(4593, 390, 17, 25, 36, 10),
(4594, 393, 17, 25, 36, 7.88),
(4595, 394, 17, 25, 36, 8.38),
(4596, 395, 18, 25, 36, 8.13),
(4597, 396, 18, 25, 36, 9.75),
(4598, 397, 18, 25, 36, 6),
(4599, 398, 18, 25, 36, 9.5),
(4600, 399, 18, 25, 36, 10),
(4601, 400, 18, 25, 36, 8),
(4602, 402, 18, 25, 36, 7.5),
(4603, 403, 18, 25, 36, 2.38),
(4604, 404, 18, 25, 36, 9.08),
(4605, 406, 18, 25, 36, 9.63),
(4606, 407, 18, 25, 36, 4),
(4607, 408, 18, 25, 36, 5),
(4608, 409, 18, 25, 36, 8.88),
(4609, 411, 18, 25, 36, 10),
(4610, 412, 18, 25, 36, 9.63),
(4611, 413, 18, 25, 36, 8.63),
(4612, 414, 18, 25, 36, 9.38),
(4613, 415, 18, 25, 36, 9.13),
(4614, 416, 18, 25, 36, 5),
(4615, 417, 18, 25, 36, 5),
(4616, 418, 18, 25, 36, 8.5),
(4617, 420, 18, 25, 36, 7.13),
(4618, 369, 17, 25, 37, 8.5),
(4619, 370, 17, 25, 37, 10),
(4620, 369, 17, 25, 38, 8.5),
(4621, 370, 17, 25, 38, 10),
(4622, 372, 17, 25, 38, 9.5),
(4623, 372, 17, 25, 37, 9.5),
(4624, 373, 17, 25, 37, 9),
(4625, 373, 17, 25, 38, 9),
(4626, 374, 17, 25, 37, 10),
(4627, 374, 17, 25, 38, 10),
(4628, 376, 17, 25, 37, 9),
(4629, 376, 17, 25, 38, 9),
(4630, 377, 17, 25, 37, 8),
(4631, 377, 17, 25, 38, 8),
(4632, 378, 17, 25, 37, 9),
(4633, 378, 17, 25, 38, 9),
(4634, 379, 17, 25, 37, 10),
(4635, 379, 17, 25, 38, 10),
(4636, 380, 17, 25, 37, 7.5),
(4637, 380, 17, 25, 38, 7.5),
(4638, 382, 17, 25, 37, 5),
(4639, 382, 17, 25, 38, 5),
(4640, 384, 17, 25, 37, 4),
(4641, 384, 17, 25, 38, 4),
(4642, 385, 17, 25, 37, 7),
(4643, 385, 17, 25, 38, 7),
(4644, 386, 17, 25, 37, 9),
(4645, 386, 17, 25, 38, 9),
(4646, 389, 17, 25, 37, 8.5),
(4647, 389, 17, 25, 38, 8.5),
(4648, 390, 17, 25, 37, 10),
(4649, 390, 17, 25, 38, 10),
(4650, 393, 17, 25, 37, 7),
(4651, 393, 17, 25, 38, 7),
(4652, 394, 17, 25, 37, 8),
(4653, 394, 17, 25, 38, 8),
(4654, 395, 18, 25, 37, 9.5),
(4655, 395, 18, 25, 38, 9.5),
(4656, 396, 18, 25, 37, 9.5),
(4657, 396, 18, 25, 38, 9.5),
(4658, 397, 18, 25, 37, 7.5),
(4659, 397, 18, 25, 38, 7.5),
(4660, 398, 18, 25, 37, 9.8),
(4661, 398, 18, 25, 38, 9.8),
(4662, 399, 18, 25, 37, 9),
(4663, 399, 18, 25, 38, 9),
(4664, 400, 18, 25, 37, 8),
(4665, 400, 18, 25, 38, 8),
(4666, 402, 18, 25, 37, 8.5),
(4667, 402, 18, 25, 38, 8.5),
(4668, 403, 18, 25, 37, 5),
(4669, 403, 18, 25, 38, 5),
(4670, 404, 18, 25, 37, 9.5),
(4671, 404, 18, 25, 38, 9.5),
(4672, 406, 18, 25, 37, 9.8),
(4673, 406, 18, 25, 38, 9.8),
(4674, 408, 18, 25, 37, 4.5),
(4675, 408, 18, 25, 38, 4.5),
(4676, 409, 18, 25, 37, 9),
(4677, 409, 18, 25, 38, 9),
(4678, 411, 18, 25, 37, 10),
(4679, 411, 18, 25, 38, 10),
(4680, 412, 18, 25, 37, 10),
(4681, 412, 18, 25, 38, 10),
(4682, 413, 18, 25, 37, 9.8),
(4683, 413, 18, 25, 38, 9.8),
(4684, 414, 18, 25, 37, 9.5),
(4685, 414, 18, 25, 38, 9.5),
(4686, 415, 18, 25, 37, 10),
(4687, 415, 18, 25, 38, 10),
(4688, 416, 18, 25, 37, 5),
(4689, 416, 18, 25, 38, 5),
(4690, 417, 18, 25, 37, 7),
(4691, 417, 18, 25, 38, 7),
(4692, 418, 18, 25, 37, 9.8),
(4693, 418, 18, 25, 38, 9.8),
(4694, 420, 18, 25, 37, 8),
(4695, 420, 18, 25, 38, 8),
(4696, 369, 17, 25, 39, 8.5),
(4697, 370, 17, 25, 39, 10),
(4698, 370, 17, 25, 40, 10),
(4699, 369, 17, 25, 40, 8.5),
(4700, 372, 17, 25, 40, 9.5),
(4701, 372, 17, 25, 39, 9.5),
(4702, 373, 17, 25, 39, 9),
(4703, 373, 17, 25, 40, 9),
(4704, 374, 17, 25, 39, 10),
(4705, 374, 17, 25, 40, 10),
(4706, 376, 17, 25, 39, 9),
(4707, 376, 17, 25, 40, 9),
(4708, 377, 17, 25, 39, 8),
(4709, 377, 17, 25, 40, 8),
(4710, 378, 17, 25, 39, 10),
(4711, 378, 17, 25, 40, 10),
(4712, 379, 17, 25, 39, 9.75),
(4713, 379, 17, 25, 40, 9.75),
(4714, 380, 17, 25, 39, 8),
(4715, 380, 17, 25, 40, 8),
(4716, 382, 17, 25, 39, 5),
(4717, 382, 17, 25, 40, 5),
(4718, 384, 17, 25, 39, 4),
(4719, 384, 17, 25, 40, 4),
(4720, 385, 17, 25, 39, 7),
(4721, 385, 17, 25, 40, 7),
(4722, 386, 17, 25, 39, 8),
(4723, 386, 17, 25, 40, 8),
(4724, 388, 17, 25, 39, 8),
(4725, 388, 17, 25, 40, 8),
(4726, 389, 17, 25, 39, 8.5),
(4727, 389, 17, 25, 40, 8.5),
(4728, 390, 17, 25, 39, 10),
(4729, 390, 17, 25, 40, 10),
(4730, 393, 17, 25, 39, 8),
(4731, 393, 17, 25, 40, 8),
(4732, 394, 17, 25, 39, 5),
(4733, 394, 17, 25, 40, 5),
(4734, 395, 18, 25, 39, 9.87),
(4735, 395, 18, 25, 40, 9.87),
(4736, 396, 18, 25, 39, 5),
(4737, 396, 18, 25, 40, 5),
(4738, 397, 18, 25, 39, 9.87),
(4739, 397, 18, 25, 40, 9.87),
(4740, 398, 18, 25, 39, 9.62),
(4741, 398, 18, 25, 40, 9.62),
(4742, 399, 18, 25, 39, 10),
(4743, 399, 18, 25, 40, 10),
(4744, 400, 18, 25, 39, 8),
(4745, 400, 18, 25, 40, 8),
(4746, 402, 18, 25, 39, 8),
(4747, 402, 18, 25, 40, 8),
(4748, 403, 18, 25, 39, 5),
(4749, 403, 18, 25, 40, 5),
(4750, 404, 18, 25, 39, 8),
(4751, 404, 18, 25, 40, 8),
(4752, 406, 18, 25, 39, 9.87),
(4753, 406, 18, 25, 40, 9.87),
(4754, 407, 18, 25, 39, 10),
(4755, 407, 18, 25, 40, 10),
(4756, 408, 18, 25, 39, 10),
(4757, 408, 18, 25, 40, 10),
(4758, 409, 18, 25, 39, 6.75),
(4759, 409, 18, 25, 40, 6.75),
(4760, 411, 18, 25, 39, 10),
(4761, 411, 18, 25, 40, 10),
(4762, 412, 18, 25, 39, 10),
(4763, 412, 18, 25, 40, 10),
(4764, 413, 18, 25, 39, 9.37),
(4765, 413, 18, 25, 40, 9.37),
(4766, 414, 18, 25, 39, 9.5),
(4767, 414, 18, 25, 40, 9.5),
(4768, 415, 18, 25, 39, 7.5),
(4769, 415, 18, 25, 40, 7.5),
(4770, 416, 18, 25, 39, 5),
(4771, 416, 18, 25, 40, 5),
(4772, 417, 18, 25, 39, 5),
(4773, 417, 18, 25, 40, 5),
(4774, 418, 18, 25, 39, 10),
(4775, 418, 18, 25, 40, 10),
(4776, 420, 18, 25, 39, 8),
(4777, 420, 18, 25, 40, 8),
(4778, 369, 17, 25, 41, 7),
(4779, 372, 17, 25, 41, 9),
(4780, 370, 17, 25, 41, 7.5),
(4781, 374, 17, 25, 41, 8),
(4782, 373, 17, 25, 41, 7),
(4783, 377, 17, 25, 41, 7.5),
(4784, 378, 17, 25, 41, 7.5),
(4785, 379, 17, 25, 41, 8),
(4786, 380, 17, 25, 41, 8),
(4787, 382, 17, 25, 41, 5),
(4788, 385, 17, 25, 41, 7),
(4789, 386, 17, 25, 41, 9.5),
(4790, 389, 17, 25, 41, 8),
(4791, 390, 17, 25, 41, 7.5),
(4792, 393, 17, 25, 41, 7),
(4793, 394, 17, 25, 41, 8),
(4794, 395, 18, 25, 41, 8),
(4795, 397, 18, 25, 41, 7),
(4796, 396, 18, 25, 41, 8),
(4797, 398, 18, 25, 41, 6),
(4798, 399, 18, 25, 41, 7.5),
(4799, 400, 18, 25, 41, 8),
(4800, 403, 18, 25, 41, 7),
(4801, 404, 18, 25, 41, 8),
(4802, 406, 18, 25, 41, 8),
(4803, 408, 18, 25, 41, 5),
(4804, 409, 18, 25, 41, 7.5),
(4805, 411, 18, 25, 41, 8.5),
(4806, 412, 18, 25, 41, 7),
(4807, 413, 18, 25, 41, 7.5),
(4808, 414, 18, 25, 41, 6),
(4809, 415, 18, 25, 41, 9.5),
(4810, 416, 18, 25, 41, 5),
(4811, 417, 18, 25, 41, 5),
(4812, 418, 18, 25, 41, 10),
(4813, 382, 17, 25, 42, 7),
(4814, 384, 17, 25, 42, 7),
(4815, 385, 17, 25, 42, 7),
(4816, 388, 17, 25, 42, 7),
(4817, 403, 18, 25, 42, 7),
(4818, 407, 18, 25, 42, 7),
(4819, 408, 18, 25, 42, 7),
(4820, 416, 18, 25, 42, 7),
(4821, 417, 18, 25, 42, 7),
(4824, 385, 17, 3, 43, 5),
(4825, 343, 16, 16, 15, 10),
(4826, 343, 16, 16, 16, 10),
(4829, 345, 16, 16, 15, 10),
(4830, 345, 16, 16, 16, 10),
(4831, 346, 16, 16, 15, 10),
(4832, 346, 16, 16, 16, 9.5),
(4833, 347, 16, 16, 15, 9),
(4834, 347, 16, 16, 16, 9),
(4835, 349, 16, 16, 15, 10),
(4836, 349, 16, 16, 16, 9.5),
(4837, 351, 16, 16, 15, 10),
(4838, 351, 16, 16, 16, 9.5),
(4839, 352, 16, 16, 15, 10),
(4840, 352, 16, 16, 16, 10),
(4841, 353, 16, 16, 15, 10),
(4842, 353, 16, 16, 16, 9),
(4843, 354, 16, 16, 15, 8),
(4844, 354, 16, 16, 16, 8),
(4845, 356, 16, 16, 15, 10),
(4846, 356, 16, 16, 16, 10),
(4847, 357, 16, 16, 15, 10),
(4848, 357, 16, 16, 16, 10),
(4849, 358, 16, 16, 15, 10),
(4850, 358, 16, 16, 16, 10),
(4851, 359, 16, 16, 15, 10),
(4852, 359, 16, 16, 16, 10),
(4853, 361, 16, 16, 15, 10),
(4854, 361, 16, 16, 16, 10),
(4855, 362, 16, 16, 15, 10),
(4856, 362, 16, 16, 16, 9),
(4857, 368, 16, 16, 15, 10),
(4858, 368, 16, 16, 16, 10),
(4859, 366, 16, 16, 15, 10),
(4860, 366, 16, 16, 16, 9),
(4861, 343, 16, 16, 17, 10),
(4862, 343, 16, 16, 18, 10),
(4863, 345, 16, 16, 17, 10),
(4864, 345, 16, 16, 18, 10),
(4865, 346, 16, 16, 17, 10),
(4866, 346, 16, 16, 18, 9.5),
(4867, 347, 16, 16, 17, 9),
(4868, 347, 16, 16, 18, 9),
(4869, 349, 16, 16, 17, 10),
(4870, 349, 16, 16, 18, 9.5),
(4871, 351, 16, 16, 17, 10),
(4872, 351, 16, 16, 18, 9.5),
(4873, 352, 16, 16, 17, 10),
(4874, 352, 16, 16, 18, 10),
(4875, 353, 16, 16, 17, 10),
(4876, 353, 16, 16, 18, 9),
(4877, 354, 16, 16, 17, 8),
(4878, 354, 16, 16, 18, 8),
(4879, 356, 16, 16, 17, 10),
(4880, 356, 16, 16, 18, 10),
(4881, 357, 16, 16, 17, 10),
(4882, 357, 16, 16, 18, 10),
(4883, 358, 16, 16, 17, 10),
(4884, 358, 16, 16, 18, 10),
(4885, 359, 16, 16, 17, 10),
(4886, 359, 16, 16, 18, 10),
(4887, 361, 16, 16, 17, 10),
(4888, 361, 16, 16, 18, 10),
(4889, 362, 16, 16, 17, 10),
(4890, 362, 16, 16, 18, 9),
(4891, 368, 16, 16, 17, 10),
(4892, 368, 16, 16, 18, 10),
(4893, 366, 16, 16, 17, 10),
(4894, 366, 16, 16, 18, 9),
(4895, 343, 16, 16, 19, 10),
(4896, 343, 16, 16, 20, 10),
(4897, 345, 16, 16, 19, 10),
(4898, 345, 16, 16, 20, 10),
(4899, 346, 16, 16, 19, 10),
(4900, 346, 16, 16, 20, 9.5),
(4901, 347, 16, 16, 19, 9),
(4902, 347, 16, 16, 20, 9),
(4903, 349, 16, 16, 19, 10),
(4904, 349, 16, 16, 20, 9.5),
(4905, 351, 16, 16, 19, 10),
(4906, 351, 16, 16, 20, 9.5),
(4907, 352, 16, 16, 19, 10),
(4908, 352, 16, 16, 20, 10),
(4909, 353, 16, 16, 19, 10),
(4910, 353, 16, 16, 20, 9),
(4911, 354, 16, 16, 19, 8),
(4912, 354, 16, 16, 20, 8),
(4913, 356, 16, 16, 19, 10),
(4914, 356, 16, 16, 20, 10),
(4915, 357, 16, 16, 19, 10),
(4916, 357, 16, 16, 20, 10),
(4917, 358, 16, 16, 19, 10),
(4918, 358, 16, 16, 20, 10),
(4919, 359, 16, 16, 19, 10),
(4920, 359, 16, 16, 20, 10),
(4921, 361, 16, 16, 19, 10),
(4922, 361, 16, 16, 20, 10),
(4923, 362, 16, 16, 19, 10),
(4924, 362, 16, 16, 20, 9),
(4925, 368, 16, 16, 19, 10),
(4926, 368, 16, 16, 20, 10),
(4927, 366, 16, 16, 19, 10),
(4928, 366, 16, 16, 20, 9),
(4929, 343, 16, 16, 21, 10),
(4930, 345, 16, 16, 21, 10),
(4931, 346, 16, 16, 21, 9.75),
(4932, 347, 16, 16, 21, 9),
(4933, 349, 16, 16, 21, 9.75),
(4934, 351, 16, 16, 21, 9.75),
(4935, 352, 16, 16, 21, 10),
(4936, 353, 16, 16, 21, 9.5),
(4937, 354, 16, 16, 21, 8),
(4938, 356, 16, 16, 21, 10),
(4939, 357, 16, 16, 21, 10),
(4940, 358, 16, 16, 21, 10),
(4941, 359, 16, 16, 21, 10),
(4942, 361, 16, 16, 21, 10),
(4943, 362, 16, 16, 21, 9.5),
(4944, 368, 16, 16, 21, 10),
(4945, 366, 16, 16, 21, 9.5);

-- --------------------------------------------------------

--
-- Estructura de tabla para la tabla `sw_rubrica_evaluacion`
--

CREATE TABLE `sw_rubrica_evaluacion` (
  `id_rubrica_evaluacion` int(11) NOT NULL,
  `id_aporte_evaluacion` int(11) UNSIGNED NOT NULL,
  `id_tipo_asignatura` int(11) UNSIGNED NOT NULL,
  `ru_nombre` varchar(24) CHARACTER SET latin1 COLLATE latin1_spanish_ci NOT NULL,
  `ru_abreviatura` varchar(5) CHARACTER SET latin1 COLLATE latin1_spanish_ci NOT NULL,
  `ru_ponderacion` float NOT NULL,
  `ru_descripcion` varchar(96) NOT NULL
) ENGINE=InnoDB DEFAULT CHARSET=latin1 COLLATE=latin1_swedish_ci;

--
-- Volcado de datos para la tabla `sw_rubrica_evaluacion`
--

INSERT INTO `sw_rubrica_evaluacion` (`id_rubrica_evaluacion`, `id_aporte_evaluacion`, `id_tipo_asignatura`, `ru_nombre`, `ru_abreviatura`, `ru_ponderacion`, `ru_descripcion`) VALUES
(1, 1, 1, 'TRABAJOS', 'TR', 0, 'TRABAJOS'),
(2, 1, 1, 'SUMATIVA', 'SU', 0, 'SUMATIVA'),
(3, 2, 1, 'TRABAJOS', 'TR', 0, 'TRABAJOS'),
(4, 2, 1, 'SUMATIVA', 'SU', 0, 'SUMATIVA'),
(5, 3, 1, 'PROYECTO QUIMESTRAL', 'PROY', 0, 'PROYECTO QUIMESTRAL'),
(6, 4, 1, 'TRABAJOS', 'TR', 0, 'TRABAJOS'),
(7, 4, 1, 'SUMATIVA', 'SU', 0, 'SUMATIVA'),
(8, 5, 1, 'TRABAJOS', 'TR', 0, 'TRABAJOS'),
(9, 6, 1, 'PROYECTO QUIMESTRAL', 'PROY', 0, 'PROYECTO QUIMESTRAL'),
(10, 7, 1, 'EXAMEN SUPLETORIO', 'SUP', 0, 'EXAMEN SUPLETORIO'),
(11, 8, 1, 'EXAMEN REMEDIAL', 'REM', 0, 'EXAMEN REMEDIAL'),
(12, 9, 1, 'EXAMEN DE GRACIA', 'GRA', 0, 'EXAMEN DE GRACIA'),
(14, 5, 1, 'SUMATIVA', 'SU', 0, 'SUMATIVA'),
(15, 10, 1, 'TRABAJOS', 'TR', 0, 'TRABAJOS'),
(16, 10, 1, 'SUMATIVA', 'SU', 0, 'SUMATIVA'),
(17, 11, 1, 'TRABAJOS', 'TR', 0, 'TRABAJOS'),
(18, 11, 1, 'SUMATIVA', 'SU', 0, 'SUMATIVA'),
(19, 12, 1, 'TRABAJOS', 'TR', 0, 'TRABAJOS'),
(20, 12, 1, 'SUMATIVA', 'SU', 0, 'SUMATIVA'),
(21, 13, 1, 'EXAMEN QUIMESTRAL', 'EX.1Q', 0, 'EXAMEN QUIMESTRAL'),
(22, 14, 1, 'TRABAJOS', 'TR', 0, 'TRABAJOS'),
(23, 14, 1, 'SUMATIVA', 'SU', 0, 'SUMATIVA'),
(24, 15, 1, 'TRABAJOS', 'TR', 0, 'TRABAJOS'),
(25, 15, 1, 'SUMATIVA', 'SU', 0, 'SUMATIVA'),
(26, 16, 1, 'TRABAJOS', 'TR', 0, 'TRABAJOS'),
(27, 16, 1, 'SUMATIVA', 'SU', 0, 'SUMATIVA'),
(28, 17, 1, 'EXAMEN QUIMESTRAL', 'EX.2Q', 0, 'EXAMEN QUIMESTRAL'),
(29, 18, 1, 'EXAMEN SUPLETORIO', 'SUP.', 0, 'EXAMEN SUPLETORIO'),
(30, 19, 1, 'EXAMEN REMEDIAL', 'REM.', 0, 'EXAMEN REMEDIAL'),
(31, 20, 1, 'EXAMEN DE GRACIA', 'GRA.', 0, 'EXAMEN DE GRACIA'),
(32, 21, 1, 'TRABAJOS', 'TR', 0, 'TRABAJOS'),
(33, 21, 1, 'SUMATIVA', 'SU', 0, 'SUMATIVA'),
(34, 22, 1, 'TRABAJOS', 'TR', 0, 'TRABAJOS'),
(35, 22, 1, 'SUMATIVA', 'SU', 0, 'SUMATIVA'),
(36, 23, 1, 'EXAMEN BIMESTRAL', 'EX. 1', 0, 'EXAMEN BIMESTRAL'),
(37, 24, 1, 'TRABAJOS', 'TR', 0, 'TRABAJOS'),
(38, 24, 1, 'SUMATIVA', 'SU', 0, 'SUMATIVA'),
(39, 25, 1, 'TRABAJOS', 'TR', 0, 'TRABAJOS'),
(40, 25, 1, 'SUMATIVA', 'SU', 0, 'SUMATIVA'),
(41, 26, 1, 'EXAMEN BIMESTRAL', 'EX. 2', 0, 'EXAMEN BIMESTRAL'),
(42, 27, 1, 'EXAMEN SUPLETORIO', 'SUP.', 0, 'EXAMEN SUPLETORIO'),
(43, 28, 1, 'EXAMEN REMEDIAL', 'REM.', 0, 'EXAMEN REMEDIAL'),
(44, 29, 1, 'EXAMEN DE GRACIA', 'GRA.', 0, 'EXAMEN DE GRACIA'),
(45, 35, 1, 'APORTES INDIVIDUALES', 'API', 0.5, 'APORTES INDIVIDUALES'),
(46, 35, 1, 'APORTES GRUPALES', 'APG', 0.5, 'APORTES GRUPALES'),
(48, 45, 1, 'TAREAS', 'TAR', 0.5, 'TAREAS'),
(49, 45, 1, 'LECCIONES', 'LEC', 0, ''),
(50, 46, 1, 'TAREAS', 'TAR', 0, ''),
(51, 46, 1, 'LECCIONES', 'LEC', 0, '');

-- --------------------------------------------------------

--
-- Estructura de tabla para la tabla `sw_rubrica_personalizada`
--

CREATE TABLE `sw_rubrica_personalizada` (
  `id_rubrica_personalizada` int(11) NOT NULL,
  `id_rubrica_evaluacion` int(11) NOT NULL,
  `id_usuario` int(11) NOT NULL,
  `id_asignatura` int(11) NOT NULL,
  `id_paralelo` int(11) UNSIGNED NOT NULL,
  `rp_tema` varchar(64) CHARACTER SET latin1 COLLATE latin1_spanish_ci NOT NULL,
  `rp_fec_envio` date NOT NULL,
  `rp_fec_evaluacion` date NOT NULL
) ENGINE=InnoDB DEFAULT CHARSET=latin1 COLLATE=latin1_swedish_ci;

--
-- Volcado de datos para la tabla `sw_rubrica_personalizada`
--

INSERT INTO `sw_rubrica_personalizada` (`id_rubrica_personalizada`, `id_rubrica_evaluacion`, `id_usuario`, `id_asignatura`, `id_paralelo`, `rp_tema`, `rp_fec_envio`, `rp_fec_evaluacion`) VALUES
(1, 1, 5, 14, 10, 'ALGORITMOS Y PROGRAMAS', '2013-09-10', '2013-09-17'),
(2, 2, 5, 14, 10, 'ALGORITMOS DE LA VIDA DIARIA', '2013-09-18', '2013-09-25'),
(3, 3, 5, 14, 10, 'FASES DE LA PROGRAMACION', '2013-10-02', '2013-10-09'),
(4, 4, 5, 14, 10, 'ALGORITMOS Y FASES DE PROGRAMACION', '2013-10-16', '2013-10-23'),
(5, 5, 5, 14, 10, 'UT1: ALGORITMOS Y PROGRAMAS', '2013-10-16', '2013-10-16'),
(8, 1, 5, 15, 10, 'DIAGRAMA DE LA PLACA BASE', '2013-09-09', '2013-09-16'),
(9, 2, 5, 15, 10, 'FORMATOS DE LA PLACA BASE', '2013-09-23', '2013-09-30');

-- --------------------------------------------------------

--
-- Estructura de tabla para la tabla `sw_supletorios_temp`
--

CREATE TABLE `sw_supletorios_temp` (
  `id` int(11) NOT NULL,
  `id_tipo_periodo` int(1) NOT NULL,
  `id_paralelo` int(11) NOT NULL,
  `id_estudiante` int(11) NOT NULL,
  `id_asignatura` int(11) NOT NULL,
  `id_rubrica_personalizada` int(11) NOT NULL
) ENGINE=InnoDB DEFAULT CHARSET=utf8mb4 COLLATE=utf8mb4_general_ci;

--
-- Volcado de datos para la tabla `sw_supletorios_temp`
--

INSERT INTO `sw_supletorios_temp` (`id`, `id_tipo_periodo`, `id_paralelo`, `id_estudiante`, `id_asignatura`, `id_rubrica_personalizada`) VALUES
(43, 2, 17, 382, 25, 42),
(44, 2, 17, 384, 25, 42),
(45, 2, 17, 385, 25, 42),
(46, 2, 17, 388, 25, 42),
(52, 2, 18, 403, 25, 42),
(53, 2, 18, 407, 25, 42),
(54, 2, 18, 408, 25, 42),
(55, 2, 18, 416, 25, 42),
(56, 2, 18, 417, 25, 42),
(131, 2, 17, 382, 3, 42),
(132, 2, 17, 385, 23, 42),
(133, 3, 17, 382, 3, 43),
(134, 3, 17, 385, 3, 43),
(135, 3, 17, 382, 23, 43),
(136, 3, 17, 385, 23, 43);

-- --------------------------------------------------------

--
-- Estructura de tabla para la tabla `sw_tipo_aporte`
--

CREATE TABLE `sw_tipo_aporte` (
  `id_tipo_aporte` int(11) UNSIGNED NOT NULL,
  `ta_descripcion` varchar(45) NOT NULL
) ENGINE=InnoDB DEFAULT CHARSET=utf8 COLLATE=utf8_general_ci;

--
-- Volcado de datos para la tabla `sw_tipo_aporte`
--

INSERT INTO `sw_tipo_aporte` (`id_tipo_aporte`, `ta_descripcion`) VALUES
(1, 'PARCIAL'),
(2, 'EXAMEN_SUB_PERIODO'),
(3, 'SUPLETORIO'),
(4, 'REFUERZO'),
(5, 'PROYECTO_FINAL'),
(6, 'FASE_PRI');

-- --------------------------------------------------------

--
-- Estructura de tabla para la tabla `sw_tipo_asignatura`
--

CREATE TABLE `sw_tipo_asignatura` (
  `id_tipo_asignatura` int(11) UNSIGNED NOT NULL,
  `ta_descripcion` varchar(64) NOT NULL
) ENGINE=InnoDB DEFAULT CHARSET=utf8 COLLATE=utf8_general_ci;

--
-- Volcado de datos para la tabla `sw_tipo_asignatura`
--

INSERT INTO `sw_tipo_asignatura` (`id_tipo_asignatura`, `ta_descripcion`) VALUES
(1, 'CUANTITATIVA'),
(2, 'CUALITATIVA');

-- --------------------------------------------------------

--
-- Estructura de tabla para la tabla `sw_tipo_documento`
--

CREATE TABLE `sw_tipo_documento` (
  `id_tipo_documento` int(11) UNSIGNED NOT NULL,
  `td_nombre` varchar(50) NOT NULL
) ENGINE=InnoDB DEFAULT CHARSET=utf8 COLLATE=utf8_general_ci;

--
-- Volcado de datos para la tabla `sw_tipo_documento`
--

INSERT INTO `sw_tipo_documento` (`id_tipo_documento`, `td_nombre`) VALUES
(1, 'Cédula de Identidad'),
(2, 'Pasaporte'),
(3, 'Carnet de refugiado'),
(4, 'Cédula colombiana');

-- --------------------------------------------------------

--
-- Estructura de tabla para la tabla `sw_tipo_educacion`
--

CREATE TABLE `sw_tipo_educacion` (
  `id_tipo_educacion` int(11) UNSIGNED NOT NULL,
  `id_periodo_lectivo` int(11) UNSIGNED NOT NULL,
  `te_nombre` varchar(48) CHARACTER SET latin1 COLLATE latin1_spanish_ci NOT NULL,
  `te_bachillerato` int(11) NOT NULL,
  `te_orden` int(11) NOT NULL
) ENGINE=InnoDB DEFAULT CHARSET=latin1 COLLATE=latin1_swedish_ci;

--
-- Volcado de datos para la tabla `sw_tipo_educacion`
--

INSERT INTO `sw_tipo_educacion` (`id_tipo_educacion`, `id_periodo_lectivo`, `te_nombre`, `te_bachillerato`, `te_orden`) VALUES
(1, 1, 'EDUCACION BASICA SUPERIOR', 0, 1),
(2, 1, 'BACHILLERATO GENERAL UNIFICADO', 1, 2),
(3, 1, 'BACHILLERATO TECNICO', 1, 3),
(5, 2, 'EDUCACION GENERAL BASICA SUPERIOR INTENSIVA', 0, 4),
(6, 3, 'BACHILLERATO GENERAL UNIFICADO INTENSIVO', 1, 5),
(11, 7, 'BACHILLERATO TECNICO', 1, 1),
(12, 8, 'EDUCACION GENERAL BASICA SUPERIOR INTENSIVA', 0, 1),
(13, 9, 'BACHILLERATO GENERAL UNIFICADO INTENSIVO', 1, 1),
(14, 11, 'BACHILLERATO TECNICO', 1, 1);

-- --------------------------------------------------------

--
-- Estructura de tabla para la tabla `sw_tipo_periodo`
--

CREATE TABLE `sw_tipo_periodo` (
  `id_tipo_periodo` int(11) UNSIGNED NOT NULL,
  `tp_descripcion` varchar(45) NOT NULL
) ENGINE=InnoDB DEFAULT CHARSET=utf8 COLLATE=utf8_general_ci;

--
-- Volcado de datos para la tabla `sw_tipo_periodo`
--

INSERT INTO `sw_tipo_periodo` (`id_tipo_periodo`, `tp_descripcion`) VALUES
(1, 'PRINCIPAL'),
(2, 'SUPLETORIO'),
(3, 'REMEDIAL'),
(4, 'DE GRACIA'),
(6, 'REFUERZO'),
(7, 'PROYECTO FINAL');

-- --------------------------------------------------------

--
-- Estructura de tabla para la tabla `sw_usuario`
--

CREATE TABLE `sw_usuario` (
  `id_usuario` int(11) UNSIGNED NOT NULL,
  `us_titulo` varchar(8) NOT NULL,
  `us_titulo_descripcion` varchar(96) NOT NULL,
  `us_apellidos` varchar(32) NOT NULL,
  `us_nombres` varchar(32) NOT NULL,
  `us_shortname` varchar(45) NOT NULL,
  `us_fullname` varchar(64) NOT NULL,
  `us_login` varchar(24) NOT NULL,
  `us_password` varchar(64) NOT NULL,
  `us_foto` varchar(100) NOT NULL,
  `us_genero` varchar(1) NOT NULL,
  `us_activo` tinyint(1) NOT NULL
) ENGINE=InnoDB DEFAULT CHARSET=utf8mb4 COLLATE=utf8mb4_general_ci;

--
-- Volcado de datos para la tabla `sw_usuario`
--

INSERT INTO `sw_usuario` (`id_usuario`, `us_titulo`, `us_titulo_descripcion`, `us_apellidos`, `us_nombres`, `us_shortname`, `us_fullname`, `us_login`, `us_password`, `us_foto`, `us_genero`, `us_activo`) VALUES
(1, 'Ing.', 'Ingeniero en Sistemas', 'Peñaherrera Escobar', 'Gonzalo Nicolás', 'Ing. Gonzalo Peñaherrera', 'Peñaherrera Escobar Gonzalo Nicolás', 'Administrador', 'eJCYkBmXtXug', '855136358.jpg', 'M', 1),
(2, 'Tlgo.', 'Tecnólogo en Informática', 'Cabascango Herrera', 'Milton Fabián', 'Tlgo. Milton Cabascango', 'Cabascango Herrera Milton Fabián', 'miltonc', 'cqnNxmWctiw=', '97245135.jpg', 'M', 1),
(3, 'Ing.', 'Ingeniero en Sistemas', 'Peñaherrera Escobar', 'Gonzalo Nicolás', 'Ing. Gonzalo Peñaherrera', 'Peñaherrera Escobar Gonzalo Nicolás', 'gonzalop', 'eJCYkDmXtXugXg==', '990894859.png', 'M', 1),
(4, 'Ing.', 'Ingeniero Comercial', 'Benavides Ortiz', 'German Gustavo', 'Ing. German Benavides', 'Benavides Ortiz German Gustavo', 'germanb', 'eKXcyjXL4yy0R/aZ', '183631556.jpg', 'M', 1),
(5, 'Lic.', 'Licenciado en ciencias de la educación', 'Calero Navarrete', 'Elmo Eduardo', 'Lic. Elmo Calero', 'Calero Navarrete Elmo Eduardo', 'elmoc', 'WqzDyDrK9X/3Rw==', '1332781677.jpg', 'M', 1),
(6, 'Lic.', 'Licenciado en ciencias de la educación', 'Cedeño Zambrano', 'Edith Monserrate', 'Lic. Edith Cedeño', 'Cedeño Zambrano Edith Monserrate', 'edithc', 'Uq/A1DHX83/wEPCA', '1892493961.jpg', 'F', 0),
(7, 'Dr.', 'Doctor en Jurisprudencia y Abogado de los Tribunales de la Republica', 'Enríquez Martínez', 'Carlos Alberto', 'Dr. Carlos Enríquez', 'Enríquez Martínez Carlos Alberto', 'CARLOSE', 'fKHcyzvW5Ca0TQ==', '1302037093.png', 'M', 0),
(8, 'Dr.', 'Doctor en Ciencias de la Educación', 'Guamán Calderón', 'Luis Alfredo', 'Dr. Luis Guamán', 'Guamán Calderón Luis Alfredo', 'luisg', 'WS7RD/xvT24=', '183951824.png', 'M', 0),
(9, 'Lic.', 'Licenciado en ciencias de la educación', 'Mejía Segarra', 'Rómulo Oswaldo', 'Lic. Rómulo Mejía', 'Mejía Segarra Rómulo Oswaldo', 'romulom', 'ba/DwmWXsCrF', '43729064.jpg', 'M', 1),
(10, 'Lic.', 'Licenciado en ciencias de la educación', 'Montenegro Yépez', 'Jaime Efrén', 'Lic. Jaime Montenegro', 'Montenegro Yépez Jaime Efrén', 'efrenm', 'Wi3RBPMzGzMKrQo=', '2117906686.jpg', 'M', 0),
(11, 'MSc.', 'Master en Enseñanza de la Matemática', 'Proaño Estrella', 'Wilson Eduardo', 'MSc. Wilson Proaño', 'Proaño Estrella Wilson Eduardo', 'wilsonp', 'eqTbxibB7m62RfSCCw==', '1926558213.jpg', 'M', 1),
(12, 'MSc.', 'Magister en Docencia Universitaria y Administración Educativa', 'Rosero Medina', 'Roberto Hernán', 'MSc. Roberto Rosero', 'Rosero Medina Roberto Hernán', 'robertos', 'ba/MwibR7m22RfSCctA=', '1180374851.jpg', 'M', 1),
(13, 'Lic.', 'Licenciado en ciencias de la educación', 'Salazar Ordoñez', 'Carmen Alicia', 'Lic. Carmen Salazar', 'Salazar Ordoñez Carmen Alicia', 'alicias', 'fq3MxiY=', '1071121085.jpg', 'F', 1),
(14, 'Lic.', 'Licenciado en ciencias de la educación', 'Salgado Araujo', 'María del Rosario', 'Lic. María Salgado', 'Salgado Araujo María del Rosario', 'rosarios', 'TaHIxjHJ4C+3', '698332508.png', 'F', 0),
(15, 'MSc.', 'Master Universitario en Educación Bilingüe', 'Sanmartín Vásquez', 'Sandra Verónica', 'MSc. Sandra Sanmartín', 'Sanmartín Vásquez Sandra Verónica', 'veronicas', 'aaXcyDrM4n/3R/aBEKk+', '1912073487.jpg', 'F', 1),
(16, 'Lic.', 'Licenciado en ciencias de la educación', 'Trujillo Realpe', 'William Oswaldo', 'Lic. William Trujillo', 'Trujillo Realpe William Oswaldo', 'williamt', 'KvKW8D3J7Wc=', '576934223.jpg', 'M', 1),
(17, 'Lic.', 'Diploma Superior en Ciencias de la Educación', 'Zambrano Cedeño', 'Walter Adbón', 'Lic. Walter Zambrano', 'Zambrano Cedeño Walter Adbón', 'walterz', 'UqHWziDKsy62RQ==', '205265583.jpg', 'M', 1),
(22, 'Msc.', 'Técnico Pedagogo en Ciencias de la Educación', 'Peña Almache', 'Jaime Enrique', 'Msc. Jaime Peña', 'Peña Almache Jaime Enrique', 'jaimep', 'VSrKDPhxGTEJz3Pf', '1667431530.png', 'M', 0),
(26, 'Lic', 'Licenciada en Turismo Histórico Cultural', 'Jumbo Cumbicos', 'Diana Patricia', 'Lic Diana Jumbo', 'Jumbo Cumbicos Diana Patricia', 'dianaj', 'e6nPyTXvsy62RuyY', '1119124061.png', 'F', 1),
(31, 'Lic.', 'Licenciado en ciencias de la educación', 'Quijia Pilapaña', 'Jenny Mariela', 'Lic. Jenny Quijia', 'Quijia Pilapaña Jenny Mariela', 'jennyq', 'daXAyS3Usy62RpWZ', '1083051495.jpg', 'F', 1),
(33, 'Mr.', 'Secretaría de la Institución', 'Salamanca', 'Secretaria', 'Mr. Secretaria Salamanca', 'Salamanca Secretaria', 'secretaria', 'bKHCxjnE733lJvSDE84+Ag==', '1928343663.png', 'M', 1),
(34, 'MSc.', 'Licenciada en ciencias de la educación mención Ciencias sociales', 'Chicaiza Andachi', 'Irene Tatiana', 'MSc. Irene Chicaiza', 'Chicaiza Andachi Irene Tatiana', 'irenech', 'drLLyTHG6Sy0R/LgCw==', '1766936795.jpeg', 'F', 1),
(35, 'MSc.', 'Licenciada en Ciencias de Educación mención Lengua y Literatura', 'Lalama Pilla', 'Isabel Cristina', 'MSc. Isabel Lalama', 'Lalama Pilla Isabel Cristina', 'isabell', 'drPPxTHJ7Sy0R/LgCw==', '126627451.png', 'F', 1),
(36, 'Mr.', 'NN1 Ciencias Sociales', 'NN1', 'Sociales', 'Mr. Sociales NN1', 'NN1 Sociales', 'nn1sociales', 'ca6f1DvG6H/oELU=', '1284685113.png', 'M', 1);

-- --------------------------------------------------------

--
-- Estructura de tabla para la tabla `sw_usuario_perfil`
--

CREATE TABLE `sw_usuario_perfil` (
  `id_usuario` int(11) UNSIGNED NOT NULL,
  `id_perfil` int(11) UNSIGNED NOT NULL
) ENGINE=InnoDB DEFAULT CHARSET=latin1 COLLATE=latin1_swedish_ci;

--
-- Volcado de datos para la tabla `sw_usuario_perfil`
--

INSERT INTO `sw_usuario_perfil` (`id_usuario`, `id_perfil`) VALUES
(1, 1),
(2, 2),
(2, 7),
(3, 2),
(3, 7),
(4, 2),
(4, 7),
(5, 2),
(5, 5),
(5, 7),
(6, 2),
(6, 7),
(7, 2),
(7, 7),
(8, 2),
(8, 7),
(9, 2),
(9, 6),
(9, 7),
(10, 2),
(10, 7),
(11, 2),
(11, 6),
(12, 2),
(12, 7),
(13, 2),
(13, 7),
(14, 2),
(14, 7),
(15, 2),
(15, 3),
(15, 7),
(16, 2),
(16, 7),
(17, 2),
(17, 7),
(22, 7),
(22, 8),
(26, 2),
(26, 7),
(31, 2),
(31, 7),
(33, 3),
(34, 2),
(34, 7),
(35, 2),
(36, 2);

--
-- Índices para tablas volcadas
--

--
-- Indices de la tabla `sw_aporte_evaluacion`
--
ALTER TABLE `sw_aporte_evaluacion`
  ADD PRIMARY KEY (`id_aporte_evaluacion`),
  ADD KEY `id_periodo_evaluacion` (`id_periodo_evaluacion`),
  ADD KEY `id_tipo_aporte` (`id_tipo_aporte`);

--
-- Indices de la tabla `sw_aporte_paralelo_cierre`
--
ALTER TABLE `sw_aporte_paralelo_cierre`
  ADD PRIMARY KEY (`id_aporte_paralelo_cierre`),
  ADD KEY `sw_aporte_paralelo_cierre_id_aporte_evaluacion_foreign` (`id_aporte_evaluacion`),
  ADD KEY `sw_aporte_paralelo_cierre_id_paralelo_foreign` (`id_paralelo`);

--
-- Indices de la tabla `sw_area`
--
ALTER TABLE `sw_area`
  ADD PRIMARY KEY (`id_area`);

--
-- Indices de la tabla `sw_asignatura`
--
ALTER TABLE `sw_asignatura`
  ADD PRIMARY KEY (`id_asignatura`),
  ADD KEY `id_area` (`id_area`),
  ADD KEY `id_tipo_asignatura` (`id_tipo_asignatura`);

--
-- Indices de la tabla `sw_asignatura_curso`
--
ALTER TABLE `sw_asignatura_curso`
  ADD PRIMARY KEY (`id_asignatura_curso`),
  ADD KEY `sw_asignatura_curso_id_periodo_lectivo_foreign` (`id_periodo_lectivo`),
  ADD KEY `sw_asignatura_curso_id_curso_foreign` (`id_curso`),
  ADD KEY `sw_asignatura_curso_id_asignatura_foreign` (`id_asignatura`);

--
-- Indices de la tabla `sw_asistencia_estudiante`
--
ALTER TABLE `sw_asistencia_estudiante`
  ADD PRIMARY KEY (`id_asistencia_estudiante`),
  ADD KEY `id_estudiante` (`id_estudiante`,`id_asignatura`,`id_paralelo`,`id_inasistencia`),
  ADD KEY `id_asignatura` (`id_asignatura`),
  ADD KEY `id_paralelo` (`id_paralelo`),
  ADD KEY `id_inasistencia` (`id_inasistencia`),
  ADD KEY `sw_asistencia_estudiante_ibfk_1` (`id_hora_clase`);

--
-- Indices de la tabla `sw_asociar_curso_superior`
--
ALTER TABLE `sw_asociar_curso_superior`
  ADD PRIMARY KEY (`id_asociar_curso_superior`),
  ADD KEY `sw_asociar_curso_superior_id_periodo_lectivo_foreign` (`id_periodo_lectivo`),
  ADD KEY `sw_asociar_curso_superior_id_curso_inferior_foreign` (`id_curso_inferior`),
  ADD KEY `sw_asociar_curso_superior_id_curso_superior_foreign` (`id_curso_superior`);

--
-- Indices de la tabla `sw_calificacion_comportamiento`
--
ALTER TABLE `sw_calificacion_comportamiento`
  ADD KEY `id_paralelo` (`id_paralelo`,`id_estudiante`,`id_aporte_evaluacion`,`id_asignatura`),
  ADD KEY `id_aporte_evaluacion` (`id_aporte_evaluacion`),
  ADD KEY `id_asignatura` (`id_asignatura`),
  ADD KEY `id_estudiante` (`id_estudiante`);

--
-- Indices de la tabla `sw_choices`
--
ALTER TABLE `sw_choices`
  ADD PRIMARY KEY (`id`),
  ADD KEY `id_question` (`id_question`);

--
-- Indices de la tabla `sw_comentario`
--
ALTER TABLE `sw_comentario`
  ADD PRIMARY KEY (`id_comentario`);

--
-- Indices de la tabla `sw_config_rangos_supletorios`
--
ALTER TABLE `sw_config_rangos_supletorios`
  ADD PRIMARY KEY (`id`),
  ADD KEY `sw_config_rangos_supletorios_ibfk_1` (`id_periodo_evaluacion`),
  ADD KEY `id_periodo_lectivo` (`id_periodo_lectivo`);

--
-- Indices de la tabla `sw_criterio_estudiante`
--
ALTER TABLE `sw_criterio_estudiante`
  ADD PRIMARY KEY (`id_criterio_estudiante`),
  ADD KEY `id_rubrica_estudiante` (`id_rubrica_estudiante`),
  ADD KEY `id_criterio_personalizado` (`id_criterio_personalizado`);

--
-- Indices de la tabla `sw_criterio_evaluacion`
--
ALTER TABLE `sw_criterio_evaluacion`
  ADD PRIMARY KEY (`id_criterio_evaluacion`),
  ADD KEY `id_rubrica_evaluacion` (`id_rubrica_evaluacion`);

--
-- Indices de la tabla `sw_criterio_personalizado`
--
ALTER TABLE `sw_criterio_personalizado`
  ADD PRIMARY KEY (`id_criterio_personalizado`),
  ADD KEY `id_rubrica_evaluacion` (`id_rubrica_personalizada`),
  ADD KEY `id_rubrica_personalizada` (`id_rubrica_personalizada`);

--
-- Indices de la tabla `sw_cuestionario_paralelo`
--
ALTER TABLE `sw_cuestionario_paralelo`
  ADD PRIMARY KEY (`id`),
  ADD KEY `id_asignatura` (`id_asignatura`),
  ADD KEY `id_category` (`id_category`),
  ADD KEY `id_paralelo` (`id_paralelo`),
  ADD KEY `id_usuario` (`id_usuario`);

--
-- Indices de la tabla `sw_curso`
--
ALTER TABLE `sw_curso`
  ADD PRIMARY KEY (`id_curso`),
  ADD KEY `id_especialidad` (`id_especialidad`);

--
-- Indices de la tabla `sw_curso_superior`
--
ALTER TABLE `sw_curso_superior`
  ADD PRIMARY KEY (`id_curso_superior`);

--
-- Indices de la tabla `sw_def_genero`
--
ALTER TABLE `sw_def_genero`
  ADD PRIMARY KEY (`id_def_genero`);

--
-- Indices de la tabla `sw_def_nacionalidad`
--
ALTER TABLE `sw_def_nacionalidad`
  ADD PRIMARY KEY (`id_def_nacionalidad`);

--
-- Indices de la tabla `sw_distributivo`
--
ALTER TABLE `sw_distributivo`
  ADD PRIMARY KEY (`id_distributivo`),
  ADD KEY `sw_distributivo_id_periodo_lectivo_foreign` (`id_periodo_lectivo`),
  ADD KEY `sw_distributivo_id_malla_curricular_foreign` (`id_malla_curricular`),
  ADD KEY `sw_distributivo_id_paralelo_foreign` (`id_paralelo`),
  ADD KEY `sw_distributivo_id_asignatura_foreign` (`id_asignatura`),
  ADD KEY `sw_distributivo_id_usuario_foreign` (`id_usuario`);

--
-- Indices de la tabla `sw_escala_calificaciones`
--
ALTER TABLE `sw_escala_calificaciones`
  ADD PRIMARY KEY (`id_escala_calificaciones`),
  ADD KEY `id_periodo_lectivo` (`id_periodo_lectivo`);

--
-- Indices de la tabla `sw_escala_comportamiento`
--
ALTER TABLE `sw_escala_comportamiento`
  ADD PRIMARY KEY (`id_escala_comportamiento`);

--
-- Indices de la tabla `sw_especialidad`
--
ALTER TABLE `sw_especialidad`
  ADD PRIMARY KEY (`id_especialidad`),
  ADD KEY `id_tipo_educacion` (`id_tipo_educacion`);

--
-- Indices de la tabla `sw_estudiante`
--
ALTER TABLE `sw_estudiante`
  ADD PRIMARY KEY (`id_estudiante`),
  ADD KEY `sw_estudiante_id_tipo_documento_foreign` (`id_tipo_documento`),
  ADD KEY `sw_estudiante_id_def_genero_foreign` (`id_def_genero`),
  ADD KEY `sw_estudiante_id_def_nacionalidad_foreign` (`id_def_nacionalidad`);

--
-- Indices de la tabla `sw_estudiante_periodo_lectivo`
--
ALTER TABLE `sw_estudiante_periodo_lectivo`
  ADD PRIMARY KEY (`id_estudiante_periodo_lectivo`),
  ADD KEY `sw_estudiante_periodo_lectivo_id_estudiante_foreign` (`id_estudiante`),
  ADD KEY `sw_estudiante_periodo_lectivo_id_periodo_lectivo_foreign` (`id_periodo_lectivo`),
  ADD KEY `sw_estudiante_periodo_lectivo_id_paralelo_foreign` (`id_paralelo`);

--
-- Indices de la tabla `sw_exam_category`
--
ALTER TABLE `sw_exam_category`
  ADD PRIMARY KEY (`id`),
  ADD KEY `id_usuario` (`id_usuario`);

--
-- Indices de la tabla `sw_exam_results`
--
ALTER TABLE `sw_exam_results`
  ADD PRIMARY KEY (`id`);

--
-- Indices de la tabla `sw_horario`
--
ALTER TABLE `sw_horario`
  ADD PRIMARY KEY (`id_horario`),
  ADD KEY `sw_horario_id_asignatura_foreign` (`id_asignatura`),
  ADD KEY `sw_horario_id_paralelo_foreign` (`id_paralelo`),
  ADD KEY `sw_horario_id_dia_semana_foreign` (`id_dia_semana`),
  ADD KEY `sw_horario_id_hora_clase_foreign` (`id_hora_clase`),
  ADD KEY `sw_horario_id_usuario_foreign` (`id_usuario`);

--
-- Indices de la tabla `sw_horario_def`
--
ALTER TABLE `sw_horario_def`
  ADD PRIMARY KEY (`id_horario_def`),
  ADD KEY `id_periodo_lectivo` (`id_periodo_lectivo`);

--
-- Indices de la tabla `sw_hora_clase`
--
ALTER TABLE `sw_hora_clase`
  ADD PRIMARY KEY (`id_hora_clase`),
  ADD KEY `sw_hora_clase_id_periodo_lectivo_foreign` (`id_periodo_lectivo`);

--
-- Indices de la tabla `sw_hora_dia`
--
ALTER TABLE `sw_hora_dia`
  ADD PRIMARY KEY (`id_hora_dia`),
  ADD KEY `sw_hora_dia_id_dia_semana_foreign` (`id_dia_semana`),
  ADD KEY `sw_hora_dia_id_hora_clase_foreign` (`id_hora_clase`);

--
-- Indices de la tabla `sw_inasistencia`
--
ALTER TABLE `sw_inasistencia`
  ADD PRIMARY KEY (`id_inasistencia`);

--
-- Indices de la tabla `sw_institucion`
--
ALTER TABLE `sw_institucion`
  ADD PRIMARY KEY (`id_institucion`);

--
-- Indices de la tabla `sw_jornada`
--
ALTER TABLE `sw_jornada`
  ADD PRIMARY KEY (`id_jornada`);

--
-- Indices de la tabla `sw_malla_curricular`
--
ALTER TABLE `sw_malla_curricular`
  ADD PRIMARY KEY (`id_malla_curricular`),
  ADD KEY `sw_malla_curricular_id_periodo_lectivo_foreign` (`id_periodo_lectivo`),
  ADD KEY `sw_malla_curricular_id_curso_foreign` (`id_curso`),
  ADD KEY `sw_malla_curricular_id_asignatura_foreign` (`id_asignatura`);

--
-- Indices de la tabla `sw_menu`
--
ALTER TABLE `sw_menu`
  ADD PRIMARY KEY (`id_menu`),
  ADD KEY `id_perfil` (`id_perfil`);

--
-- Indices de la tabla `sw_menu_perfil`
--
ALTER TABLE `sw_menu_perfil`
  ADD KEY `fk_menu_perfil_menu` (`id_menu`),
  ADD KEY `fk_menu_perfil_perfil` (`id_perfil`);

--
-- Indices de la tabla `sw_modalidad`
--
ALTER TABLE `sw_modalidad`
  ADD PRIMARY KEY (`id_modalidad`);

--
-- Indices de la tabla `sw_notificacion`
--
ALTER TABLE `sw_notificacion`
  ADD PRIMARY KEY (`id_notificacion`);

--
-- Indices de la tabla `sw_paralelo`
--
ALTER TABLE `sw_paralelo`
  ADD PRIMARY KEY (`id_paralelo`),
  ADD KEY `sw_paralelo_curso` (`id_curso`),
  ADD KEY `sw_paralelo_periodo_lectivo` (`id_periodo_lectivo`),
  ADD KEY `sw_paralelo_jornada` (`id_jornada`);

--
-- Indices de la tabla `sw_paralelo_asignatura`
--
ALTER TABLE `sw_paralelo_asignatura`
  ADD PRIMARY KEY (`id_paralelo_asignatura`),
  ADD KEY `id_paralelo` (`id_paralelo`,`id_asignatura`),
  ADD KEY `id_asignatura` (`id_asignatura`),
  ADD KEY `id_usuario` (`id_usuario`),
  ADD KEY `id_periodo_lectivo` (`id_periodo_lectivo`);

--
-- Indices de la tabla `sw_paralelo_inspector`
--
ALTER TABLE `sw_paralelo_inspector`
  ADD PRIMARY KEY (`id_paralelo_inspector`),
  ADD KEY `sw_paralelo_inspector_id_periodo_lectivo_foreign` (`id_periodo_lectivo`),
  ADD KEY `sw_paralelo_inspector_id_paralelo_foreign` (`id_paralelo`),
  ADD KEY `sw_paralelo_inspector_id_usuario_foreign` (`id_usuario`);

--
-- Indices de la tabla `sw_paralelo_tutor`
--
ALTER TABLE `sw_paralelo_tutor`
  ADD PRIMARY KEY (`id_paralelo_tutor`),
  ADD KEY `id_periodo_lectivo` (`id_periodo_lectivo`),
  ADD KEY `id_paralelo` (`id_paralelo`),
  ADD KEY `id_usuario` (`id_usuario`);

--
-- Indices de la tabla `sw_perfil`
--
ALTER TABLE `sw_perfil`
  ADD PRIMARY KEY (`id_perfil`);

--
-- Indices de la tabla `sw_periodo_estado`
--
ALTER TABLE `sw_periodo_estado`
  ADD PRIMARY KEY (`id_periodo_estado`);

--
-- Indices de la tabla `sw_periodo_evaluacion`
--
ALTER TABLE `sw_periodo_evaluacion`
  ADD PRIMARY KEY (`id_periodo_evaluacion`),
  ADD KEY `id_periodo_lectivo` (`id_periodo_lectivo`),
  ADD KEY `id_tipo_periodo` (`id_tipo_periodo`);

--
-- Indices de la tabla `sw_periodo_evaluacion_curso`
--
ALTER TABLE `sw_periodo_evaluacion_curso`
  ADD PRIMARY KEY (`id_periodo_evaluacion_curso`),
  ADD KEY `id_periodo_evaluacion` (`id_periodo_evaluacion`);

--
-- Indices de la tabla `sw_periodo_lectivo`
--
ALTER TABLE `sw_periodo_lectivo`
  ADD PRIMARY KEY (`id_periodo_lectivo`),
  ADD KEY `id_modalidad` (`id_modalidad`);

--
-- Indices de la tabla `sw_por_hacer`
--
ALTER TABLE `sw_por_hacer`
  ADD PRIMARY KEY (`id`);

--
-- Indices de la tabla `sw_promedio_anual`
--
ALTER TABLE `sw_promedio_anual`
  ADD PRIMARY KEY (`id`);

--
-- Indices de la tabla `sw_promocion_automatica`
--
ALTER TABLE `sw_promocion_automatica`
  ADD PRIMARY KEY (`id_promocion_automatica`),
  ADD KEY `fk_promocion_automatica_periodo_lectivo` (`id_periodo_lectivo`);

--
-- Indices de la tabla `sw_questions`
--
ALTER TABLE `sw_questions`
  ADD PRIMARY KEY (`id`),
  ADD KEY `id_category` (`id_category`);

--
-- Indices de la tabla `sw_representante`
--
ALTER TABLE `sw_representante`
  ADD PRIMARY KEY (`id_representante`),
  ADD KEY `fk_representante_estudiante_idx` (`id_estudiante`);

--
-- Indices de la tabla `sw_rubrica_docente`
--
ALTER TABLE `sw_rubrica_docente`
  ADD KEY `id_rubrica_evaluacion` (`id_rubrica_evaluacion`,`id_criterio_personalizado`,`id_usuario`),
  ADD KEY `id_criterio_evaluacion` (`id_criterio_personalizado`),
  ADD KEY `id_docente` (`id_usuario`),
  ADD KEY `id_asignatura` (`id_asignatura`),
  ADD KEY `id_paralelo` (`id_paralelo`);

--
-- Indices de la tabla `sw_rubrica_estudiante`
--
ALTER TABLE `sw_rubrica_estudiante`
  ADD PRIMARY KEY (`id_rubrica_estudiante`),
  ADD KEY `id_estudiante` (`id_estudiante`),
  ADD KEY `id_paralelo` (`id_paralelo`),
  ADD KEY `id_asignatura` (`id_asignatura`),
  ADD KEY `id_rubrica_personalizada` (`id_rubrica_evaluacion`);

--
-- Indices de la tabla `sw_rubrica_evaluacion`
--
ALTER TABLE `sw_rubrica_evaluacion`
  ADD PRIMARY KEY (`id_rubrica_evaluacion`),
  ADD KEY `id_aporte_evaluacion` (`id_aporte_evaluacion`),
  ADD KEY `id_tipo_asignatura` (`id_tipo_asignatura`);

--
-- Indices de la tabla `sw_rubrica_personalizada`
--
ALTER TABLE `sw_rubrica_personalizada`
  ADD PRIMARY KEY (`id_rubrica_personalizada`),
  ADD KEY `id_rubrica_evaluacion` (`id_rubrica_evaluacion`,`id_usuario`),
  ADD KEY `id_asignatura` (`id_asignatura`),
  ADD KEY `id_usuario` (`id_usuario`),
  ADD KEY `id_paralelo` (`id_paralelo`);

--
-- Indices de la tabla `sw_supletorios_temp`
--
ALTER TABLE `sw_supletorios_temp`
  ADD PRIMARY KEY (`id`);

--
-- Indices de la tabla `sw_tipo_aporte`
--
ALTER TABLE `sw_tipo_aporte`
  ADD PRIMARY KEY (`id_tipo_aporte`);

--
-- Indices de la tabla `sw_tipo_asignatura`
--
ALTER TABLE `sw_tipo_asignatura`
  ADD PRIMARY KEY (`id_tipo_asignatura`);

--
-- Indices de la tabla `sw_tipo_documento`
--
ALTER TABLE `sw_tipo_documento`
  ADD PRIMARY KEY (`id_tipo_documento`);

--
-- Indices de la tabla `sw_tipo_educacion`
--
ALTER TABLE `sw_tipo_educacion`
  ADD PRIMARY KEY (`id_tipo_educacion`),
  ADD KEY `id_periodo_lectivo` (`id_periodo_lectivo`);

--
-- Indices de la tabla `sw_tipo_periodo`
--
ALTER TABLE `sw_tipo_periodo`
  ADD PRIMARY KEY (`id_tipo_periodo`);

--
-- Indices de la tabla `sw_usuario`
--
ALTER TABLE `sw_usuario`
  ADD PRIMARY KEY (`id_usuario`);

--
-- Indices de la tabla `sw_usuario_perfil`
--
ALTER TABLE `sw_usuario_perfil`
  ADD PRIMARY KEY (`id_usuario`,`id_perfil`),
  ADD KEY `id_perfil` (`id_perfil`),
  ADD KEY `id_usuario` (`id_usuario`);

--
-- AUTO_INCREMENT de las tablas volcadas
--

--
-- AUTO_INCREMENT de la tabla `sw_aporte_evaluacion`
--
ALTER TABLE `sw_aporte_evaluacion`
  MODIFY `id_aporte_evaluacion` int(11) UNSIGNED NOT NULL AUTO_INCREMENT, AUTO_INCREMENT=64;

--
-- AUTO_INCREMENT de la tabla `sw_aporte_paralelo_cierre`
--
ALTER TABLE `sw_aporte_paralelo_cierre`
  MODIFY `id_aporte_paralelo_cierre` int(11) UNSIGNED NOT NULL AUTO_INCREMENT, AUTO_INCREMENT=375;

--
-- AUTO_INCREMENT de la tabla `sw_area`
--
ALTER TABLE `sw_area`
  MODIFY `id_area` int(11) UNSIGNED NOT NULL AUTO_INCREMENT, AUTO_INCREMENT=15;

--
-- AUTO_INCREMENT de la tabla `sw_asignatura`
--
ALTER TABLE `sw_asignatura`
  MODIFY `id_asignatura` int(11) UNSIGNED NOT NULL AUTO_INCREMENT, AUTO_INCREMENT=29;

--
-- AUTO_INCREMENT de la tabla `sw_asignatura_curso`
--
ALTER TABLE `sw_asignatura_curso`
  MODIFY `id_asignatura_curso` int(11) UNSIGNED NOT NULL AUTO_INCREMENT, AUTO_INCREMENT=346;

--
-- AUTO_INCREMENT de la tabla `sw_asistencia_estudiante`
--
ALTER TABLE `sw_asistencia_estudiante`
  MODIFY `id_asistencia_estudiante` int(11) NOT NULL AUTO_INCREMENT, AUTO_INCREMENT=45;

--
-- AUTO_INCREMENT de la tabla `sw_asociar_curso_superior`
--
ALTER TABLE `sw_asociar_curso_superior`
  MODIFY `id_asociar_curso_superior` int(11) UNSIGNED NOT NULL AUTO_INCREMENT, AUTO_INCREMENT=15;

--
-- AUTO_INCREMENT de la tabla `sw_choices`
--
ALTER TABLE `sw_choices`
  MODIFY `id` int(11) NOT NULL AUTO_INCREMENT, AUTO_INCREMENT=165;

--
-- AUTO_INCREMENT de la tabla `sw_comentario`
--
ALTER TABLE `sw_comentario`
  MODIFY `id_comentario` int(11) NOT NULL AUTO_INCREMENT;

--
-- AUTO_INCREMENT de la tabla `sw_config_rangos_supletorios`
--
ALTER TABLE `sw_config_rangos_supletorios`
  MODIFY `id` int(11) NOT NULL AUTO_INCREMENT, AUTO_INCREMENT=7;

--
-- AUTO_INCREMENT de la tabla `sw_criterio_estudiante`
--
ALTER TABLE `sw_criterio_estudiante`
  MODIFY `id_criterio_estudiante` int(11) NOT NULL AUTO_INCREMENT;

--
-- AUTO_INCREMENT de la tabla `sw_criterio_evaluacion`
--
ALTER TABLE `sw_criterio_evaluacion`
  MODIFY `id_criterio_evaluacion` int(11) NOT NULL AUTO_INCREMENT, AUTO_INCREMENT=148;

--
-- AUTO_INCREMENT de la tabla `sw_criterio_personalizado`
--
ALTER TABLE `sw_criterio_personalizado`
  MODIFY `id_criterio_personalizado` int(11) NOT NULL AUTO_INCREMENT, AUTO_INCREMENT=26;

--
-- AUTO_INCREMENT de la tabla `sw_cuestionario_paralelo`
--
ALTER TABLE `sw_cuestionario_paralelo`
  MODIFY `id` int(11) NOT NULL AUTO_INCREMENT, AUTO_INCREMENT=6;

--
-- AUTO_INCREMENT de la tabla `sw_curso`
--
ALTER TABLE `sw_curso`
  MODIFY `id_curso` int(11) UNSIGNED NOT NULL AUTO_INCREMENT, AUTO_INCREMENT=40;

--
-- AUTO_INCREMENT de la tabla `sw_curso_superior`
--
ALTER TABLE `sw_curso_superior`
  MODIFY `id_curso_superior` int(11) NOT NULL AUTO_INCREMENT, AUTO_INCREMENT=9;

--
-- AUTO_INCREMENT de la tabla `sw_def_genero`
--
ALTER TABLE `sw_def_genero`
  MODIFY `id_def_genero` int(11) UNSIGNED NOT NULL AUTO_INCREMENT, AUTO_INCREMENT=3;

--
-- AUTO_INCREMENT de la tabla `sw_def_nacionalidad`
--
ALTER TABLE `sw_def_nacionalidad`
  MODIFY `id_def_nacionalidad` int(11) UNSIGNED NOT NULL AUTO_INCREMENT, AUTO_INCREMENT=5;

--
-- AUTO_INCREMENT de la tabla `sw_distributivo`
--
ALTER TABLE `sw_distributivo`
  MODIFY `id_distributivo` int(11) UNSIGNED NOT NULL AUTO_INCREMENT, AUTO_INCREMENT=285;

--
-- AUTO_INCREMENT de la tabla `sw_escala_calificaciones`
--
ALTER TABLE `sw_escala_calificaciones`
  MODIFY `id_escala_calificaciones` int(11) UNSIGNED NOT NULL AUTO_INCREMENT, AUTO_INCREMENT=20;

--
-- AUTO_INCREMENT de la tabla `sw_escala_comportamiento`
--
ALTER TABLE `sw_escala_comportamiento`
  MODIFY `id_escala_comportamiento` int(11) NOT NULL AUTO_INCREMENT, AUTO_INCREMENT=7;

--
-- AUTO_INCREMENT de la tabla `sw_especialidad`
--
ALTER TABLE `sw_especialidad`
  MODIFY `id_especialidad` int(11) UNSIGNED NOT NULL AUTO_INCREMENT, AUTO_INCREMENT=16;

--
-- AUTO_INCREMENT de la tabla `sw_estudiante`
--
ALTER TABLE `sw_estudiante`
  MODIFY `id_estudiante` int(11) UNSIGNED NOT NULL AUTO_INCREMENT, AUTO_INCREMENT=446;

--
-- AUTO_INCREMENT de la tabla `sw_estudiante_periodo_lectivo`
--
ALTER TABLE `sw_estudiante_periodo_lectivo`
  MODIFY `id_estudiante_periodo_lectivo` int(11) UNSIGNED NOT NULL AUTO_INCREMENT, AUTO_INCREMENT=463;

--
-- AUTO_INCREMENT de la tabla `sw_exam_category`
--
ALTER TABLE `sw_exam_category`
  MODIFY `id` int(5) NOT NULL AUTO_INCREMENT, AUTO_INCREMENT=6;

--
-- AUTO_INCREMENT de la tabla `sw_exam_results`
--
ALTER TABLE `sw_exam_results`
  MODIFY `id` int(5) NOT NULL AUTO_INCREMENT;

--
-- AUTO_INCREMENT de la tabla `sw_horario`
--
ALTER TABLE `sw_horario`
  MODIFY `id_horario` int(11) UNSIGNED NOT NULL AUTO_INCREMENT, AUTO_INCREMENT=371;

--
-- AUTO_INCREMENT de la tabla `sw_horario_def`
--
ALTER TABLE `sw_horario_def`
  MODIFY `id_horario_def` int(11) NOT NULL AUTO_INCREMENT;

--
-- AUTO_INCREMENT de la tabla `sw_hora_clase`
--
ALTER TABLE `sw_hora_clase`
  MODIFY `id_hora_clase` int(11) UNSIGNED NOT NULL AUTO_INCREMENT, AUTO_INCREMENT=20;

--
-- AUTO_INCREMENT de la tabla `sw_hora_dia`
--
ALTER TABLE `sw_hora_dia`
  MODIFY `id_hora_dia` int(11) UNSIGNED NOT NULL AUTO_INCREMENT, AUTO_INCREMENT=86;

--
-- AUTO_INCREMENT de la tabla `sw_inasistencia`
--
ALTER TABLE `sw_inasistencia`
  MODIFY `id_inasistencia` int(11) NOT NULL AUTO_INCREMENT, AUTO_INCREMENT=5;

--
-- AUTO_INCREMENT de la tabla `sw_institucion`
--
ALTER TABLE `sw_institucion`
  MODIFY `id_institucion` int(11) NOT NULL AUTO_INCREMENT, AUTO_INCREMENT=2;

--
-- AUTO_INCREMENT de la tabla `sw_jornada`
--
ALTER TABLE `sw_jornada`
  MODIFY `id_jornada` int(11) NOT NULL AUTO_INCREMENT, AUTO_INCREMENT=4;

--
-- AUTO_INCREMENT de la tabla `sw_malla_curricular`
--
ALTER TABLE `sw_malla_curricular`
  MODIFY `id_malla_curricular` int(11) UNSIGNED NOT NULL AUTO_INCREMENT, AUTO_INCREMENT=284;

--
-- AUTO_INCREMENT de la tabla `sw_menu`
--
ALTER TABLE `sw_menu`
  MODIFY `id_menu` int(11) NOT NULL AUTO_INCREMENT, AUTO_INCREMENT=273;

--
-- AUTO_INCREMENT de la tabla `sw_modalidad`
--
ALTER TABLE `sw_modalidad`
  MODIFY `id_modalidad` int(11) UNSIGNED NOT NULL AUTO_INCREMENT, AUTO_INCREMENT=5;

--
-- AUTO_INCREMENT de la tabla `sw_notificacion`
--
ALTER TABLE `sw_notificacion`
  MODIFY `id_notificacion` int(11) NOT NULL AUTO_INCREMENT, AUTO_INCREMENT=2;

--
-- AUTO_INCREMENT de la tabla `sw_paralelo`
--
ALTER TABLE `sw_paralelo`
  MODIFY `id_paralelo` int(11) UNSIGNED NOT NULL AUTO_INCREMENT, AUTO_INCREMENT=42;

--
-- AUTO_INCREMENT de la tabla `sw_paralelo_asignatura`
--
ALTER TABLE `sw_paralelo_asignatura`
  MODIFY `id_paralelo_asignatura` int(11) NOT NULL AUTO_INCREMENT;

--
-- AUTO_INCREMENT de la tabla `sw_paralelo_inspector`
--
ALTER TABLE `sw_paralelo_inspector`
  MODIFY `id_paralelo_inspector` int(11) UNSIGNED NOT NULL AUTO_INCREMENT, AUTO_INCREMENT=23;

--
-- AUTO_INCREMENT de la tabla `sw_paralelo_tutor`
--
ALTER TABLE `sw_paralelo_tutor`
  MODIFY `id_paralelo_tutor` int(11) UNSIGNED NOT NULL AUTO_INCREMENT, AUTO_INCREMENT=20;

--
-- AUTO_INCREMENT de la tabla `sw_perfil`
--
ALTER TABLE `sw_perfil`
  MODIFY `id_perfil` int(11) UNSIGNED NOT NULL AUTO_INCREMENT, AUTO_INCREMENT=13;

--
-- AUTO_INCREMENT de la tabla `sw_periodo_estado`
--
ALTER TABLE `sw_periodo_estado`
  MODIFY `id_periodo_estado` int(11) UNSIGNED NOT NULL AUTO_INCREMENT, AUTO_INCREMENT=3;

--
-- AUTO_INCREMENT de la tabla `sw_periodo_evaluacion`
--
ALTER TABLE `sw_periodo_evaluacion`
  MODIFY `id_periodo_evaluacion` int(11) UNSIGNED NOT NULL AUTO_INCREMENT, AUTO_INCREMENT=38;

--
-- AUTO_INCREMENT de la tabla `sw_periodo_evaluacion_curso`
--
ALTER TABLE `sw_periodo_evaluacion_curso`
  MODIFY `id_periodo_evaluacion_curso` int(11) NOT NULL AUTO_INCREMENT, AUTO_INCREMENT=31;

--
-- AUTO_INCREMENT de la tabla `sw_periodo_lectivo`
--
ALTER TABLE `sw_periodo_lectivo`
  MODIFY `id_periodo_lectivo` int(11) UNSIGNED NOT NULL AUTO_INCREMENT, AUTO_INCREMENT=12;

--
-- AUTO_INCREMENT de la tabla `sw_por_hacer`
--
ALTER TABLE `sw_por_hacer`
  MODIFY `id` int(11) NOT NULL AUTO_INCREMENT, AUTO_INCREMENT=28;

--
-- AUTO_INCREMENT de la tabla `sw_promedio_anual`
--
ALTER TABLE `sw_promedio_anual`
  MODIFY `id` int(11) NOT NULL AUTO_INCREMENT, AUTO_INCREMENT=304;

--
-- AUTO_INCREMENT de la tabla `sw_promocion_automatica`
--
ALTER TABLE `sw_promocion_automatica`
  MODIFY `id_promocion_automatica` int(11) NOT NULL AUTO_INCREMENT, AUTO_INCREMENT=2;

--
-- AUTO_INCREMENT de la tabla `sw_questions`
--
ALTER TABLE `sw_questions`
  MODIFY `id` int(5) NOT NULL AUTO_INCREMENT, AUTO_INCREMENT=53;

--
-- AUTO_INCREMENT de la tabla `sw_representante`
--
ALTER TABLE `sw_representante`
  MODIFY `id_representante` int(11) NOT NULL AUTO_INCREMENT;

--
-- AUTO_INCREMENT de la tabla `sw_rubrica_estudiante`
--
ALTER TABLE `sw_rubrica_estudiante`
  MODIFY `id_rubrica_estudiante` int(11) NOT NULL AUTO_INCREMENT, AUTO_INCREMENT=4946;

--
-- AUTO_INCREMENT de la tabla `sw_rubrica_evaluacion`
--
ALTER TABLE `sw_rubrica_evaluacion`
  MODIFY `id_rubrica_evaluacion` int(11) NOT NULL AUTO_INCREMENT, AUTO_INCREMENT=52;

--
-- AUTO_INCREMENT de la tabla `sw_rubrica_personalizada`
--
ALTER TABLE `sw_rubrica_personalizada`
  MODIFY `id_rubrica_personalizada` int(11) NOT NULL AUTO_INCREMENT, AUTO_INCREMENT=10;

--
-- AUTO_INCREMENT de la tabla `sw_supletorios_temp`
--
ALTER TABLE `sw_supletorios_temp`
  MODIFY `id` int(11) NOT NULL AUTO_INCREMENT, AUTO_INCREMENT=137;

--
-- AUTO_INCREMENT de la tabla `sw_tipo_aporte`
--
ALTER TABLE `sw_tipo_aporte`
  MODIFY `id_tipo_aporte` int(11) UNSIGNED NOT NULL AUTO_INCREMENT, AUTO_INCREMENT=7;

--
-- AUTO_INCREMENT de la tabla `sw_tipo_asignatura`
--
ALTER TABLE `sw_tipo_asignatura`
  MODIFY `id_tipo_asignatura` int(11) UNSIGNED NOT NULL AUTO_INCREMENT, AUTO_INCREMENT=3;

--
-- AUTO_INCREMENT de la tabla `sw_tipo_documento`
--
ALTER TABLE `sw_tipo_documento`
  MODIFY `id_tipo_documento` int(11) UNSIGNED NOT NULL AUTO_INCREMENT, AUTO_INCREMENT=5;

--
-- AUTO_INCREMENT de la tabla `sw_tipo_educacion`
--
ALTER TABLE `sw_tipo_educacion`
  MODIFY `id_tipo_educacion` int(11) UNSIGNED NOT NULL AUTO_INCREMENT, AUTO_INCREMENT=15;

--
-- AUTO_INCREMENT de la tabla `sw_tipo_periodo`
--
ALTER TABLE `sw_tipo_periodo`
  MODIFY `id_tipo_periodo` int(11) UNSIGNED NOT NULL AUTO_INCREMENT, AUTO_INCREMENT=8;

--
-- AUTO_INCREMENT de la tabla `sw_usuario`
--
ALTER TABLE `sw_usuario`
  MODIFY `id_usuario` int(11) UNSIGNED NOT NULL AUTO_INCREMENT, AUTO_INCREMENT=37;

--
-- Restricciones para tablas volcadas
--

--
-- Filtros para la tabla `sw_aporte_evaluacion`
--
ALTER TABLE `sw_aporte_evaluacion`
  ADD CONSTRAINT `sw_aporte_evaluacion_ibfk_1` FOREIGN KEY (`id_periodo_evaluacion`) REFERENCES `sw_periodo_evaluacion` (`id_periodo_evaluacion`),
  ADD CONSTRAINT `sw_aporte_evaluacion_ibfk_2` FOREIGN KEY (`id_tipo_aporte`) REFERENCES `sw_tipo_aporte` (`id_tipo_aporte`);

--
-- Filtros para la tabla `sw_aporte_paralelo_cierre`
--
ALTER TABLE `sw_aporte_paralelo_cierre`
  ADD CONSTRAINT `sw_aporte_paralelo_cierre_id_aporte_evaluacion_foreign` FOREIGN KEY (`id_aporte_evaluacion`) REFERENCES `sw_aporte_evaluacion` (`id_aporte_evaluacion`) ON DELETE CASCADE,
  ADD CONSTRAINT `sw_aporte_paralelo_cierre_id_paralelo_foreign` FOREIGN KEY (`id_paralelo`) REFERENCES `sw_paralelo` (`id_paralelo`) ON DELETE CASCADE;

--
-- Filtros para la tabla `sw_asignatura`
--
ALTER TABLE `sw_asignatura`
  ADD CONSTRAINT `sw_asignatura_ibfk_1` FOREIGN KEY (`id_area`) REFERENCES `sw_area` (`id_area`),
  ADD CONSTRAINT `sw_asignatura_ibfk_2` FOREIGN KEY (`id_tipo_asignatura`) REFERENCES `sw_tipo_asignatura` (`id_tipo_asignatura`);

--
-- Filtros para la tabla `sw_asignatura_curso`
--
ALTER TABLE `sw_asignatura_curso`
  ADD CONSTRAINT `sw_asignatura_curso_ibfk_1` FOREIGN KEY (`id_periodo_lectivo`) REFERENCES `sw_periodo_lectivo` (`id_periodo_lectivo`),
  ADD CONSTRAINT `sw_asignatura_curso_ibfk_2` FOREIGN KEY (`id_curso`) REFERENCES `sw_curso` (`id_curso`),
  ADD CONSTRAINT `sw_asignatura_curso_ibfk_3` FOREIGN KEY (`id_asignatura`) REFERENCES `sw_asignatura` (`id_asignatura`);

--
-- Filtros para la tabla `sw_asistencia_estudiante`
--
ALTER TABLE `sw_asistencia_estudiante`
  ADD CONSTRAINT `sw_asistencia_estudiante_ibfk_1` FOREIGN KEY (`id_estudiante`) REFERENCES `sw_estudiante` (`id_estudiante`),
  ADD CONSTRAINT `sw_asistencia_estudiante_ibfk_2` FOREIGN KEY (`id_asignatura`) REFERENCES `sw_estudiante` (`id_estudiante`),
  ADD CONSTRAINT `sw_asistencia_estudiante_ibfk_3` FOREIGN KEY (`id_paralelo`) REFERENCES `sw_paralelo` (`id_paralelo`),
  ADD CONSTRAINT `sw_asistencia_estudiante_ibfk_4` FOREIGN KEY (`id_hora_clase`) REFERENCES `sw_hora_clase` (`id_hora_clase`);

--
-- Filtros para la tabla `sw_asociar_curso_superior`
--
ALTER TABLE `sw_asociar_curso_superior`
  ADD CONSTRAINT `sw_asociar_curso_superior_id_curso_inferior_foreign` FOREIGN KEY (`id_curso_inferior`) REFERENCES `sw_curso` (`id_curso`),
  ADD CONSTRAINT `sw_asociar_curso_superior_id_curso_superior_foreign` FOREIGN KEY (`id_curso_superior`) REFERENCES `sw_curso` (`id_curso`),
  ADD CONSTRAINT `sw_asociar_curso_superior_id_periodo_lectivo_foreign` FOREIGN KEY (`id_periodo_lectivo`) REFERENCES `sw_periodo_lectivo` (`id_periodo_lectivo`);

--
-- Filtros para la tabla `sw_calificacion_comportamiento`
--
ALTER TABLE `sw_calificacion_comportamiento`
  ADD CONSTRAINT `sw_calificacion_comportamiento_ibfk_1` FOREIGN KEY (`id_aporte_evaluacion`) REFERENCES `sw_aporte_evaluacion` (`id_aporte_evaluacion`),
  ADD CONSTRAINT `sw_calificacion_comportamiento_ibfk_2` FOREIGN KEY (`id_asignatura`) REFERENCES `sw_asignatura` (`id_asignatura`),
  ADD CONSTRAINT `sw_calificacion_comportamiento_ibfk_3` FOREIGN KEY (`id_estudiante`) REFERENCES `sw_estudiante` (`id_estudiante`),
  ADD CONSTRAINT `sw_calificacion_comportamiento_ibfk_4` FOREIGN KEY (`id_paralelo`) REFERENCES `sw_paralelo` (`id_paralelo`);

--
-- Filtros para la tabla `sw_choices`
--
ALTER TABLE `sw_choices`
  ADD CONSTRAINT `sw_choices_ibfk_1` FOREIGN KEY (`id_question`) REFERENCES `sw_questions` (`id`);

--
-- Filtros para la tabla `sw_config_rangos_supletorios`
--
ALTER TABLE `sw_config_rangos_supletorios`
  ADD CONSTRAINT `sw_config_rangos_supletorios_ibfk_1` FOREIGN KEY (`id_periodo_evaluacion`) REFERENCES `sw_periodo_evaluacion` (`id_periodo_evaluacion`),
  ADD CONSTRAINT `sw_config_rangos_supletorios_ibfk_2` FOREIGN KEY (`id_periodo_lectivo`) REFERENCES `sw_periodo_lectivo` (`id_periodo_lectivo`);

--
-- Filtros para la tabla `sw_criterio_estudiante`
--
ALTER TABLE `sw_criterio_estudiante`
  ADD CONSTRAINT `sw_criterio_estudiante_ibfk_1` FOREIGN KEY (`id_rubrica_estudiante`) REFERENCES `sw_rubrica_estudiante` (`id_rubrica_estudiante`),
  ADD CONSTRAINT `sw_criterio_estudiante_ibfk_2` FOREIGN KEY (`id_criterio_personalizado`) REFERENCES `sw_criterio_personalizado` (`id_criterio_personalizado`);

--
-- Filtros para la tabla `sw_cuestionario_paralelo`
--
ALTER TABLE `sw_cuestionario_paralelo`
  ADD CONSTRAINT `sw_cuestionario_paralelo_ibfk_1` FOREIGN KEY (`id_asignatura`) REFERENCES `sw_asignatura` (`id_asignatura`),
  ADD CONSTRAINT `sw_cuestionario_paralelo_ibfk_2` FOREIGN KEY (`id_category`) REFERENCES `sw_exam_category` (`id`),
  ADD CONSTRAINT `sw_cuestionario_paralelo_ibfk_3` FOREIGN KEY (`id_paralelo`) REFERENCES `sw_paralelo` (`id_paralelo`),
  ADD CONSTRAINT `sw_cuestionario_paralelo_ibfk_4` FOREIGN KEY (`id_usuario`) REFERENCES `sw_usuario` (`id_usuario`);

--
-- Filtros para la tabla `sw_curso`
--
ALTER TABLE `sw_curso`
  ADD CONSTRAINT `sw_curso_especialidad` FOREIGN KEY (`id_especialidad`) REFERENCES `sw_especialidad` (`id_especialidad`);

--
-- Filtros para la tabla `sw_distributivo`
--
ALTER TABLE `sw_distributivo`
  ADD CONSTRAINT `sw_distributivo_id_asignatura_foreign` FOREIGN KEY (`id_asignatura`) REFERENCES `sw_asignatura` (`id_asignatura`),
  ADD CONSTRAINT `sw_distributivo_id_malla_curricular_foreign` FOREIGN KEY (`id_malla_curricular`) REFERENCES `sw_malla_curricular` (`id_malla_curricular`),
  ADD CONSTRAINT `sw_distributivo_id_paralelo_foreign` FOREIGN KEY (`id_paralelo`) REFERENCES `sw_paralelo` (`id_paralelo`),
  ADD CONSTRAINT `sw_distributivo_id_periodo_lectivo_foreign` FOREIGN KEY (`id_periodo_lectivo`) REFERENCES `sw_periodo_lectivo` (`id_periodo_lectivo`),
  ADD CONSTRAINT `sw_distributivo_id_usuario_foreign` FOREIGN KEY (`id_usuario`) REFERENCES `sw_usuario` (`id_usuario`);

--
-- Filtros para la tabla `sw_escala_calificaciones`
--
ALTER TABLE `sw_escala_calificaciones`
  ADD CONSTRAINT `sw_escala_calificaciones_ibfk_1` FOREIGN KEY (`id_periodo_lectivo`) REFERENCES `sw_periodo_lectivo` (`id_periodo_lectivo`);

--
-- Filtros para la tabla `sw_especialidad`
--
ALTER TABLE `sw_especialidad`
  ADD CONSTRAINT `sw_especialidad_tipo_educacion` FOREIGN KEY (`id_tipo_educacion`) REFERENCES `sw_tipo_educacion` (`id_tipo_educacion`);

--
-- Filtros para la tabla `sw_estudiante`
--
ALTER TABLE `sw_estudiante`
  ADD CONSTRAINT `sw_estudiante_id_def_genero_foreign` FOREIGN KEY (`id_def_genero`) REFERENCES `sw_def_genero` (`id_def_genero`),
  ADD CONSTRAINT `sw_estudiante_id_def_nacionalidad_foreign` FOREIGN KEY (`id_def_nacionalidad`) REFERENCES `sw_def_nacionalidad` (`id_def_nacionalidad`),
  ADD CONSTRAINT `sw_estudiante_id_tipo_documento_foreign` FOREIGN KEY (`id_tipo_documento`) REFERENCES `sw_tipo_documento` (`id_tipo_documento`);

--
-- Filtros para la tabla `sw_estudiante_periodo_lectivo`
--
ALTER TABLE `sw_estudiante_periodo_lectivo`
  ADD CONSTRAINT `sw_estudiante_periodo_lectivo_ibfk_1` FOREIGN KEY (`id_estudiante`) REFERENCES `sw_estudiante` (`id_estudiante`),
  ADD CONSTRAINT `sw_estudiante_periodo_lectivo_id_paralelo_foreign` FOREIGN KEY (`id_paralelo`) REFERENCES `sw_paralelo` (`id_paralelo`),
  ADD CONSTRAINT `sw_estudiante_periodo_lectivo_id_periodo_lectivo_foreign` FOREIGN KEY (`id_periodo_lectivo`) REFERENCES `sw_periodo_lectivo` (`id_periodo_lectivo`);

--
-- Filtros para la tabla `sw_horario`
--
ALTER TABLE `sw_horario`
  ADD CONSTRAINT `sw_horario_id_asignatura_foreign` FOREIGN KEY (`id_asignatura`) REFERENCES `sw_asignatura` (`id_asignatura`),
  ADD CONSTRAINT `sw_horario_id_dia_semana_foreign` FOREIGN KEY (`id_dia_semana`) REFERENCES `sw_dia_semana` (`id_dia_semana`),
  ADD CONSTRAINT `sw_horario_id_hora_clase_foreign` FOREIGN KEY (`id_hora_clase`) REFERENCES `sw_hora_clase` (`id_hora_clase`),
  ADD CONSTRAINT `sw_horario_id_paralelo_foreign` FOREIGN KEY (`id_paralelo`) REFERENCES `sw_paralelo` (`id_paralelo`),
  ADD CONSTRAINT `sw_horario_id_usuario_foreign` FOREIGN KEY (`id_usuario`) REFERENCES `sw_usuario` (`id_usuario`);

--
-- Filtros para la tabla `sw_horario_def`
--
ALTER TABLE `sw_horario_def`
  ADD CONSTRAINT `sw_horario_def_ibfk_1` FOREIGN KEY (`id_periodo_lectivo`) REFERENCES `sw_periodo_lectivo` (`id_periodo_lectivo`);

--
-- Filtros para la tabla `sw_hora_clase`
--
ALTER TABLE `sw_hora_clase`
  ADD CONSTRAINT `sw_hora_clase_id_periodo_lectivo_foreign` FOREIGN KEY (`id_periodo_lectivo`) REFERENCES `sw_periodo_lectivo` (`id_periodo_lectivo`);

--
-- Filtros para la tabla `sw_hora_dia`
--
ALTER TABLE `sw_hora_dia`
  ADD CONSTRAINT `sw_hora_dia_id_dia_semana_foreign` FOREIGN KEY (`id_dia_semana`) REFERENCES `sw_dia_semana` (`id_dia_semana`),
  ADD CONSTRAINT `sw_hora_dia_id_hora_clase_foreign` FOREIGN KEY (`id_hora_clase`) REFERENCES `sw_hora_clase` (`id_hora_clase`);

--
-- Filtros para la tabla `sw_malla_curricular`
--
ALTER TABLE `sw_malla_curricular`
  ADD CONSTRAINT `sw_malla_curricular_id_asignatura_foreign` FOREIGN KEY (`id_asignatura`) REFERENCES `sw_asignatura` (`id_asignatura`),
  ADD CONSTRAINT `sw_malla_curricular_id_curso_foreign` FOREIGN KEY (`id_curso`) REFERENCES `sw_curso` (`id_curso`),
  ADD CONSTRAINT `sw_malla_curricular_id_periodo_lectivo_foreign` FOREIGN KEY (`id_periodo_lectivo`) REFERENCES `sw_periodo_lectivo` (`id_periodo_lectivo`);

--
-- Filtros para la tabla `sw_menu_perfil`
--
ALTER TABLE `sw_menu_perfil`
  ADD CONSTRAINT `sw_menu_perfil_ibfk_1` FOREIGN KEY (`id_menu`) REFERENCES `sw_menu` (`id_menu`) ON DELETE CASCADE ON UPDATE CASCADE;

--
-- Filtros para la tabla `sw_paralelo`
--
ALTER TABLE `sw_paralelo`
  ADD CONSTRAINT `sw_paralelo_curso` FOREIGN KEY (`id_curso`) REFERENCES `sw_curso` (`id_curso`),
  ADD CONSTRAINT `sw_paralelo_jornada` FOREIGN KEY (`id_jornada`) REFERENCES `sw_jornada` (`id_jornada`),
  ADD CONSTRAINT `sw_paralelo_periodo_lectivo` FOREIGN KEY (`id_periodo_lectivo`) REFERENCES `sw_periodo_lectivo` (`id_periodo_lectivo`);

--
-- Filtros para la tabla `sw_paralelo_inspector`
--
ALTER TABLE `sw_paralelo_inspector`
  ADD CONSTRAINT `sw_paralelo_inspector_id_paralelo_foreign` FOREIGN KEY (`id_paralelo`) REFERENCES `sw_paralelo` (`id_paralelo`),
  ADD CONSTRAINT `sw_paralelo_inspector_id_periodo_lectivo_foreign` FOREIGN KEY (`id_periodo_lectivo`) REFERENCES `sw_periodo_lectivo` (`id_periodo_lectivo`),
  ADD CONSTRAINT `sw_paralelo_inspector_id_usuario_foreign` FOREIGN KEY (`id_usuario`) REFERENCES `sw_usuario` (`id_usuario`);

--
-- Filtros para la tabla `sw_paralelo_tutor`
--
ALTER TABLE `sw_paralelo_tutor`
  ADD CONSTRAINT `sw_paralelo_tutor_ibfk_1` FOREIGN KEY (`id_periodo_lectivo`) REFERENCES `sw_periodo_lectivo` (`id_periodo_lectivo`),
  ADD CONSTRAINT `sw_paralelo_tutor_ibfk_2` FOREIGN KEY (`id_paralelo`) REFERENCES `sw_paralelo` (`id_paralelo`),
  ADD CONSTRAINT `sw_paralelo_tutor_ibfk_3` FOREIGN KEY (`id_usuario`) REFERENCES `sw_usuario` (`id_usuario`);

--
-- Filtros para la tabla `sw_periodo_evaluacion`
--
ALTER TABLE `sw_periodo_evaluacion`
  ADD CONSTRAINT `sw_periodo_evaluacion_ibfk_1` FOREIGN KEY (`id_tipo_periodo`) REFERENCES `sw_tipo_periodo` (`id_tipo_periodo`);

--
-- Filtros para la tabla `sw_periodo_lectivo`
--
ALTER TABLE `sw_periodo_lectivo`
  ADD CONSTRAINT `sw_periodo_lectivo_ibfk_1` FOREIGN KEY (`id_modalidad`) REFERENCES `sw_modalidad` (`id_modalidad`);

--
-- Filtros para la tabla `sw_promocion_automatica`
--
ALTER TABLE `sw_promocion_automatica`
  ADD CONSTRAINT `fk_promocion_automatica_periodo_lectivo` FOREIGN KEY (`id_periodo_lectivo`) REFERENCES `sw_periodo_lectivo` (`id_periodo_lectivo`);

--
-- Filtros para la tabla `sw_questions`
--
ALTER TABLE `sw_questions`
  ADD CONSTRAINT `sw_questions_ibfk_1` FOREIGN KEY (`id_category`) REFERENCES `sw_exam_category` (`id`);

--
-- Filtros para la tabla `sw_representante`
--
ALTER TABLE `sw_representante`
  ADD CONSTRAINT `sw_representante_ibfk_1` FOREIGN KEY (`id_estudiante`) REFERENCES `sw_estudiante` (`id_estudiante`);

--
-- Filtros para la tabla `sw_rubrica_estudiante`
--
ALTER TABLE `sw_rubrica_estudiante`
  ADD CONSTRAINT `sw_rubrica_estudiante_ibfk_1` FOREIGN KEY (`id_asignatura`) REFERENCES `sw_asignatura` (`id_asignatura`),
  ADD CONSTRAINT `sw_rubrica_estudiante_ibfk_2` FOREIGN KEY (`id_estudiante`) REFERENCES `sw_estudiante` (`id_estudiante`),
  ADD CONSTRAINT `sw_rubrica_estudiante_ibfk_3` FOREIGN KEY (`id_paralelo`) REFERENCES `sw_paralelo` (`id_paralelo`),
  ADD CONSTRAINT `sw_rubrica_estudiante_ibfk_4` FOREIGN KEY (`id_rubrica_evaluacion`) REFERENCES `sw_rubrica_evaluacion` (`id_rubrica_evaluacion`);

--
-- Filtros para la tabla `sw_rubrica_evaluacion`
--
ALTER TABLE `sw_rubrica_evaluacion`
  ADD CONSTRAINT `sw_rubrica_evaluacion_ibfk_1` FOREIGN KEY (`id_aporte_evaluacion`) REFERENCES `sw_aporte_evaluacion` (`id_aporte_evaluacion`),
  ADD CONSTRAINT `sw_rubrica_evaluacion_ibfk_2` FOREIGN KEY (`id_tipo_asignatura`) REFERENCES `sw_tipo_asignatura` (`id_tipo_asignatura`);

--
-- Filtros para la tabla `sw_tipo_educacion`
--
ALTER TABLE `sw_tipo_educacion`
  ADD CONSTRAINT `sw_tipo_educacion_periodo_lectivo` FOREIGN KEY (`id_periodo_lectivo`) REFERENCES `sw_periodo_lectivo` (`id_periodo_lectivo`);

--
-- Filtros para la tabla `sw_usuario_perfil`
--
ALTER TABLE `sw_usuario_perfil`
  ADD CONSTRAINT `sw_usuario_perfil_ibfk_1` FOREIGN KEY (`id_usuario`) REFERENCES `sw_usuario` (`id_usuario`) ON DELETE CASCADE,
  ADD CONSTRAINT `sw_usuario_perfil_ibfk_2` FOREIGN KEY (`id_perfil`) REFERENCES `sw_perfil` (`id_perfil`);
COMMIT;

/*!40101 SET CHARACTER_SET_CLIENT=@OLD_CHARACTER_SET_CLIENT */;
/*!40101 SET CHARACTER_SET_RESULTS=@OLD_CHARACTER_SET_RESULTS */;
/*!40101 SET COLLATION_CONNECTION=@OLD_COLLATION_CONNECTION */;
